start_time,finish_time,experiment_item,parameter_configuration_number,parameter_configuration_file_name,stl_requirement,runaway_min_robustness_overall,runaway_max_robustness_overall,runaway_average_robustness_overall,runaway_cumulative_robustness_overall,runaway_min_robustness_feature_interaction,runaway_max_robustness_feature_interaction,runaway_average_robustness_feature_interaction,runaway_cumulative_robustness_feature_interaction,boundary_min_robustness_overall,boundary_max_robustness_overall,boundary_average_robustness_overall,boundary_cumulative_robustness_overall,boundary_min_robustness_feature_interaction,boundary_max_robustness_feature_interaction,boundary_average_robustness_feature_interaction,boundary_cumulative_robustness_feature_interaction,avg_resolution_time,avg_cycle_time,resolution_time_percentage,max_runaway_requirement_weakening_parameter,min_runaway_requirement_weakening_parameter,average_runaway_requirement_weakening_parameter,cumulative_runaway_requirement_weakening_parameter,max_boundary_requirement_weakening_parameter,min_boundary_requirement_weakening_parameter,average_boundary_requirement_weakening_parameter,cumulative_boundary_requirement_weakening_parameter,total_resolution_count,resolution_success_count,resolution_failure_count,resolution_success_percentage,runaway_activated_count,boundary_activated_count,follower_caught_ego_count,mission_waypoints_completed_count,EGO_AVOID_SPEED,EGO_BOUND_ENFORCER_SPEED,EGO_DRONE_MAX_SPEED,FOLLOWER_DRONE_MAX_SPEED,EGO_DRONE_START_LOCATION_NORTH,EGO_DRONE_START_LOCATION_EAST,RESOLVER,MAX_EGO_DRONE_CYCLE,STL_BOUNDARY_ORIGINAL_REQUIREMENT_FILE_PATH,STL_RUNAWAY_ORIGINAL_REQUIREMENT_FILE_PATH,MAIN_STL_FILE_FOR_RESOLVER,STL_BOUNDARY_REQUIREMENT_SIGNAL_LENGTH,STL_RUNAWAY_REQUIREMENT_SIGNAL_LENGTH,boundary_activation_robustness_average,boundary_activation_robustness_cumulative,boundary_activation_robustness_min,boundary_activation_robustness_max,runaway_activation_robustness_average,runaway_activation_robustness_cumulative,runaway_activation_robustness_min,runaway_activation_robustness_max
10-01-2022_15-55-11,10-01-2022_15-57-17,WEAKENING - PRIORITY - RUNAWAY,1,experiments/config/bound_run/randomized_config/config_1.ini,,-9,41,2.075376884,413,-9,-1,-3.880952381,-163,-41,13,-5.246231156,-1044,-41,-1,-19.07142857,-801,0.205666667,0.792690476,25.94539393,5.433315298,0,2.697562455,48.55612418,15.62766216,0,8.193991811,147.4918526,42,18,24,42.85714286,75,58,20,3,10,9,3,8,-5,-13,WEAKENING - PRIORITY - RUNAWAY,200,src/main/java/edu/cmu/px4/mavsdk/case_study/boundary_runaway/main/model/bound_original.stl,src/main/java/edu/cmu/px4/mavsdk/case_study/boundary_runaway/main/model/run_original.stl,src/main/java/edu/cmu/px4/mavsdk/case_study/boundary_runaway/main/model/runbound.stl,2,2,-18.28571429,-1536,-41,4,0.357142857,30,-9,20
10-01-2022_17-25-48,10-01-2022_17-28-03,WEAKENING - PRIORITY - RUNAWAY,2,experiments/config/bound_run/randomized_config/config_2.ini,,-9,55,4.366834171,869,-9,-1,-3.304347826,-228,-78,15,-13.1959799,-2626,-67,-1,-19.01449275,-1312,0.28242029,0.853405797,33.09331748,6.313506921,0.544149947,3.430681034,171.5340517,18,0,7.494817215,374.7408607,69,50,19,72.46376812,43,61,22,1,7,9,4,6,20,-9,WEAKENING - PRIORITY - RUNAWAY,200,src/main/java/edu/cmu/px4/mavsdk/case_study/boundary_runaway/main/model/bound_original.stl,src/main/java/edu/cmu/px4/mavsdk/case_study/boundary_runaway/main/model/run_original.stl,src/main/java/edu/cmu/px4/mavsdk/case_study/boundary_runaway/main/model/runbound.stl,2,2,-23.58064516,-2924,-78,8,0.89516129,111,-9,25
10-01-2022_02-02-30,10-01-2022_02-04-41,WEAKENING - PRIORITY - RUNAWAY,3,experiments/config/bound_run/randomized_config/config_3.ini,,-9,17,0.492462312,98,-9,-1,-3.547619048,-149,-25,19,-0.854271357,-170,-24,-1,-9.761904762,-410,0.290190476,0.882,32.90141453,6.366043695,0,2.664520607,79.93561822,17.09234784,0,6.255571482,187.6671445,42,30,12,71.42857143,53,51,29,3,8,9,6,7,-7,17,WEAKENING - PRIORITY - RUNAWAY,200,src/main/java/edu/cmu/px4/mavsdk/case_study/boundary_runaway/main/model/bound_original.stl,src/main/java/edu/cmu/px4/mavsdk/case_study/boundary_runaway/main/model/run_original.stl,src/main/java/edu/cmu/px4/mavsdk/case_study/boundary_runaway/main/model/runbound.stl,2,2,-10.28235294,-874,-25,5,-0.635294118,-54,-9,8
10-01-2022_17-45-47,10-01-2022_17-47-51,WEAKENING - PRIORITY - RUNAWAY,4,experiments/config/bound_run/randomized_config/config_4.ini,,-9,44,4.974874372,990,-9,-1,-3.9,-156,-64,12,-6.964824121,-1386,-64,-1,-18.225,-729,0.20425,0.77855,26.23466701,4.600754269,0,1.292604366,29.72990042,13.52961718,0,4.318843675,99.33340453,40,23,17,57.5,43,77,17,6,14,9,9,11,0,-19,WEAKENING - PRIORITY - RUNAWAY,200,src/main/java/edu/cmu/px4/mavsdk/case_study/boundary_runaway/main/model/bound_original.stl,src/main/java/edu/cmu/px4/mavsdk/case_study/boundary_runaway/main/model/run_original.stl,src/main/java/edu/cmu/px4/mavsdk/case_study/boundary_runaway/main/model/runbound.stl,2,2,-15.95145631,-1643,-64,11,0.223300971,23,-9,15
10-01-2022_17-50-07,10-01-2022_17-52-26,WEAKENING - PRIORITY - RUNAWAY,5,experiments/config/bound_run/randomized_config/config_5.ini,,-10,40,7.226130653,1438,-10,-1,-4.8,-144,-82,16,-7.653266332,-1523,-74,-1,-17.83333333,-535,0.1882,0.9429,19.9596988,4.412893707,0,1.620396133,25.92633813,12.11675081,0,1.679709438,26.87535101,30,16,14,53.33333333,40,82,14,6,14,9,11,12,-15,14,WEAKENING - PRIORITY - RUNAWAY,200,src/main/java/edu/cmu/px4/mavsdk/case_study/boundary_runaway/main/model/bound_original.stl,src/main/java/edu/cmu/px4/mavsdk/case_study/boundary_runaway/main/model/run_original.stl,src/main/java/edu/cmu/px4/mavsdk/case_study/boundary_runaway/main/model/runbound.stl,2,2,-23.70886076,-1873,-82,5,2.974683544,235,-10,24
10-01-2022_16-16-35,10-01-2022_16-18-37,WEAKENING - PRIORITY - RUNAWAY,6,experiments/config/bound_run/randomized_config/config_6.ini,,-9,46,4.854271357,966,-7,-1,-3.777777778,-68,-16,19,1.336683417,266,-14,-1,-6.722222222,-121,0.273611111,0.843611111,32.43332236,4.477664763,0,1.47564105,23.61025681,8.774352111,0,1.823152722,29.17044355,18,16,2,88.88888889,50,51,24,2,13,9,3,5,-1,5,WEAKENING - PRIORITY - RUNAWAY,200,src/main/java/edu/cmu/px4/mavsdk/case_study/boundary_runaway/main/model/bound_original.stl,src/main/java/edu/cmu/px4/mavsdk/case_study/boundary_runaway/main/model/run_original.stl,src/main/java/edu/cmu/px4/mavsdk/case_study/boundary_runaway/main/model/runbound.stl,2,2,-4.121212121,-136,-14,3,-1.696969697,-56,-7,6
10-01-2022_18-04-18,10-01-2022_18-06-21,WEAKENING - PRIORITY - RUNAWAY,7,experiments/config/bound_run/randomized_config/config_7.ini,,-9,39,4.512562814,898,-9,-1,-4.222222222,-114,-30,19,1.195979899,238,-25,-1,-6.666666667,-180,0.233037037,0.805888889,28.91677007,5.967774747,0,2.73406041,46.47902697,13.62352429,0,2.490034185,42.33058115,27,17,10,62.96296296,48,44,23,4,10,9,6,9,-7,-14,WEAKENING - PRIORITY - RUNAWAY,200,src/main/java/edu/cmu/px4/mavsdk/case_study/boundary_runaway/main/model/bound_original.stl,src/main/java/edu/cmu/px4/mavsdk/case_study/boundary_runaway/main/model/run_original.stl,src/main/java/edu/cmu/px4/mavsdk/case_study/boundary_runaway/main/model/runbound.stl,2,2,-6.370967742,-395,-30,9,-0.016129032,-1,-9,22
10-01-2022_18-11-05,10-01-2022_18-13-05,WEAKENING - PRIORITY - RUNAWAY,8,experiments/config/bound_run/randomized_config/config_8.ini,,-9,56,4.512562814,898,-9,-1,-3.9375,-63,-27,11,0.070351759,14,-22,-1,-8.4375,-135,0.285058824,0.851411765,33.48072406,4.078277455,0,1.830207307,23.79269499,16.53291895,0,3.837716591,49.89031568,17,13,4,76.47058824,50,57,27,2,12,9,5,6,11,-18,WEAKENING - PRIORITY - RUNAWAY,200,src/main/java/edu/cmu/px4/mavsdk/case_study/boundary_runaway/main/model/bound_original.stl,src/main/java/edu/cmu/px4/mavsdk/case_study/boundary_runaway/main/model/run_original.stl,src/main/java/edu/cmu/px4/mavsdk/case_study/boundary_runaway/main/model/runbound.stl,2,2,-11.2,-448,-27,8,0.55,22,-9,9
10-01-2022_18-45-07,10-01-2022_18-47-09,WEAKENING - PRIORITY - RUNAWAY,9,experiments/config/bound_run/randomized_config/config_9.ini,,-9,46,5.477386935,1090,-7,-1,-3.642857143,-51,-20,19,3.301507538,657,-15,-1,-6.642857143,-93,0.265642857,0.851714286,31.18919826,4.150135376,0,0.869608427,11.30490955,10.04300464,0,1.939646193,25.21540051,14,13,1,92.85714286,50,43,21,3,14,9,2,4,3,0,WEAKENING - PRIORITY - RUNAWAY,200,src/main/java/edu/cmu/px4/mavsdk/case_study/boundary_runaway/main/model/bound_original.stl,src/main/java/edu/cmu/px4/mavsdk/case_study/boundary_runaway/main/model/run_original.stl,src/main/java/edu/cmu/px4/mavsdk/case_study/boundary_runaway/main/model/runbound.stl,2,2,-5.828571429,-204,-17,5,-0.4,-14,-7,8
10-01-2022_16-37-56,10-01-2022_16-39-59,WEAKENING - PRIORITY - RUNAWAY,10,experiments/config/bound_run/randomized_config/config_10.ini,,-10,46,7.336683417,1460,-10,-1,-4.307692308,-112,-17,19,0.537688442,107,-16,-1,-4.346153846,-113,0.220961538,0.798269231,27.68007709,4.78805599,0,1.457273227,32.06001099,8.949359151,0,0.989322158,21.76508748,26,22,4,84.61538462,23,68,17,5,14,9,8,13,-3,7,WEAKENING - PRIORITY - RUNAWAY,200,src/main/java/edu/cmu/px4/mavsdk/case_study/boundary_runaway/main/model/bound_original.stl,src/main/java/edu/cmu/px4/mavsdk/case_study/boundary_runaway/main/model/run_original.stl,src/main/java/edu/cmu/px4/mavsdk/case_study/boundary_runaway/main/model/runbound.stl,2,2,-6.359375,-407,-17,2,1.875,120,-10,16
10-01-2022_02-46-08,10-01-2022_02-48-12,WEAKENING - PRIORITY - RUNAWAY,11,experiments/config/bound_run/randomized_config/config_11.ini,,-10,28,7.849246231,1562,-10,-1,-4.272727273,-94,-19,13,-1.291457286,-257,-14,-2,-5.818181818,-128,0.286318182,0.869545455,32.92733926,5.508628806,0,2.228808575,42.34736292,7.232930139,0,1.201624897,22.83087305,22,19,3,86.36363636,12,88,18,7,14,9,11,12,-16,-15,WEAKENING - PRIORITY - RUNAWAY,200,src/main/java/edu/cmu/px4/mavsdk/case_study/boundary_runaway/main/model/bound_original.stl,src/main/java/edu/cmu/px4/mavsdk/case_study/boundary_runaway/main/model/run_original.stl,src/main/java/edu/cmu/px4/mavsdk/case_study/boundary_runaway/main/model/runbound.stl,2,2,-6.456140351,-368,-19,6,2.754385965,157,-10,18
10-01-2022_19-49-31,10-01-2022_19-51-34,WEAKENING - PRIORITY - RUNAWAY,12,experiments/config/bound_run/randomized_config/config_12.ini,,-9,46,5.035175879,1002,-9,-1,-4.333333333,-117,-23,17,0.587939698,117,-23,-1,-7.666666667,-207,0.226296296,0.800074074,28.28441811,5.750783536,0,2.056531358,39.0740958,13.28174207,0,3.236969535,61.50242116,27,19,8,70.37037037,41,54,21,3,12,9,6,11,13,-4,WEAKENING - PRIORITY - RUNAWAY,200,src/main/java/edu/cmu/px4/mavsdk/case_study/boundary_runaway/main/model/bound_original.stl,src/main/java/edu/cmu/px4/mavsdk/case_study/boundary_runaway/main/model/run_original.stl,src/main/java/edu/cmu/px4/mavsdk/case_study/boundary_runaway/main/model/runbound.stl,2,2,-9.275862069,-538,-23,2,1.24137931,72,-9,15
10-01-2022_02-55-59,10-01-2022_02-58-13,WEAKENING - PRIORITY - RUNAWAY,13,experiments/config/bound_run/randomized_config/config_13.ini,,-9,52,2.195979899,437,-9,-1,-3.567567568,-264,-72,10,-16.90452261,-3364,-67,-1,-25.47297297,-1885,0.241121622,0.816486486,29.53161205,6.649127459,0,3.365617066,117.7965973,16.0735854,0,8.784515984,307.4580594,74,35,39,47.2972973,67,67,18,1,9,9,3,7,9,-12,WEAKENING - PRIORITY - RUNAWAY,200,src/main/java/edu/cmu/px4/mavsdk/case_study/boundary_runaway/main/model/bound_original.stl,src/main/java/edu/cmu/px4/mavsdk/case_study/boundary_runaway/main/model/run_original.stl,src/main/java/edu/cmu/px4/mavsdk/case_study/boundary_runaway/main/model/runbound.stl,2,2,-27.53787879,-3635,-72,-1,-0.318181818,-42,-9,13
10-01-2022_21-16-34,10-01-2022_21-18-38,WEAKENING - PRIORITY - RUNAWAY,14,experiments/config/bound_run/randomized_config/config_14.ini,,-9,57,4.025125628,801,-9,-1,-3,-63,-18,18,2.462311558,490,-15,-1,-6.238095238,-131,0.329857143,0.899047619,36.68961864,6.023189787,0,2.465919295,51.7843052,11.75887098,0,3.457952026,72.61699254,21,21,0,100,60,44,24,2,8,9,3,4,10,-14,WEAKENING - PRIORITY - RUNAWAY,200,src/main/java/edu/cmu/px4/mavsdk/case_study/boundary_runaway/main/model/bound_original.stl,src/main/java/edu/cmu/px4/mavsdk/case_study/boundary_runaway/main/model/run_original.stl,src/main/java/edu/cmu/px4/mavsdk/case_study/boundary_runaway/main/model/runbound.stl,2,2,-5.31372549,-271,-18,9,-1.568627451,-80,-9,6
10-01-2022_19-59-19,10-01-2022_20-01-20,WEAKENING - PRIORITY - RUNAWAY,15,experiments/config/bound_run/randomized_config/config_15.ini,,-9,53,4.809045226,957,-9,-1,-3.5,-35,-14,19,4.899497487,975,-12,-1,-5.4,-54,0.312727273,0.885,35.336415,5.54359263,0,2.28347656,25.11824216,10.14724048,0,2.399352971,26.39288268,11,11,0,100,61,37,28,2,8,9,2,4,4,-15,WEAKENING - PRIORITY - RUNAWAY,200,src/main/java/edu/cmu/px4/mavsdk/case_study/boundary_runaway/main/model/bound_original.stl,src/main/java/edu/cmu/px4/mavsdk/case_study/boundary_runaway/main/model/run_original.stl,src/main/java/edu/cmu/px4/mavsdk/case_study/boundary_runaway/main/model/runbound.stl,2,2,-4.518518519,-122,-14,8,0.185185185,5,-9,8
-01-2022_22-14-15,10-01-2022_22-16-18,WEAKENING - PRIORITY - RUNAWAY,16,experiments/config/bound_run/randomized_config/config_16.ini,,-7,55,8.130653266,1618,-7,-1,-3.19047619,-67,-13,15,2.075376884,413,-11,-1,-4.380952381,-92,0.299761905,0.869238095,34.4855922,5.73209393,0,2.744071616,57.62550394,9.777523177,0,2.914201918,61.19824027,21,21,0,100,63,14,20,2,4,9,1,2,5,-10,WEAKENING - PRIORITY - RUNAWAY,200,src/main/java/edu/cmu/px4/mavsdk/case_study/boundary_runaway/main/model/bound_original.stl,src/main/java/edu/cmu/px4/mavsdk/case_study/boundary_runaway/main/model/run_original.stl,src/main/java/edu/cmu/px4/mavsdk/case_study/boundary_runaway/main/model/runbound.stl,2,2,-4.029411765,-137,-13,2,-2.294117647,-78,-7,2
10-01-2022_21-26-24,10-01-2022_21-28-35,WEAKENING - PRIORITY - RUNAWAY,17,experiments/config/bound_run/randomized_config/config_17.ini,,-10,29,3.487437186,694,-10,-1,-3.348484848,-221,-77,13,-20.17085427,-4014,-77,-2,-32.13636364,-2121,0.210776119,0.800373134,26.33473193,5.112969883,0,2.976731626,71.44155902,17.56413089,0,6.838607673,164.1265842,67,24,43,35.82089552,73,76,19,1,10,9,4,9,11,19,WEAKENING - PRIORITY - RUNAWAY,200,src/main/java/edu/cmu/px4/mavsdk/case_study/boundary_runaway/main/model/bound_original.stl,src/main/java/edu/cmu/px4/mavsdk/case_study/boundary_runaway/main/model/run_original.stl,src/main/java/edu/cmu/px4/mavsdk/case_study/boundary_runaway/main/model/runbound.stl,2,2,-31.45255474,-4309,-77,-1,3.678832117,504,-10,23
10-01-2022_22-18-14,10-01-2022_22-20-22,WEAKENING - PRIORITY - RUNAWAY,18,experiments/config/bound_run/randomized_config/config_18.ini,,-9,40,4.824120603,960,-9,-1,-3.551724138,-206,-166,19,-28.00502513,-5573,-157,-1,-53.29310345,-3091,0.183372881,0.769779661,23.82147654,4.50917692,0,1.911375067,28.670626,12.53466799,0,1.512644463,22.68966694,59,15,44,25.42372881,58,65,18,5,12,9,8,11,-5,-15,WEAKENING - PRIORITY - RUNAWAY,200,src/main/java/edu/cmu/px4/mavsdk/case_study/boundary_runaway/main/model/bound_original.stl,src/main/java/edu/cmu/px4/mavsdk/case_study/boundary_runaway/main/model/run_original.stl,src/main/java/edu/cmu/px4/mavsdk/case_study/boundary_runaway/main/model/runbound.stl,2,2,-52.3125,-5859,-166,19,-0.205357143,-23,-9,16
10-01-2022_20-20-45,10-01-2022_20-22-53,WEAKENING - PRIORITY - RUNAWAY,19,experiments/config/bound_run/randomized_config/config_19.ini,,-10,39,1.376884422,274,-9,-1,-3.5625,-114,-13,18,3.914572864,779,-13,-1,-4.90625,-157,0.3339375,0.90825,36.7671346,7.336398589,0,3.280463312,101.6943627,11.33624466,0,2.901004564,89.93114149,32,31,1,96.875,76,27,17,2,6,9,2,4,0,11,WEAKENING - PRIORITY - RUNAWAY,200,src/main/java/edu/cmu/px4/mavsdk/case_study/boundary_runaway/main/model/bound_original.stl,src/main/java/edu/cmu/px4/mavsdk/case_study/boundary_runaway/main/model/run_original.stl,src/main/java/edu/cmu/px4/mavsdk/case_study/boundary_runaway/main/model/runbound.stl,2,2,-2.642857143,-185,-13,10,-2.142857143,-150,-10,7
10-01-2022_22-22-19,10-01-2022_22-24-23,WEAKENING - PRIORITY - RUNAWAY,20,experiments/config/bound_run/randomized_config/config_20.ini,,-10,49,6.974874372,1388,-10,-1,-4.090909091,-90,-26,19,-0.005025126,-1,-23,-1,-11.22727273,-247,0.248409091,0.835,29.74959173,3.982575727,0,2.174686121,36.96966406,16.09772425,0,6.144453054,104.4557019,22,17,5,77.27272727,40,67,21,5,12,9,7,10,18,-12,WEAKENING - PRIORITY - RUNAWAY,200,src/main/java/edu/cmu/px4/mavsdk/case_study/boundary_runaway/main/model/bound_original.stl,src/main/java/edu/cmu/px4/mavsdk/case_study/boundary_runaway/main/model/run_original.stl,src/main/java/edu/cmu/px4/mavsdk/case_study/boundary_runaway/main/model/runbound.stl,2,2,-11.31481481,-611,-26,5,2.981481481,161,-10,21
10-01-2022_22-26-20,10-01-2022_22-28-21,WEAKENING - PRIORITY - RUNAWAY,21,experiments/config/bound_run/randomized_config/config_21.ini,,-8,48,2.964824121,590,-8,-1,-3.52173913,-81,-12,15,5.331658291,1061,-12,-2,-5.652173913,-130,0.193956522,0.776,24.99439713,7.298505538,1.485612164,3.869832313,27.08882619,11.25392487,0.624202428,4.488083183,31.41658228,23,7,16,30.43478261,137,11,2,0,5,9,1,3,-5,-15,WEAKENING - PRIORITY - RUNAWAY,200,src/main/java/edu/cmu/px4/mavsdk/case_study/boundary_runaway/main/model/bound_original.stl,src/main/java/edu/cmu/px4/mavsdk/case_study/boundary_runaway/main/model/run_original.stl,src/main/java/edu/cmu/px4/mavsdk/case_study/boundary_runaway/main/model/runbound.stl,2,2,5.8203125,745,-12,10,-2.4921875,-319,-8,3
10-01-2022_22-30-13,10-01-2022_22-32-13,WEAKENING - PRIORITY - RUNAWAY,22,experiments/config/bound_run/randomized_config/config_22.ini,,-10,46,9.020100503,1795,-8,-1,-5.2,-52,-20,19,0.974874372,194,-18,-1,-6.6,-66,0.257909091,0.838,30.77674116,5.027102707,0,2.340816925,21.06735233,12.65167517,0,2.20664351,19.85979159,11,9,2,81.81818182,25,78,6,6,14,9,10,11,-2,3,WEAKENING - PRIORITY - RUNAWAY,200,src/main/java/edu/cmu/px4/mavsdk/case_study/boundary_runaway/main/model/bound_original.stl,src/main/java/edu/cmu/px4/mavsdk/case_study/boundary_runaway/main/model/run_original.stl,src/main/java/edu/cmu/px4/mavsdk/case_study/boundary_runaway/main/model/runbound.stl,2,2,-5.818181818,-128,-18,4,2.5,55,-8,18
10-02-2022_08-18-08,10-02-2022_08-20-13,WEAKENING - PRIORITY - RUNAWAY,23,experiments/config/bound_run/randomized_config/config_23.ini,,-7,35,4.653266332,926,-7,-1,-3.034482759,-88,-18,16,2.35678392,469,-12,-1,-4.344827586,-126,0.267206897,0.830241379,32.18424222,2.869203821,0,0.841125628,24.3926432,8.066449784,0,1.480428376,42.93242291,29,29,0,100,32,36,19,3,11,9,2,3,-15,-2,WEAKENING - PRIORITY - RUNAWAY,200,src/main/java/edu/cmu/px4/mavsdk/case_study/boundary_runaway/main/model/bound_original.stl,src/main/java/edu/cmu/px4/mavsdk/case_study/boundary_runaway/main/model/run_original.stl,src/main/java/edu/cmu/px4/mavsdk/case_study/boundary_runaway/main/model/runbound.stl,2,2,-6.181818182,-340,-18,1,-0.836363636,-46,-7,8
1010-01-2022_22-39-57,10-01-2022_22-42-08,WEAKENING - PRIORITY - RUNAWAY,24,experiments/config/bound_run/randomized_config/config_24.ini,,-10,49,3.045226131,606,-10,-1,-3.883333333,-233,-39,19,-7.381909548,-1469,-38,-1,-13.33333333,-800,0.232033333,0.812183333,28.56908334,6.930990043,0,3.236614556,93.86182213,13.68617689,0,6.485667317,188.0843522,60,29,31,48.33333333,57,75,23,0,10,9,5,8,7,-20,WEAKENING - PRIORITY - RUNAWAY,200,src/main/java/edu/cmu/px4/mavsdk/case_study/boundary_runaway/main/model/bound_original.stl,src/main/java/edu/cmu/px4/mavsdk/case_study/boundary_runaway/main/model/run_original.stl,src/main/java/edu/cmu/px4/mavsdk/case_study/boundary_runaway/main/model/runbound.stl,2,2,-13.63846154,-1773,-39,6,0.969230769,126,-10,20
10-02-2022_09-07-51,10-02-2022_09-09-52,WEAKENING - PRIORITY - RUNAWAY,25,experiments/config/bound_run/randomized_config/config_25.ini,,-10,47,6.753768844,1344,-9,-1,-4,-84,-28,11,-1.025125628,-204,-21,-2,-7,-147,0.252619048,0.828047619,30.50779228,5.532224189,0,2.017573471,36.31632247,10.79563479,0,1.269603701,22.85286662,21,18,3,85.71428571,32,77,20,5,13,9,8,10,6,-18,WEAKENING - PRIORITY - RUNAWAY,200,src/main/java/edu/cmu/px4/mavsdk/case_study/boundary_runaway/main/model/bound_original.stl,src/main/java/edu/cmu/px4/mavsdk/case_study/boundary_runaway/main/model/run_original.stl,src/main/java/edu/cmu/px4/mavsdk/case_study/boundary_runaway/main/model/runbound.stl,2,2,-9.679245283,-513,-28,3,1.188679245,63,-9,17
10-01-2022_01-33-18,10-01-2022_01-35-22,WEAKENING - PRIORITY - BOUNDARY,26,experiments/config/bound_run/randomized_config/config_26.ini,,-10,42,2.83919598,565,-8,-1,-3.916666667,-94,-25,14,-1.899497487,-378,-24,-1,-12.45833333,-299,0.306875,0.877625,34.96652898,6.003949522,0,3.498746484,69.97492968,14.39643608,0,6.557803365,131.1560673,24,20,4,83.33333333,49,69,23,1,10,9,3,8,-5,-13,WEAKENING - PRIORITY - BOUNDARY,200,src/main/java/edu/cmu/px4/mavsdk/case_study/boundary_runaway/main/model/bound_original.stl,src/main/java/edu/cmu/px4/mavsdk/case_study/boundary_runaway/main/model/run_original.stl,src/main/java/edu/cmu/px4/mavsdk/case_study/boundary_runaway/main/model/runbound.stl,2,2,-11.46969697,-757,-31,5,-0.666666667,-44,-8,12
10-02-2022_09-48-57,10-02-2022_09-51-06,WEAKENING - PRIORITY - BOUNDARY,27,experiments/config/bound_run/randomized_config/config_27.ini,,-9,55,2.884422111,574,-9,-1,-3.261904762,-137,-23,15,0.180904523,36,-23,-1,-8.738095238,-367,0.306214286,0.870857143,35.16240157,6.283373849,0,3.21159838,118.8291401,16.47033583,0,5.366794604,198.5714003,42,37,5,88.0952381,56,43,25,2,7,9,4,6,20,-9,WEAKENING - PRIORITY - BOUNDARY,200,src/main/java/edu/cmu/px4/mavsdk/case_study/boundary_runaway/main/model/bound_original.stl,src/main/java/edu/cmu/px4/mavsdk/case_study/boundary_runaway/main/model/run_original.stl,src/main/java/edu/cmu/px4/mavsdk/case_study/boundary_runaway/main/model/runbound.stl,2,2,-7.857142857,-550,-23,0,-0.828571429,-58,-9,12
10-01-2022_22-55-45,10-01-2022_22-57-51,WEAKENING - PRIORITY - BOUNDARY,28,experiments/config/bound_run/randomized_config/config_28.ini,,-9,17,1.572864322,313,-8,-1,-3.6,-108,-19,17,2.090452261,416,-11,-1,-4.866666667,-146,0.285966667,0.863933333,33.10054788,7.119688799,0,2.904004991,66.79211479,7.925599162,0,2.658008519,61.13419594,30,23,7,76.66666667,48,51,25,5,8,9,6,7,-7,17,WEAKENING - PRIORITY - BOUNDARY,200,src/main/java/edu/cmu/px4/mavsdk/case_study/boundary_runaway/main/model/bound_original.stl,src/main/java/edu/cmu/px4/mavsdk/case_study/boundary_runaway/main/model/run_original.stl,src/main/java/edu/cmu/px4/mavsdk/case_study/boundary_runaway/main/model/runbound.stl,2,2,-4.842105263,-276,-19,5,-1.105263158,-63,-8,13
10-02-2022_09-24-17,10-02-2022_09-26-17,WEAKENING - PRIORITY - BOUNDARY,29,experiments/config/bound_run/randomized_config/config_29.ini,,-9,44,7.64321608,1521,-8,-1,-4.6,-69,-18,13,0.422110553,84,-14,-1,-5.066666667,-76,0.205333333,0.781,26.29107981,2.443136381,0,1.236213614,12.36213614,6.749343332,0,2.166046503,21.66046503,15,10,5,66.66666667,24,78,16,6,14,9,9,11,0,-19,WEAKENING - PRIORITY - BOUNDARY,200,src/main/java/edu/cmu/px4/mavsdk/case_study/boundary_runaway/main/model/bound_original.stl,src/main/java/edu/cmu/px4/mavsdk/case_study/boundary_runaway/main/model/run_original.stl,src/main/java/edu/cmu/px4/mavsdk/case_study/boundary_runaway/main/model/runbound.stl,2,2,-5.558823529,-189,-17,4,1.205882353,41,-8,16
10-01-2022_23-05-38,10-01-2022_23-07-40,WEAKENING - PRIORITY - BOUNDARY,30,experiments/config/bound_run/randomized_config/config_30.ini,,-10,33,7.959798995,1584,-9,-1,-4.4,-88,-14,19,-0.281407035,-56,-11,-1,-5.8,-116,0.2357,0.80965,29.11134441,5.143884135,0,2.113895125,35.93621713,7.930224837,0,1.130118592,19.21201606,20,17,3,85,16,89,15,7,14,9,11,12,-15,14,WEAKENING - PRIORITY - BOUNDARY,200,src/main/java/edu/cmu/px4/mavsdk/case_study/boundary_runaway/main/model/bound_original.stl,src/main/java/edu/cmu/px4/mavsdk/case_study/boundary_runaway/main/model/run_original.stl,src/main/java/edu/cmu/px4/mavsdk/case_study/boundary_runaway/main/model/runbound.stl,2,2,-6.266666667,-376,-14,-1,3.25,195,-9,19
10-01-2022_23-09-32,10-01-2022_23-11-36,WEAKENING - PRIORITY - BOUNDARY,31,experiments/config/bound_run/randomized_config/config_31.ini,,-9,46,5.67839196,1130,-7,-1,-3.954545455,-87,-25,19,0.899497487,179,-20,-1,-7.136363636,-157,0.294136364,0.868545455,33.86539669,4.869862813,0,1.458935039,27.71976575,11.94119388,0,2.473923003,47.00453706,22,19,3,86.36363636,36,51,24,5,13,9,3,5,-1,5,WEAKENING - PRIORITY - BOUNDARY,200,src/main/java/edu/cmu/px4/mavsdk/case_study/boundary_runaway/main/model/bound_original.stl,src/main/java/edu/cmu/px4/mavsdk/case_study/boundary_runaway/main/model/run_original.stl,src/main/java/edu/cmu/px4/mavsdk/case_study/boundary_runaway/main/model/runbound.stl,2,2,-8.208333333,-394,-25,5,0.4375,21,-7,14
10-01-2022_23-13-32,10-01-2022_23-15-37,WEAKENING - PRIORITY - BOUNDARY,32,experiments/config/bound_run/randomized_config/config_32.ini,,-9,40,5.060301508,1007,-9,-1,-3.464285714,-97,-20,17,1.417085427,282,-20,-1,-8.214285714,-230,0.254035714,0.827321429,30.70580617,5.949185824,0,2.365699866,44.94829746,15.35848345,0,3.755770181,71.35963343,28,19,9,67.85714286,49,52,18,3,10,9,6,9,-7,-14,WEAKENING - PRIORITY - BOUNDARY,200,src/main/java/edu/cmu/px4/mavsdk/case_study/boundary_runaway/main/model/bound_original.stl,src/main/java/edu/cmu/px4/mavsdk/case_study/boundary_runaway/main/model/run_original.stl,src/main/java/edu/cmu/px4/mavsdk/case_study/boundary_runaway/main/model/runbound.stl,2,2,-4.895522388,-328,-20,15,0.925373134,62,-9,23
10-01-2022_23-17-32,10-01-2022_23-19-35,WEAKENING - PRIORITY - BOUNDARY,33,experiments/config/bound_run/randomized_config/config_33.ini,,-10,56,4.72361809,940,-10,-1,-3.4,-68,-13,16,2.145728643,427,-11,-1,-4.05,-81,0.2648,0.836,31.67464115,5.311902027,0,1.414281034,26.87133965,6.423333083,0,0.954818324,18.14154815,20,19,1,95,38,54,24,5,12,9,5,6,11,-18,WEAKENING - PRIORITY - BOUNDARY,200,src/main/java/edu/cmu/px4/mavsdk/case_study/boundary_runaway/main/model/bound_original.stl,src/main/java/edu/cmu/px4/mavsdk/case_study/boundary_runaway/main/model/run_original.stl,src/main/java/edu/cmu/px4/mavsdk/case_study/boundary_runaway/main/model/runbound.stl,2,2,-2.571428571,-90,-11,5,-2.657142857,-93,-10,7
10-02-2022_09-42-59,10-02-2022_09-45-01,WEAKENING - PRIORITY - BOUNDARY,34,experiments/config/bound_run/randomized_config/config_34.ini,,-9,46,5.532663317,1101,-9,-1,-4.0625,-65,-17,19,2.532663317,504,-14,-1,-7.125,-114,0.2706875,0.843875,32.07672937,4.277988871,0,1.361473509,21.78357615,10.11453964,0,2.706422958,43.30276733,16,16,0,100,48,44,19,2,14,9,2,4,3,0,WEAKENING - PRIORITY - BOUNDARY,200,src/main/java/edu/cmu/px4/mavsdk/case_study/boundary_runaway/main/model/bound_original.stl,src/main/java/edu/cmu/px4/mavsdk/case_study/boundary_runaway/main/model/run_original.stl,src/main/java/edu/cmu/px4/mavsdk/case_study/boundary_runaway/main/model/runbound.stl,2,2,-7.523809524,-316,-16,4,0.880952381,37,-9,15
10-01-2022_23-27-20,10-01-2022_23-29-22,WEAKENING - PRIORITY - BOUNDARY,35,experiments/config/bound_run/randomized_config/config_35.ini,,-8,46,8.929648241,1777,-8,-1,-3.962962963,-107,-22,19,-0.216080402,-43,-18,-1,-6.666666667,-180,0.206222222,0.782185185,26.3648847,3.84640975,0,1.121963609,25.80516302,12.33130729,0,2.60673001,59.95479024,27,23,4,85.18518519,15,72,18,6,14,9,8,13,-3,7,WEAKENING - PRIORITY - BOUNDARY,200,src/main/java/edu/cmu/px4/mavsdk/case_study/boundary_runaway/main/model/bound_original.stl,src/main/java/edu/cmu/px4/mavsdk/case_study/boundary_runaway/main/model/run_original.stl,src/main/java/edu/cmu/px4/mavsdk/case_study/boundary_runaway/main/model/runbound.stl,2,2,-8.306451613,-515,-22,2,3,186,-8,22
10-01-2022_23-31-19,10-01-2022_23-33-20,WEAKENING - PRIORITY - BOUNDARY,36,experiments/config/bound_run/randomized_config/config_36.ini,,-9,29,9.150753769,1821,-9,-1,-4.058823529,-69,-20,16,-0.24120603,-48,-17,-1,-6.529411765,-111,0.214,0.788470588,27.14115189,5.28388433,0,2.306716576,29.98731549,10.98189592,0,1.842643937,23.95437118,17,13,4,76.47058824,13,87,10,6,14,9,11,12,-16,-15,WEAKENING - PRIORITY - BOUNDARY,200,src/main/java/edu/cmu/px4/mavsdk/case_study/boundary_runaway/main/model/bound_original.stl,src/main/java/edu/cmu/px4/mavsdk/case_study/boundary_runaway/main/model/run_original.stl,src/main/java/edu/cmu/px4/mavsdk/case_study/boundary_runaway/main/model/runbound.stl,2,2,-7.830188679,-415,-20,1,4.79245283,254,-9,19
10-01-2022_23-35-14,10-01-2022_23-37-20,WEAKENING - PRIORITY - BOUNDARY,37,experiments/config/bound_run/randomized_config/config_37.ini,,-9,46,4.91959799,979,-9,-1,-4.351351351,-161,-24,14,-2.864321608,-570,-22,-1,-9.027027027,-334,0.241710526,0.819421053,29.49771983,5.472692991,0,2.702308809,72.96233784,14.14306338,0,3.948360544,106.6057347,38,27,11,71.05263158,27,85,18,4,12,9,6,11,13,-4,WEAKENING - PRIORITY - BOUNDARY,200,src/main/java/edu/cmu/px4/mavsdk/case_study/boundary_runaway/main/model/bound_original.stl,src/main/java/edu/cmu/px4/mavsdk/case_study/boundary_runaway/main/model/run_original.stl,src/main/java/edu/cmu/px4/mavsdk/case_study/boundary_runaway/main/model/runbound.stl,2,2,-10.2183908,-889,-24,3,2.574712644,224,-9,24
10-01-2022_23-39-16,10-01-2022_23-41-23,WEAKENING - PRIORITY - BOUNDARY,38,experiments/config/bound_run/randomized_config/config_38.ini,,-10,51,2.221105528,442,-10,-1,-4.162162162,-154,-24,18,0.532663317,106,-24,-1,-10.83783784,-401,0.266027027,0.843486486,31.53897914,7.114262926,0,3.093097645,83.51363641,17.94108718,0,4.951509996,133.6907699,37,27,10,72.97297297,63,49,24,2,9,9,3,7,9,-12,WEAKENING - PRIORITY - BOUNDARY,200,src/main/java/edu/cmu/px4/mavsdk/case_study/boundary_runaway/main/model/bound_original.stl,src/main/java/edu/cmu/px4/mavsdk/case_study/boundary_runaway/main/model/run_original.stl,src/main/java/edu/cmu/px4/mavsdk/case_study/boundary_runaway/main/model/runbound.stl,2,2,-8.338028169,-592,-24,13,-1.633802817,-116,-10,8
10-01-2022_23-43-20,10-01-2022_23-45-23,WEAKENING - PRIORITY - BOUNDARY,39,experiments/config/bound_run/randomized_config/config_39.ini,,-8,57,4.648241206,925,-8,-1,-3.45,-69,-22,18,3.542713568,705,-18,-1,-4.15,-83,0.27405,0.85055,32.22032802,5.273468425,0,2.445658169,46.4675052,15.31421245,0,2.238539393,42.53224846,20,19,1,95,48,42,24,5,8,9,3,4,10,-14,WEAKENING - PRIORITY - BOUNDARY,200,src/main/java/edu/cmu/px4/mavsdk/case_study/boundary_runaway/main/model/bound_original.stl,src/main/java/edu/cmu/px4/mavsdk/case_study/boundary_runaway/main/model/run_original.stl,src/main/java/edu/cmu/px4/mavsdk/case_study/boundary_runaway/main/model/runbound.stl,2,2,-4,-180,-22,9,-1.133333333,-51,-8,7
10-01-2022_23-47-19,10-01-2022_23-49-23,WEAKENING - PRIORITY - BOUNDARY,40,experiments/config/bound_run/randomized_config/config_40.ini,,-9,53,3.783919598,753,-7,-1,-3.130434783,-72,-20,18,1.366834171,272,-17,-1,-5.782608696,-133,0.30726087,0.874086957,35.15220852,5.340696834,0,1.93165706,42.49645532,13.69719654,0,3.221911193,70.88204626,23,22,1,95.65217391,58,44,23,1,8,9,2,4,4,-15,WEAKENING - PRIORITY - BOUNDARY,200,src/main/java/edu/cmu/px4/mavsdk/case_study/boundary_runaway/main/model/bound_original.stl,src/main/java/edu/cmu/px4/mavsdk/case_study/boundary_runaway/main/model/run_original.stl,src/main/java/edu/cmu/px4/mavsdk/case_study/boundary_runaway/main/model/runbound.stl,2,2,-6.921568627,-353,-20,4,-0.705882353,-36,-8,8
10-02-2022_09-53-01,10-02-2022_09-55-06,WEAKENING - PRIORITY - BOUNDARY,41,experiments/config/bound_run/randomized_config/config_41.ini,,-5,55,8.015075377,1595,-5,-1,-2.730769231,-71,-12,12,2.266331658,451,-12,-1,-5.346153846,-139,0.31562963,0.877814815,35.95628876,4.850488594,0.369271491,2.467569689,66.62438159,10.93829862,0,4.204137548,113.5117138,27,27,0,100,61,9,19,1,4,9,1,2,5,-10,WEAKENING - PRIORITY - BOUNDARY,200,src/main/java/edu/cmu/px4/mavsdk/case_study/boundary_runaway/main/model/bound_original.stl,src/main/java/edu/cmu/px4/mavsdk/case_study/boundary_runaway/main/model/run_original.stl,src/main/java/edu/cmu/px4/mavsdk/case_study/boundary_runaway/main/model/runbound.stl,2,2,-2.613636364,-115,-12,8,-2.75,-121,-5,0
10-01-2022_23-57-10,10-01-2022_23-59-18,WEAKENING - PRIORITY - BOUNDARY,42,experiments/config/bound_run/randomized_config/config_42.ini,,-9,29,2.035175879,405,-9,-1,-3.886363636,-171,-30,17,-1.688442211,-336,-30,-1,-12.22727273,-538,0.248795455,0.826772727,30.09236352,6.280996721,0,3.087182721,95.70266436,15.39279063,0,5.335154769,165.3897978,44,31,13,70.45454545,46,64,20,3,10,9,4,9,11,19,WEAKENING - PRIORITY - BOUNDARY,200,src/main/java/edu/cmu/px4/mavsdk/case_study/boundary_runaway/main/model/bound_original.stl,src/main/java/edu/cmu/px4/mavsdk/case_study/boundary_runaway/main/model/run_original.stl,src/main/java/edu/cmu/px4/mavsdk/case_study/boundary_runaway/main/model/runbound.stl,2,2,-10.84883721,-933,-30,1,0.081395349,7,-9,16
10-02-2022_09-57-00,10-02-2022_09-59-02,WEAKENING - PRIORITY - BOUNDARY,43,experiments/config/bound_run/randomized_config/config_43.ini,,-9,40,6.361809045,1266,-9,-1,-3.526315789,-67,-17,14,0.849246231,169,-17,-1,-6.684210526,-127,0.241684211,0.807684211,29.923107,4.22416194,0,1.88945959,28.34189385,10.82471949,0,2.949964662,44.24946993,19,15,4,78.94736842,33,67,17,5,12,9,8,11,-5,-15,WEAKENING - PRIORITY - BOUNDARY,200,src/main/java/edu/cmu/px4/mavsdk/case_study/boundary_runaway/main/model/bound_original.stl,src/main/java/edu/cmu/px4/mavsdk/case_study/boundary_runaway/main/model/run_original.stl,src/main/java/edu/cmu/px4/mavsdk/case_study/boundary_runaway/main/model/runbound.stl,2,2,-6.441860465,-277,-17,4,1.697674419,73,-9,20
10-02-2022_00-07-05,10-02-2022_00-09-05,WEAKENING - PRIORITY - BOUNDARY,44,experiments/config/bound_run/randomized_config/config_44.ini,,-10,39,2.125628141,423,-8,-1,-3.222222222,-29,-8,17,6.195979899,1233,-6,-1,-3,-27,0.339888889,0.920333333,36.93106362,6.654275595,0.660572229,3.206099774,28.85489796,5.029596508,0,1.414962825,12.73466542,9,9,0,100,83,16,27,3,6,9,2,4,0,11,WEAKENING - PRIORITY - BOUNDARY,200,src/main/java/edu/cmu/px4/mavsdk/case_study/boundary_runaway/main/model/bound_original.stl,src/main/java/edu/cmu/px4/mavsdk/case_study/boundary_runaway/main/model/run_original.stl,src/main/java/edu/cmu/px4/mavsdk/case_study/boundary_runaway/main/model/runbound.stl,2,2,1.230769231,32,-6,6,-4.192307692,-109,-8,-1
10-02-2022_00-11-02,10-02-2022_00-13-06,WEAKENING - PRIORITY - BOUNDARY,45,experiments/config/bound_run/randomized_config/config_45.ini,,-9,51,4.688442211,933,-9,-1,-4.692307692,-122,-21,17,0.974874372,194,-21,-1,-10.38461538,-270,0.230692308,0.805538462,28.63827349,4.644966915,0.441669986,2.666696916,45.33384757,13.92405195,0,5.50937702,93.65940934,26,17,9,65.38461538,55,60,19,5,12,9,7,10,18,-12,WEAKENING - PRIORITY - BOUNDARY,200,src/main/java/edu/cmu/px4/mavsdk/case_study/boundary_runaway/main/model/bound_original.stl,src/main/java/edu/cmu/px4/mavsdk/case_study/boundary_runaway/main/model/run_original.stl,src/main/java/edu/cmu/px4/mavsdk/case_study/boundary_runaway/main/model/runbound.stl,2,2,-8.959183673,-439,-21,1,0.040816327,2,-9,20
10-02-2022_00-15-03,10-02-2022_00-17-03,WEAKENING - PRIORITY - BOUNDARY,46,experiments/config/bound_run/randomized_config/config_46.ini,,-10,49,-1.170854271,-233,-6,-4,-4.666666667,-14,-5,16,11.20603015,2230,-3,-1,-2.333333333,-7,0.193,0.762,25.32808399,6.607432844,6.607432844,6.607432844,6.607432844,0.911147135,0.911147135,0.911147135,0.911147135,3,1,2,33.33333333,142,10,44,0,5,9,1,3,-5,-15,WEAKENING - PRIORITY - BOUNDARY,200,src/main/java/edu/cmu/px4/mavsdk/case_study/boundary_runaway/main/model/bound_original.stl,src/main/java/edu/cmu/px4/mavsdk/case_study/boundary_runaway/main/model/run_original.stl,src/main/java/edu/cmu/px4/mavsdk/case_study/boundary_runaway/main/model/runbound.stl,2,2,1,7,-3,6,-6.142857143,-43,-9,-4
10-02-2022_10-00-55,10-02-2022_10-02-56,WEAKENING - PRIORITY - BOUNDARY,47,experiments/config/bound_run/randomized_config/config_47.ini,,-8,45,9.768844221,1944,-7,-1,-3.523809524,-74,-17,19,0.055276382,11,-14,-1,-4.714285714,-99,0.207809524,0.781619048,26.58705983,2.842573843,0,0.931620946,14.90593514,6.716319289,0,1.519831884,24.31731015,21,16,5,76.19047619,19,79,20,8,14,9,10,11,-2,3,WEAKENING - PRIORITY - BOUNDARY,200,src/main/java/edu/cmu/px4/mavsdk/case_study/boundary_runaway/main/model/bound_original.stl,src/main/java/edu/cmu/px4/mavsdk/case_study/boundary_runaway/main/model/run_original.stl,src/main/java/edu/cmu/px4/mavsdk/case_study/boundary_runaway/main/model/runbound.stl,2,2,-5.645833333,-271,-17,6,1.395833333,67,-7,15
10-02-2022_11-13-50,10-02-2022_11-15-50,WEAKENING - PRIORITY - BOUNDARY,48,experiments/config/bound_run/randomized_config/config_48.ini,,-10,36,5.185929648,1032,-7,-1,-4,-32,-14,18,4.492462312,894,-9,-1,-3.75,-30,0.364,0.926625,39.28234183,3.861771794,0,1.517383217,12.13906573,5.835166962,0,1.288460423,10.30768338,8,8,0,100,51,42,22,1,11,9,2,3,-15,-2,WEAKENING - PRIORITY - BOUNDARY,200,src/main/java/edu/cmu/px4/mavsdk/case_study/boundary_runaway/main/model/bound_original.stl,src/main/java/edu/cmu/px4/mavsdk/case_study/boundary_runaway/main/model/run_original.stl,src/main/java/edu/cmu/px4/mavsdk/case_study/boundary_runaway/main/model/runbound.stl,2,2,-1.761904762,-37,-10,8,-0.80952381,-17,-8,9
10-02-2022_11-18-14,10-02-2022_11-20-21,WEAKENING - PRIORITY - BOUNDARY,49,experiments/config/bound_run/randomized_config/config_49.ini,,-10,51,3.924623116,781,-9,-1,-4,-140,-25,16,-0.743718593,-148,-18,-1,-6.314285714,-221,0.287742857,0.859028571,33.49630812,6.717637022,0,2.965486541,88.96459622,13.11189749,0,3.290175831,98.70527493,35,30,5,85.71428571,35,66,22,3,10,9,5,8,7,-20,WEAKENING - PRIORITY - BOUNDARY,200,src/main/java/edu/cmu/px4/mavsdk/case_study/boundary_runaway/main/model/bound_original.stl,src/main/java/edu/cmu/px4/mavsdk/case_study/boundary_runaway/main/model/run_original.stl,src/main/java/edu/cmu/px4/mavsdk/case_study/boundary_runaway/main/model/runbound.stl,2,2,-7.176470588,-610,-25,4,0.811764706,69,-9,21
10-02-2022_11-30-39,10-02-2022_11-32-43,WEAKENING - PRIORITY - BOUNDARY,50,experiments/config/bound_run/randomized_config/config_50.ini,,-9,47,5.502512563,1095,-9,-1,-3.413793103,-99,-24,17,0.798994975,159,-18,-1,-6.103448276,-177,0.265166667,0.835966667,31.71976554,5.14896615,0,1.879947338,43.23878878,13.64612341,0,2.706227607,62.24323495,30,23,7,76.66666667,36,68,20,5,13,9,8,10,6,-18,WEAKENING - PRIORITY - BOUNDARY,200,src/main/java/edu/cmu/px4/mavsdk/case_study/boundary_runaway/main/model/bound_original.stl,src/main/java/edu/cmu/px4/mavsdk/case_study/boundary_runaway/main/model/run_original.stl,src/main/java/edu/cmu/px4/mavsdk/case_study/boundary_runaway/main/model/runbound.stl,2,2,-5.25,-315,-24,15,-0.5,-30,-9,21
10-01-2022_06-35-58,10-01-2022_06-37-53,PRIORITY - RUNAWAY,51,experiments/config/bound_run/randomized_config/config_51.ini,,-10,41,1.854271357,369,-10,-1,-4.914285714,-172,-36,17,-3.633165829,-723,-33,-1,-16.57142857,-580,NaN,NaN,NaN,-99999,99999,NaN,0,-99999,99999,NaN,0,0,0,0,0,81,57,25,3,10,9,3,8,-5,-13,PRIORITY - RUNAWAY,200,src/main/java/edu/cmu/px4/mavsdk/case_study/boundary_runaway/main/model/bound_original.stl,src/main/java/edu/cmu/px4/mavsdk/case_study/boundary_runaway/main/model/run_original.stl,src/main/java/edu/cmu/px4/mavsdk/case_study/boundary_runaway/main/model/runbound.stl,2,2,-17.15384615,-1338,-36,3,-0.358974359,-28,-10,12
10-02-2022_11-38-45,10-02-2022_11-40-42,PRIORITY - RUNAWAY,52,experiments/config/bound_run/randomized_config/config_52.ini,,-9,56,1.733668342,345,-9,-1,-3.7375,-299,-85,17,-12.99497487,-2586,-85,-3,-25.875,-2070,NaN,NaN,NaN,-99999,99999,NaN,0,-99999,99999,NaN,0,0,0,0,0,120,47,24,2,7,9,4,6,20,-9,PRIORITY - RUNAWAY,200,src/main/java/edu/cmu/px4/mavsdk/case_study/boundary_runaway/main/model/bound_original.stl,src/main/java/edu/cmu/px4/mavsdk/case_study/boundary_runaway/main/model/run_original.stl,src/main/java/edu/cmu/px4/mavsdk/case_study/boundary_runaway/main/model/runbound.stl,2,2,-25.57758621,-2967,-85,-1,-1.525862069,-177,-9,17
10-02-2022_11-48-46,10-02-2022_11-50-42,PRIORITY - RUNAWAY,53,experiments/config/bound_run/randomized_config/config_53.ini,,-10,23,2.206030151,439,-10,-1,-4.290322581,-266,-84,17,-18.27135678,-3636,-79,-1,-26.48387097,-1642,NaN,NaN,NaN,-99999,99999,NaN,0,-99999,99999,NaN,0,0,0,0,0,76,81,23,1,8,9,6,7,-7,17,PRIORITY - RUNAWAY,200,src/main/java/edu/cmu/px4/mavsdk/case_study/boundary_runaway/main/model/bound_original.stl,src/main/java/edu/cmu/px4/mavsdk/case_study/boundary_runaway/main/model/run_original.stl,src/main/java/edu/cmu/px4/mavsdk/case_study/boundary_runaway/main/model/runbound.stl,2,2,-29.81818182,-3936,-84,0,1.386363636,183,-10,21
10-02-2022_11-56-28,10-02-2022_11-58-24,PRIORITY - RUNAWAY,54,experiments/config/bound_run/randomized_config/config_54.ini,,-9,43,7.346733668,1462,-9,-1,-4.217391304,-97,-13,17,0.030150754,6,-9,-1,-4.043478261,-93,NaN,NaN,NaN,-99999,99999,NaN,0,-99999,99999,NaN,0,0,0,0,0,44,71,9,9,14,9,9,11,0,-19,PRIORITY - RUNAWAY,200,src/main/java/edu/cmu/px4/mavsdk/case_study/boundary_runaway/main/model/bound_original.stl,src/main/java/edu/cmu/px4/mavsdk/case_study/boundary_runaway/main/model/run_original.stl,src/main/java/edu/cmu/px4/mavsdk/case_study/boundary_runaway/main/model/runbound.stl,2,2,-4.319148936,-203,-13,2,-0.510638298,-24,-9,12
10-02-2022_12-00-17,10-02-2022_12-02-13,PRIORITY - RUNAWAY,55,experiments/config/bound_run/randomized_config/config_55.ini,,-9,23,7.56281407,1505,-9,-1,-4.714285714,-132,-16,16,-1.341708543,-267,-12,-1,-6.285714286,-176,NaN,NaN,NaN,-99999,99999,NaN,0,-99999,99999,NaN,0,0,0,0,0,43,81,16,9,14,9,11,12,-15,14,PRIORITY - RUNAWAY,200,src/main/java/edu/cmu/px4/mavsdk/case_study/boundary_runaway/main/model/bound_original.stl,src/main/java/edu/cmu/px4/mavsdk/case_study/boundary_runaway/main/model/run_original.stl,src/main/java/edu/cmu/px4/mavsdk/case_study/boundary_runaway/main/model/runbound.stl,2,2,-6.796610169,-401,-16,3,0.830508475,49,-9,15
10-02-2022_12-06-39,10-02-2022_12-08-36,PRIORITY - RUNAWAY,56,experiments/config/bound_run/randomized_config/config_56.ini,,-9,46,4.532663317,902,-8,-1,-4.130434783,-95,-20,19,1.050251256,209,-18,-1,-8.652173913,-199,NaN,NaN,NaN,-99999,99999,NaN,0,-99999,99999,NaN,0,0,0,0,0,69,56,23,1,13,9,3,5,-1,5,PRIORITY - RUNAWAY,200,src/main/java/edu/cmu/px4/mavsdk/case_study/boundary_runaway/main/model/bound_original.stl,src/main/java/edu/cmu/px4/mavsdk/case_study/boundary_runaway/main/model/run_original.stl,src/main/java/edu/cmu/px4/mavsdk/case_study/boundary_runaway/main/model/runbound.stl,2,2,-8.2,-410,-20,4,-0.78,-39,-9,8
10-02-2022_12-22-35,10-02-2022_12-24-31,PRIORITY - RUNAWAY,57,experiments/config/bound_run/randomized_config/config_57.ini,,-10,40,3.497487437,696,-10,-1,-3.74137931,-217,-77,13,-14.1758794,-2821,-77,-1,-23.36206897,-1355,NaN,NaN,NaN,-99999,99999,NaN,0,-99999,99999,NaN,0,0,0,0,0,77,67,21,2,10,9,6,9,-7,-14,PRIORITY - RUNAWAY,200,src/main/java/edu/cmu/px4/mavsdk/case_study/boundary_runaway/main/model/bound_original.stl,src/main/java/edu/cmu/px4/mavsdk/case_study/boundary_runaway/main/model/run_original.stl,src/main/java/edu/cmu/px4/mavsdk/case_study/boundary_runaway/main/model/runbound.stl,2,2,-27.01724138,-3134,-77,2,1.922413793,223,-10,15
10-02-2022_12-27-24,10-02-2022_12-29-21,PRIORITY - RUNAWAY,58,experiments/config/bound_run/randomized_config/config_58.ini,,-9,56,3.804020101,757,-9,-1,-4.318181818,-95,-15,18,0.788944724,157,-13,-1,-6.181818182,-136,NaN,NaN,NaN,-99999,99999,NaN,0,-99999,99999,NaN,0,0,0,0,0,65,61,25,4,12,9,5,6,11,-18,PRIORITY - RUNAWAY,200,src/main/java/edu/cmu/px4/mavsdk/case_study/boundary_runaway/main/model/bound_original.stl,src/main/java/edu/cmu/px4/mavsdk/case_study/boundary_runaway/main/model/run_original.stl,src/main/java/edu/cmu/px4/mavsdk/case_study/boundary_runaway/main/model/runbound.stl,2,2,-5.653846154,-294,-15,3,-1.788461538,-93,-9,7
10-02-2022_12-39-36,10-02-2022_12-41-33,PRIORITY - RUNAWAY,59,experiments/config/bound_run/randomized_config/config_59.ini,,-8,46,5.879396985,1170,-8,-1,-3.904761905,-82,-25,19,1.738693467,346,-20,-1,-6.523809524,-137,NaN,NaN,NaN,-99999,99999,NaN,0,-99999,99999,NaN,0,0,0,0,0,65,53,23,1,14,9,2,4,3,0,PRIORITY - RUNAWAY,200,src/main/java/edu/cmu/px4/mavsdk/case_study/boundary_runaway/main/model/bound_original.stl,src/main/java/edu/cmu/px4/mavsdk/case_study/boundary_runaway/main/model/run_original.stl,src/main/java/edu/cmu/px4/mavsdk/case_study/boundary_runaway/main/model/runbound.stl,2,2,-8.087719298,-461,-25,6,1.245614035,71,-8,10
10-02-2022_13-10-36,10-02-2022_13-12-32,PRIORITY - RUNAWAY,60,experiments/config/bound_run/randomized_config/config_60.ini,,-9,46,8.281407035,1648,-9,-1,-4.85,-97,-16,19,0.783919598,156,-15,-1,-4.65,-93,NaN,NaN,NaN,-99999,99999,NaN,0,-99999,99999,NaN,0,0,0,0,0,42,64,17,6,14,9,8,13,-3,7,PRIORITY - RUNAWAY,200,src/main/java/edu/cmu/px4/mavsdk/case_study/boundary_runaway/main/model/bound_original.stl,src/main/java/edu/cmu/px4/mavsdk/case_study/boundary_runaway/main/model/run_original.stl,src/main/java/edu/cmu/px4/mavsdk/case_study/boundary_runaway/main/model/runbound.stl,2,2,-5.5,-275,-16,2,2.82,141,-9,20
10-02-2022_13-15-31,10-02-2022_13-17-27,PRIORITY - RUNAWAY,61,experiments/config/bound_run/randomized_config/config_61.ini,,-9,29,7.673366834,1527,-9,-1,-4.28,-107,-20,13,-1.738693467,-346,-16,-1,-6.64,-166,NaN,NaN,NaN,-99999,99999,NaN,0,-99999,99999,NaN,0,0,0,0,0,42,86,6,3,14,9,11,12,-16,-15,PRIORITY - RUNAWAY,200,src/main/java/edu/cmu/px4/mavsdk/case_study/boundary_runaway/main/model/bound_original.stl,src/main/java/edu/cmu/px4/mavsdk/case_study/boundary_runaway/main/model/run_original.stl,src/main/java/edu/cmu/px4/mavsdk/case_study/boundary_runaway/main/model/runbound.stl,2,2,-6.444444444,-406,-20,2,3.222222222,203,-9,25
10-02-2022_13-21-15,10-02-2022_13-23-10,PRIORITY - RUNAWAY,62,experiments/config/bound_run/randomized_config/config_62.ini,,-9,46,2.035175879,405,-9,-1,-3.518072289,-292,-156,19,-44.16080402,-8788,-156,-1,-58.68674699,-4871,NaN,NaN,NaN,-99999,99999,NaN,0,-99999,99999,NaN,0,0,0,0,0,105,67,18,1,12,9,6,11,13,-4,PRIORITY - RUNAWAY,200,src/main/java/edu/cmu/px4/mavsdk/case_study/boundary_runaway/main/model/bound_original.stl,src/main/java/edu/cmu/px4/mavsdk/case_study/boundary_runaway/main/model/run_original.stl,src/main/java/edu/cmu/px4/mavsdk/case_study/boundary_runaway/main/model/runbound.stl,2,2,-65.20143885,-9063,-156,0,-0.129496403,-18,-9,18
10-02-2022_13-27-14,10-02-2022_13-29-09,PRIORITY - RUNAWAY,63,experiments/config/bound_run/randomized_config/config_63.ini,,-9,51,2.698492462,537,-9,-1,-4.307692308,-224,-65,19,-13.64321608,-2715,-57,-1,-23.94230769,-1245,NaN,NaN,NaN,-99999,99999,NaN,0,-99999,99999,NaN,0,0,0,0,0,90,71,20,2,9,9,3,7,9,-12,PRIORITY - RUNAWAY,200,src/main/java/edu/cmu/px4/mavsdk/case_study/boundary_runaway/main/model/bound_original.stl,src/main/java/edu/cmu/px4/mavsdk/case_study/boundary_runaway/main/model/run_original.stl,src/main/java/edu/cmu/px4/mavsdk/case_study/boundary_runaway/main/model/runbound.stl,2,2,-26.70940171,-3125,-65,2,0.606837607,71,-9,14
10-02-2022_13-43-40,10-02-2022_13-45-36,PRIORITY - RUNAWAY,64,experiments/config/bound_run/randomized_config/config_64.ini,,-9,57,4.216080402,839,-7,-1,-4,-84,-31,17,0.27638191,55,-29,-1,-12.80952381,-269,NaN,NaN,NaN,-99999,99999,NaN,0,-99999,99999,NaN,0,0,0,0,0,77,42,23,2,8,9,3,4,10,-14,PRIORITY - RUNAWAY,200,src/main/java/edu/cmu/px4/mavsdk/case_study/boundary_runaway/main/model/bound_original.stl,src/main/java/edu/cmu/px4/mavsdk/case_study/boundary_runaway/main/model/run_original.stl,src/main/java/edu/cmu/px4/mavsdk/case_study/boundary_runaway/main/model/runbound.stl,2,2,-12.25,-637,-31,2,-0.057692308,-3,-8,11
10-03-2022_21-21-06,10-03-2022_21-23-04,PRIORITY - RUNAWAY,65,experiments/config/bound_run/randomized_config/config_65.ini,"",-9.0,54.0,4.613065326633166,918.0,-9.0,-1.0,-4.071428571428571,-114.0,-22.0,13.0,0.49748743718592964,99.0,-20.0,-1.0,-7.0,-196.0,NaN,NaN,NaN,-99999.0,99999.0,NaN,0.0,-99999.0,99999.0,NaN,0.0,0,0,0,0.0,77,40,29,3,8.0,9.0,2.0,4.0,4.0,-15.0,PRIORITY - RUNAWAY,200,src/main/java/edu/cmu/px4/mavsdk/case_study/boundary_runaway/main/model/bound_original.stl,src/main/java/edu/cmu/px4/mavsdk/case_study/boundary_runaway/main/model/run_original.stl,src/main/java/edu/cmu/px4/mavsdk/case_study/boundary_runaway/main/model/runbound.stl,2,2,-7.763636364,-427,-22,3,-1.181818182,-65,-9,8
10-02-2022_14-03-29,10-02-2022_14-05-26,PRIORITY - RUNAWAY,66,experiments/config/bound_run/randomized_config/config_66.ini,,-9,54,8.075376884,1607,-9,-1,-3.473684211,-66,-11,12,2.331658291,464,-7,-1,-2.526315789,-48,NaN,NaN,NaN,-99999,99999,NaN,0,-99999,99999,NaN,0,0,0,0,0,81,26,5,1,4,9,1,2,5,-10,PRIORITY - RUNAWAY,200,src/main/java/edu/cmu/px4/mavsdk/case_study/boundary_runaway/main/model/bound_original.stl,src/main/java/edu/cmu/px4/mavsdk/case_study/boundary_runaway/main/model/run_original.stl,src/main/java/edu/cmu/px4/mavsdk/case_study/boundary_runaway/main/model/runbound.stl,2,2,-1.847826087,-85,-11,8,-2.02173913,-93,-9,4
10-01-2022_19-45-43,10-01-2022_19-47-39,PRIORITY - RUNAWAY,67,experiments/config/bound_run/randomized_config/config_67.ini,,-9,29,0.688442211,137,-9,-1,-3.684931507,-269,-100,16,-29.06532663,-5784,-92,-1,-39.4109589,-2877,NaN,NaN,NaN,-99999,99999,NaN,0,-99999,99999,NaN,0,0,0,0,0,102,71,6,1,10,9,4,9,11,19,PRIORITY - RUNAWAY,200,src/main/java/edu/cmu/px4/mavsdk/case_study/boundary_runaway/main/model/bound_original.stl,src/main/java/edu/cmu/px4/mavsdk/case_study/boundary_runaway/main/model/run_original.stl,src/main/java/edu/cmu/px4/mavsdk/case_study/boundary_runaway/main/model/runbound.stl,2,2,-44.89781022,-6151,-100,-1,-0.321167883,-44,-9,17
10-02-2022_14-07-30,10-02-2022_14-09-25,PRIORITY - RUNAWAY,68,experiments/config/bound_run/randomized_config/config_68.ini,,-9,41,1.663316583,331,-9,-1,-3.337349398,-277,-153,18,-52.13567839,-10375,-153,-1,-62.90361446,-5221,NaN,NaN,NaN,-99999,99999,NaN,0,-99999,99999,NaN,0,0,0,0,0,105,73,16,2,12,9,8,11,-5,-15,PRIORITY - RUNAWAY,200,src/main/java/edu/cmu/px4/mavsdk/case_study/boundary_runaway/main/model/bound_original.stl,src/main/java/edu/cmu/px4/mavsdk/case_study/boundary_runaway/main/model/run_original.stl,src/main/java/edu/cmu/px4/mavsdk/case_study/boundary_runaway/main/model/runbound.stl,2,2,-68.03225806,-10545,-153,17,0.651612903,101,-9,20
10-02-2022_15-31-58,10-02-2022_15-33-54,PRIORITY - RUNAWAY,69,experiments/config/bound_run/randomized_config/config_69.ini,,-10,38,1.376884422,274,-10,-1,-4.166666667,-175,-25,19,0.693467337,138,-21,-1,-9.595238095,-403,NaN,NaN,NaN,-99999,99999,NaN,0,-99999,99999,NaN,0,0,0,0,0,100,32,24,2,6,9,2,4,0,11,PRIORITY - RUNAWAY,200,src/main/java/edu/cmu/px4/mavsdk/case_study/boundary_runaway/main/model/bound_original.stl,src/main/java/edu/cmu/px4/mavsdk/case_study/boundary_runaway/main/model/run_original.stl,src/main/java/edu/cmu/px4/mavsdk/case_study/boundary_runaway/main/model/runbound.stl,2,2,-9.283783784,-687,-25,6,-2.256756757,-167,-10,6
10-02-2022_15-38-11,10-02-2022_15-40-07,PRIORITY - RUNAWAY,70,experiments/config/bound_run/randomized_config/config_70.ini,,-9,49,3.100502513,617,-9,-1,-4.160714286,-233,-72,15,-12.94974874,-2577,-65,-1,-18.07142857,-1012,NaN,NaN,NaN,-99999,99999,NaN,0,-99999,99999,NaN,0,0,0,0,0,80,82,19,3,12,9,7,10,18,-12,PRIORITY - RUNAWAY,200,src/main/java/edu/cmu/px4/mavsdk/case_study/boundary_runaway/main/model/bound_original.stl,src/main/java/edu/cmu/px4/mavsdk/case_study/boundary_runaway/main/model/run_original.stl,src/main/java/edu/cmu/px4/mavsdk/case_study/boundary_runaway/main/model/runbound.stl,2,2,-22.97637795,-2918,-72,7,1.307086614,166,-9,23
10-02-2022_14-24-50,10-02-2022_14-26-46,PRIORITY - RUNAWAY,71,experiments/config/bound_run/randomized_config/config_71.ini,,-8,49,3.819095477,760,-7,-1,-2.761904762,-116,-24,13,0.180904523,36,-23,-1,-7.119047619,-299,NaN,NaN,NaN,-99999,99999,NaN,0,-99999,99999,NaN,0,0,0,0,0,98,33,20,0,5,9,1,3,-5,-15,PRIORITY - RUNAWAY,200,src/main/java/edu/cmu/px4/mavsdk/case_study/boundary_runaway/main/model/bound_original.stl,src/main/java/edu/cmu/px4/mavsdk/case_study/boundary_runaway/main/model/run_original.stl,src/main/java/edu/cmu/px4/mavsdk/case_study/boundary_runaway/main/model/runbound.stl,2,2,-5.431818182,-478,-24,7,-1.670454545,-147,-8,4
10-01-2022_08-34-19,10-01-2022_08-36-15,PRIORITY - RUNAWAY,72,experiments/config/bound_run/randomized_config/config_72.ini,,-10,45,10.75879397,2141,-10,-1,-4.3,-86,-18,19,-0.512562814,-102,-16,-2,-6.75,-135,NaN,NaN,NaN,-99999,99999,NaN,0,-99999,99999,NaN,0,0,0,0,0,35,82,17,10,14,9,10,11,-2,3,PRIORITY - RUNAWAY,200,src/main/java/edu/cmu/px4/mavsdk/case_study/boundary_runaway/main/model/bound_original.stl,src/main/java/edu/cmu/px4/mavsdk/case_study/boundary_runaway/main/model/run_original.stl,src/main/java/edu/cmu/px4/mavsdk/case_study/boundary_runaway/main/model/runbound.stl,2,2,-4.904761905,-206,-16,4,0.5,21,-10,19
10-02-2022_14-28-54,10-02-2022_14-30-51,PRIORITY - RUNAWAY,73,experiments/config/bound_run/randomized_config/config_73.ini,,-9,35,5.100502513,1015,-8,-1,-4,-48,-17,18,3.974874372,791,-12,-2,-5.416666667,-65,NaN,NaN,NaN,-99999,99999,NaN,0,-99999,99999,NaN,0,0,0,0,0,60,37,22,2,11,9,2,3,-15,-2,PRIORITY - RUNAWAY,200,src/main/java/edu/cmu/px4/mavsdk/case_study/boundary_runaway/main/model/bound_original.stl,src/main/java/edu/cmu/px4/mavsdk/case_study/boundary_runaway/main/model/run_original.stl,src/main/java/edu/cmu/px4/mavsdk/case_study/boundary_runaway/main/model/runbound.stl,2,2,-4.846153846,-126,-17,5,-1.769230769,-46,-9,7
10-02-2022_16-36-11,10-02-2022_16-38-07,PRIORITY - RUNAWAY,74,experiments/config/bound_run/randomized_config/config_74.ini,,-10,49,3.185929648,634,-10,-1,-3.754716981,-199,-40,16,-5.291457286,-1053,-34,-1,-15.62264151,-828,NaN,NaN,NaN,-99999,99999,NaN,0,-99999,99999,NaN,0,0,0,0,0,86,55,27,3,10,9,5,8,7,-20,PRIORITY - RUNAWAY,200,src/main/java/edu/cmu/px4/mavsdk/case_study/boundary_runaway/main/model/bound_original.stl,src/main/java/edu/cmu/px4/mavsdk/case_study/boundary_runaway/main/model/run_original.stl,src/main/java/edu/cmu/px4/mavsdk/case_study/boundary_runaway/main/model/runbound.stl,2,2,-15.62,-1562,-40,0,0.5,50,-10,18
10-02-2022_15-51-43,10-02-2022_15-53-39,PRIORITY - RUNAWAY,75,experiments/config/bound_run/randomized_config/config_75.ini,,-9,47,5.959798995,1186,-9,-1,-4.129032258,-128,-42,13,-3.984924623,-793,-39,-1,-13.06451613,-405,NaN,NaN,NaN,-99999,99999,NaN,0,-99999,99999,NaN,0,0,0,0,0,59,76,21,5,13,9,8,10,6,-18,PRIORITY - RUNAWAY,200,src/main/java/edu/cmu/px4/mavsdk/case_study/boundary_runaway/main/model/bound_original.stl,src/main/java/edu/cmu/px4/mavsdk/case_study/boundary_runaway/main/model/run_original.stl,src/main/java/edu/cmu/px4/mavsdk/case_study/boundary_runaway/main/model/runbound.stl,2,2,-16.26086957,-1122,-42,2,1.695652174,117,-9,18
10-02-2022_17-27-08,10-02-2022_17-29-05,PRIORITY - BOUNDARY,76,experiments/config/bound_run/randomized_config/config_76.ini,,-10,42,3.361809045,669,-10,-1,-3.935483871,-122,-10,11,1.809045226,360,-10,-1,-4.258064516,-132,NaN,NaN,NaN,-99999,99999,NaN,0,-99999,99999,NaN,0,0,0,0,0,47,67,31,1,10,9,3,8,-5,-13,PRIORITY - BOUNDARY,200,src/main/java/edu/cmu/px4/mavsdk/case_study/boundary_runaway/main/model/bound_original.stl,src/main/java/edu/cmu/px4/mavsdk/case_study/boundary_runaway/main/model/run_original.stl,src/main/java/edu/cmu/px4/mavsdk/case_study/boundary_runaway/main/model/runbound.stl,2,2,-3.790697674,-163,-10,4,-2.953488372,-127,-10,6
10-02-2022_16-46-18,10-02-2022_16-48-15,PRIORITY - BOUNDARY,77,experiments/config/bound_run/randomized_config/config_77.ini,,-10,54,2.020100503,402,-10,-1,-5.217391304,-120,-7,17,5.060301508,1007,-7,-1,-3.391304348,-78,NaN,NaN,NaN,-99999,99999,NaN,0,-99999,99999,NaN,0,0,0,0,0,72,46,31,2,7,9,4,6,20,-9,PRIORITY - BOUNDARY,200,src/main/java/edu/cmu/px4/mavsdk/case_study/boundary_runaway/main/model/bound_original.stl,src/main/java/edu/cmu/px4/mavsdk/case_study/boundary_runaway/main/model/run_original.stl,src/main/java/edu/cmu/px4/mavsdk/case_study/boundary_runaway/main/model/runbound.stl,2,2,-2.344827586,-68,-7,3,-4.896551724,-142,-10,-1
10-01-2022_09-07-17,10-01-2022_09-09-14,PRIORITY - BOUNDARY,78,experiments/config/bound_run/randomized_config/config_78.ini,,-10,21,3.150753769,627,-9,-1,-4.393939394,-145,-11,16,2.814070352,560,-11,-1,-4.696969697,-155,NaN,NaN,NaN,-99999,99999,NaN,0,-99999,99999,NaN,0,0,0,0,0,35,67,8,5,8,9,6,7,-7,17,PRIORITY - BOUNDARY,200,src/main/java/edu/cmu/px4/mavsdk/case_study/boundary_runaway/main/model/bound_original.stl,src/main/java/edu/cmu/px4/mavsdk/case_study/boundary_runaway/main/model/run_original.stl,src/main/java/edu/cmu/px4/mavsdk/case_study/boundary_runaway/main/model/runbound.stl,2,2,-3.95,-158,-11,3,-4.075,-163,-9,5
10-01-2022_09-11-07,10-01-2022_09-13-04,PRIORITY - BOUNDARY,79,experiments/config/bound_run/randomized_config/config_79.ini,,-9,44,8.512562814,1694,-9,-1,-5.130434783,-118,-12,17,1.64321608,327,-9,-1,-5.304347826,-122,NaN,NaN,NaN,-99999,99999,NaN,0,-99999,99999,NaN,0,0,0,0,0,27,82,17,8,14,9,9,11,0,-19,PRIORITY - BOUNDARY,200,src/main/java/edu/cmu/px4/mavsdk/case_study/boundary_runaway/main/model/bound_original.stl,src/main/java/edu/cmu/px4/mavsdk/case_study/boundary_runaway/main/model/run_original.stl,src/main/java/edu/cmu/px4/mavsdk/case_study/boundary_runaway/main/model/runbound.stl,2,2,-4.357142857,-122,-9,2,-4.464285714,-125,-9,3
10-01-2022_09-15-00,10-01-2022_09-16-57,PRIORITY - BOUNDARY,80,experiments/config/bound_run/randomized_config/config_80.ini,,-9,35,9.16080402,1823,-8,-1,-3.842105263,-73,-14,17,0.386934673,77,-11,-1,-5.105263158,-97,NaN,NaN,NaN,-99999,99999,NaN,0,-99999,99999,NaN,0,0,0,0,0,20,95,18,9,14,9,11,12,-15,14,PRIORITY - BOUNDARY,200,src/main/java/edu/cmu/px4/mavsdk/case_study/boundary_runaway/main/model/bound_original.stl,src/main/java/edu/cmu/px4/mavsdk/case_study/boundary_runaway/main/model/run_original.stl,src/main/java/edu/cmu/px4/mavsdk/case_study/boundary_runaway/main/model/runbound.stl,2,2,-4.822222222,-217,-14,6,0.533333333,24,-8,14
10-01-2022_09-18-52,10-01-2022_09-20-50,PRIORITY - BOUNDARY,81,experiments/config/bound_run/randomized_config/config_81.ini,,-8,46,4.457286432,887,-8,-1,-3.472222222,-125,-18,19,-0.43718593,-87,-18,-1,-8.222222222,-296,NaN,NaN,NaN,-99999,99999,NaN,0,-99999,99999,NaN,0,0,0,0,0,38,83,25,3,13,9,3,5,-1,5,PRIORITY - BOUNDARY,200,src/main/java/edu/cmu/px4/mavsdk/case_study/boundary_runaway/main/model/bound_original.stl,src/main/java/edu/cmu/px4/mavsdk/case_study/boundary_runaway/main/model/run_original.stl,src/main/java/edu/cmu/px4/mavsdk/case_study/boundary_runaway/main/model/runbound.stl,2,2,-8.529411765,-435,-18,-1,-1.960784314,-100,-8,3
10-02-2022_16-50-25,10-02-2022_16-52-22,PRIORITY - BOUNDARY,82,experiments/config/bound_run/randomized_config/config_82.ini,,-10,41,4.753768844,946,-8,-1,-4.166666667,-75,-9,13,3.075376884,612,-7,-1,-2.555555556,-46,NaN,NaN,NaN,-99999,99999,NaN,0,-99999,99999,NaN,0,0,0,0,0,46,57,20,5,10,9,6,9,-7,-14,PRIORITY - BOUNDARY,200,src/main/java/edu/cmu/px4/mavsdk/case_study/boundary_runaway/main/model/bound_original.stl,src/main/java/edu/cmu/px4/mavsdk/case_study/boundary_runaway/main/model/run_original.stl,src/main/java/edu/cmu/px4/mavsdk/case_study/boundary_runaway/main/model/runbound.stl,2,2,-1.3125,-42,-9,4,-4.09375,-131,-10,1
10-01-2022_09-28-37,10-01-2022_09-30-36,PRIORITY - BOUNDARY,83,experiments/config/bound_run/randomized_config/config_83.ini,,-9,57,3.914572864,779,-9,-1,-4.2,-105,-14,18,2.944723618,586,-14,-1,-7.2,-180,NaN,NaN,NaN,-99999,99999,NaN,0,-99999,99999,NaN,0,0,0,0,0,53,67,24,2,12,9,5,6,11,-18,PRIORITY - BOUNDARY,200,src/main/java/edu/cmu/px4/mavsdk/case_study/boundary_runaway/main/model/bound_original.stl,src/main/java/edu/cmu/px4/mavsdk/case_study/boundary_runaway/main/model/run_original.stl,src/main/java/edu/cmu/px4/mavsdk/case_study/boundary_runaway/main/model/runbound.stl,2,2,-5.702702703,-211,-14,8,-3.027027027,-112,-9,3
10-02-2022_16-17-53,10-02-2022_16-19-50,PRIORITY - BOUNDARY,84,experiments/config/bound_run/randomized_config/config_84.ini,,-9,46,5.743718593,1143,-8,-2,-4.5,-45,-16,19,6.246231156,1243,-10,-1,-3.8,-38,NaN,NaN,NaN,-99999,99999,NaN,0,-99999,99999,NaN,0,0,0,0,0,55,49,23,1,14,9,2,4,3,0,PRIORITY - BOUNDARY,200,src/main/java/edu/cmu/px4/mavsdk/case_study/boundary_runaway/main/model/bound_original.stl,src/main/java/edu/cmu/px4/mavsdk/case_study/boundary_runaway/main/model/run_original.stl,src/main/java/edu/cmu/px4/mavsdk/case_study/boundary_runaway/main/model/runbound.stl,2,2,-0.555555556,-10,-10,8,-4.666666667,-84,-9,-1
10-02-2022_16-21-57,10-02-2022_16-23-53,PRIORITY - BOUNDARY,85,experiments/config/bound_run/randomized_config/config_85.ini,,-10,46,9.381909548,1867,-9,-1,-4.826086957,-111,-15,19,0.381909548,76,-15,-1,-5.217391304,-120,NaN,NaN,NaN,-99999,99999,NaN,0,-99999,99999,NaN,0,0,0,0,0,20,90,18,6,14,9,8,13,-3,7,PRIORITY - BOUNDARY,200,src/main/java/edu/cmu/px4/mavsdk/case_study/boundary_runaway/main/model/bound_original.stl,src/main/java/edu/cmu/px4/mavsdk/case_study/boundary_runaway/main/model/run_original.stl,src/main/java/edu/cmu/px4/mavsdk/case_study/boundary_runaway/main/model/runbound.stl,2,2,-4.285714286,-150,-15,3,-2.6,-91,-9,13
10-02-2022_15-21-00,10-02-2022_15-22-57,PRIORITY - BOUNDARY,86,experiments/config/bound_run/randomized_config/config_86.ini,,-10,30,9.477386935,1886,-9,-1,-4.333333333,-52,-13,18,1.180904523,235,-13,-2,-5.833333333,-70,NaN,NaN,NaN,-99999,99999,NaN,0,-99999,99999,NaN,0,0,0,0,0,23,86,7,8,14,9,11,12,-16,-15,PRIORITY - BOUNDARY,200,src/main/java/edu/cmu/px4/mavsdk/case_study/boundary_runaway/main/model/bound_original.stl,src/main/java/edu/cmu/px4/mavsdk/case_study/boundary_runaway/main/model/run_original.stl,src/main/java/edu/cmu/px4/mavsdk/case_study/boundary_runaway/main/model/runbound.stl,2,2,-5.913043478,-136,-13,1,0.260869565,6,-9,10
10-02-2022_16-25-57,10-02-2022_16-27-53,PRIORITY - BOUNDARY,87,experiments/config/bound_run/randomized_config/config_87.ini,,-10,44,5.366834171,1068,-8,-1,-4.851851852,-131,-10,17,2.889447236,575,-8,-1,-3.444444444,-93,NaN,NaN,NaN,-99999,99999,NaN,0,-99999,99999,NaN,0,0,0,0,0,36,70,23,6,12,9,6,11,13,-4,PRIORITY - BOUNDARY,200,src/main/java/edu/cmu/px4/mavsdk/case_study/boundary_runaway/main/model/bound_original.stl,src/main/java/edu/cmu/px4/mavsdk/case_study/boundary_runaway/main/model/run_original.stl,src/main/java/edu/cmu/px4/mavsdk/case_study/boundary_runaway/main/model/runbound.stl,2,2,-1.465116279,-63,-8,11,-4.23255814,-182,-10,3
10-01-2022_09-55-53,10-01-2022_09-57-51,PRIORITY - BOUNDARY,88,experiments/config/bound_run/randomized_config/config_88.ini,,-10,51,3.055276382,608,-10,-1,-4.878787879,-161,-11,15,3.055276382,608,-11,-1,-4.515151515,-149,NaN,NaN,NaN,-99999,99999,NaN,0,-99999,99999,NaN,0,0,0,0,0,56,55,29,4,9,9,3,7,9,-12,PRIORITY - BOUNDARY,200,src/main/java/edu/cmu/px4/mavsdk/case_study/boundary_runaway/main/model/bound_original.stl,src/main/java/edu/cmu/px4/mavsdk/case_study/boundary_runaway/main/model/run_original.stl,src/main/java/edu/cmu/px4/mavsdk/case_study/boundary_runaway/main/model/runbound.stl,2,2,-3.35,-134,-11,6,-4.525,-181,-10,4
10-03-2022_10-33-32,10-03-2022_10-35-29,PRIORITY - BOUNDARY,89,experiments/config/bound_run/randomized_config/config_89.ini,,-8,57,4.361809045,868,-8,-1,-2.555555556,-46,-14,17,3.467336683,690,-10,-1,-4.055555556,-73,NaN,NaN,NaN,-99999,99999,NaN,0,-99999,99999,NaN,0,0,0,0,0,53,48,24,6,8,9,3,4,10,-14,PRIORITY - BOUNDARY,200,src/main/java/edu/cmu/px4/mavsdk/case_study/boundary_runaway/main/model/bound_original.stl,src/main/java/edu/cmu/px4/mavsdk/case_study/boundary_runaway/main/model/run_original.stl,src/main/java/edu/cmu/px4/mavsdk/case_study/boundary_runaway/main/model/runbound.stl,2,2,-2.534883721,-109,-14,7,-2.465116279,-106,-8,4
10-01-2022_11-07-31,10-01-2022_11-09-29,PRIORITY - BOUNDARY,90,experiments/config/bound_run/randomized_config/config_90.ini,,-9,53,4.35678392,867,-8,-1,-4.086956522,-94,-10,16,5.065326633,1008,-10,-1,-4.434782609,-102,NaN,NaN,NaN,-99999,99999,NaN,0,-99999,99999,NaN,0,0,0,0,0,57,42,8,2,8,9,2,4,4,-15,PRIORITY - BOUNDARY,200,src/main/java/edu/cmu/px4/mavsdk/case_study/boundary_runaway/main/model/bound_original.stl,src/main/java/edu/cmu/px4/mavsdk/case_study/boundary_runaway/main/model/run_original.stl,src/main/java/edu/cmu/px4/mavsdk/case_study/boundary_runaway/main/model/runbound.stl,2,2,-2.923076923,-114,-10,7,-3.282051282,-128,-9,2
10-01-2022_11-17-54,10-01-2022_11-19-52,PRIORITY - BOUNDARY,91,experiments/config/bound_run/randomized_config/config_91.ini,,-8,54,8.100502513,1612,-8,-1,-2.928571429,-41,-6,18,5.206030151,1036,-6,-1,-2.214285714,-31,NaN,NaN,NaN,-99999,99999,NaN,0,-99999,99999,NaN,0,0,0,0,0,73,18,25,1,4,9,1,2,5,-10,PRIORITY - BOUNDARY,200,src/main/java/edu/cmu/px4/mavsdk/case_study/boundary_runaway/main/model/bound_original.stl,src/main/java/edu/cmu/px4/mavsdk/case_study/boundary_runaway/main/model/run_original.stl,src/main/java/edu/cmu/px4/mavsdk/case_study/boundary_runaway/main/model/runbound.stl,2,2,2.292682927,94,-6,13,-3.731707317,-153,-8,0
10-01-2022_11-34-20,10-01-2022_11-36-16,PRIORITY - BOUNDARY,92,experiments/config/bound_run/randomized_config/config_92.ini,,-10,29,2.487437186,495,-10,-1,-4.866666667,-146,-12,16,2.994974874,596,-12,-1,-4.233333333,-127,NaN,NaN,NaN,-99999,99999,NaN,0,-99999,99999,NaN,0,0,0,0,0,59,61,17,2,10,9,4,9,11,19,PRIORITY - BOUNDARY,200,src/main/java/edu/cmu/px4/mavsdk/case_study/boundary_runaway/main/model/bound_original.stl,src/main/java/edu/cmu/px4/mavsdk/case_study/boundary_runaway/main/model/run_original.stl,src/main/java/edu/cmu/px4/mavsdk/case_study/boundary_runaway/main/model/runbound.stl,2,2,-2.822222222,-127,-12,5,-3.711111111,-167,-10,12
10-02-2022_18-32-48,10-02-2022_18-34-44,PRIORITY - BOUNDARY,93,experiments/config/bound_run/randomized_config/config_93.ini,,-10,42,6.577889447,1309,-9,-1,-4,-104,-20,17,1.095477387,218,-20,-1,-6.653846154,-173,NaN,NaN,NaN,-99999,99999,NaN,0,-99999,99999,NaN,0,0,0,0,0,28,83,21,5,12,9,8,11,-5,-15,PRIORITY - BOUNDARY,200,src/main/java/edu/cmu/px4/mavsdk/case_study/boundary_runaway/main/model/bound_original.stl,src/main/java/edu/cmu/px4/mavsdk/case_study/boundary_runaway/main/model/run_original.stl,src/main/java/edu/cmu/px4/mavsdk/case_study/boundary_runaway/main/model/runbound.stl,2,2,-5.860465116,-252,-20,0,-1.023255814,-44,-9,18
10-01-2022_11-45-55,10-01-2022_11-47-52,PRIORITY - BOUNDARY,94,experiments/config/bound_run/randomized_config/config_94.ini,,-9,38,2.135678392,425,-8,-1,-4.176470588,-71,-6,17,6.386934673,1271,-6,-1,-2.823529412,-48,NaN,NaN,NaN,-99999,99999,NaN,0,-99999,99999,NaN,0,0,0,0,0,76,26,26,3,6,9,2,4,0,11,PRIORITY - BOUNDARY,200,src/main/java/edu/cmu/px4/mavsdk/case_study/boundary_runaway/main/model/bound_original.stl,src/main/java/edu/cmu/px4/mavsdk/case_study/boundary_runaway/main/model/run_original.stl,src/main/java/edu/cmu/px4/mavsdk/case_study/boundary_runaway/main/model/runbound.stl,2,2,0.205882353,7,-6,8,-4.617647059,-157,-9,-1
10-03-2022_10-44-17,10-03-2022_10-46-14,PRIORITY - BOUNDARY,95,experiments/config/bound_run/randomized_config/config_95.ini,,-10,49,6.648241206,1323,-9,-2,-4.642857143,-65,-13,18,2.964824121,590,-9,-1,-3.285714286,-46,NaN,NaN,NaN,-99999,99999,NaN,0,-99999,99999,NaN,0,0,0,0,0,35,68,12,5,12,9,7,10,18,-12,PRIORITY - BOUNDARY,200,src/main/java/edu/cmu/px4/mavsdk/case_study/boundary_runaway/main/model/bound_original.stl,src/main/java/edu/cmu/px4/mavsdk/case_study/boundary_runaway/main/model/run_original.stl,src/main/java/edu/cmu/px4/mavsdk/case_study/boundary_runaway/main/model/runbound.stl,2,2,-3.68,-92,-9,3,-1.68,-42,-9,7
10-01-2022_12-44-30,10-01-2022_12-46-54,PRIORITY - BOUNDARY,96,experiments/config/bound_run/randomized_config/config_96.ini,,-10,51,1.829145729,364,-10,-1,-8.557692308,-890,-44,14,-7.427135678,-1478,-15,-1,-14.38461538,-1496,NaN,NaN,NaN,-99999,99999,NaN,0,-99999,99999,NaN,0,0,0,0,0,25,131,43,0,5,9,1,3,-5,-15,PRIORITY - BOUNDARY,200,src/main/java/edu/cmu/px4/mavsdk/case_study/boundary_runaway/main/model/bound_original.stl,src/main/java/edu/cmu/px4/mavsdk/case_study/boundary_runaway/main/model/run_original.stl,src/main/java/edu/cmu/px4/mavsdk/case_study/boundary_runaway/main/model/runbound.stl,2,2,-13.08849558,-1479,-15,7,-8.203539823,-927,-10,0
10-01-2022_12-48-47,10-01-2022_12-50-44,PRIORITY - BOUNDARY,97,experiments/config/bound_run/randomized_config/config_97.ini,,-9,47,9.909547739,1972,-8,-2,-5.133333333,-77,-11,19,1.693467337,337,-7,-1,-3.666666667,-55,NaN,NaN,NaN,-99999,99999,NaN,0,-99999,99999,NaN,0,0,0,0,0,21,81,20,8,14,9,10,11,-2,3,PRIORITY - BOUNDARY,200,src/main/java/edu/cmu/px4/mavsdk/case_study/boundary_runaway/main/model/bound_original.stl,src/main/java/edu/cmu/px4/mavsdk/case_study/boundary_runaway/main/model/run_original.stl,src/main/java/edu/cmu/px4/mavsdk/case_study/boundary_runaway/main/model/runbound.stl,2,2,-4.25,-102,-10,1,-2.041666667,-49,-9,11
10-01-2022_12-52-41,10-01-2022_12-54-52,PRIORITY - BOUNDARY,98,experiments/config/bound_run/randomized_config/config_98.ini,,-9,111,19.84924623,3950,-9,-1,-3.818181818,-42,-71,17,-0.16080402,-32,-11,-1,-4.454545455,-49,NaN,NaN,NaN,-99999,99999,NaN,0,-99999,99999,NaN,0,0,0,0,0,23,52,1,2,11,9,2,3,-15,-2,PRIORITY - BOUNDARY,200,src/main/java/edu/cmu/px4/mavsdk/case_study/boundary_runaway/main/model/bound_original.stl,src/main/java/edu/cmu/px4/mavsdk/case_study/boundary_runaway/main/model/run_original.stl,src/main/java/edu/cmu/px4/mavsdk/case_study/boundary_runaway/main/model/runbound.stl,2,2,-22.41666667,-807,-71,3,38.75,1395,-9,111
10-01-2022_15-45-31,10-01-2022_15-47-31,PRIORITY - BOUNDARY,99,experiments/config/bound_run/randomized_config/config_99.ini,,-10,50,4.899497487,975,-8,-1,-4.363636364,-96,-9,15,3.502512563,697,-6,-1,-2.590909091,-57,NaN,NaN,NaN,-99999,99999,NaN,0,-99999,99999,NaN,0,0,0,0,0,42,58,32,5,10,9,5,8,7,-20,PRIORITY - BOUNDARY,200,src/main/java/edu/cmu/px4/mavsdk/case_study/boundary_runaway/main/model/bound_original.stl,src/main/java/edu/cmu/px4/mavsdk/case_study/boundary_runaway/main/model/run_original.stl,src/main/java/edu/cmu/px4/mavsdk/case_study/boundary_runaway/main/model/runbound.stl,2,2,-1.290322581,-40,-6,4,-4.516129032,-140,-8,-1
10-02-2022_17-00-29,10-02-2022_17-02-26,PRIORITY - BOUNDARY,100,experiments/config/bound_run/randomized_config/config_100.ini,,-10,47,7.236180905,1440,-10,-1,-4.523809524,-95,-9,14,2.291457286,456,-6,-1,-3.428571429,-72,NaN,NaN,NaN,-99999,99999,NaN,0,-99999,99999,NaN,0,0,0,0,0,30,73,21,8,13,9,8,10,6,-18,PRIORITY - BOUNDARY,200,src/main/java/edu/cmu/px4/mavsdk/case_study/boundary_runaway/main/model/bound_original.stl,src/main/java/edu/cmu/px4/mavsdk/case_study/boundary_runaway/main/model/run_original.stl,src/main/java/edu/cmu/px4/mavsdk/case_study/boundary_runaway/main/model/runbound.stl,2,2,-2.142857143,-75,-6,5,-3.542857143,-124,-10,5
,,,,,,,,,,,,,,,,,,,,,,,,,,,,,,,,,,,,,,,,,,,,,,,,,,,,,,,,,,,,,
,,,,,,,,,,,,,,,,,,,,,,,,,,,,,,,,,,,,,,,,,,,,,,,,,,,,,,,,,,,,,
,,,,,,,,,,,,,,,,,,,,,,,,,,,,,,,,,,,,,,,,,,,,,,,,,,,,,,,,,,,,,
,,,,,,,,,,,,,,,,,,,,,,,,,,,,,,,,,,,,,,,,,,,,,,,,,,,,,,,,,,,,,
,,,,,,,,,,,,,,,,,,,,,,,,,,,,,,,,,,,,,,,,,,,,,,,,,,,,,,,,,,,,,
,,,,,,,,,,,,,,,,,,,,,,0.259055415,,30.79238347,,,,,,,,,,,,,,,,,,,,,,,,,,,,,,,,,,,,,
,,,,,,,,,,,,,,,,,,,,,,~ 0.26 seconds,,,,,,,,,,,,,,,,,,,,,,,,,,,,,,,,,,,,,,,
,,,,,,,,,,,,,,,,,,,,,,,,,,,,,,,,,,,,,,,,,,,,,,,,,,,,,,,,,,,,,
,,,,,,,,,,,,,,,,,,,,,,,,,,,,,,,,,,,,,,,,,,,,,,,,,,,,,,,,,,,,,
,,,,,,,,,,,,,,,,,,,,,,,,,,,,,,,,,,,,,,,,,,,,,,,,,,,,,,,,,,,,,