start_time,finish_time,experiment_item,parameter_configuration_number,parameter_configuration_file_name,stl_requirement,runaway_min_robustness,runaway_max_robustness,runaway_average_robustness,runaway_cumulative_robustness,boundary_min_robustness,boundary_max_robustness,boundary_average_robustness,boundary_cumulative_robustness,avg_resolution_time,avg_cycle_time,resolution_time_percentage,max_runaway_requirement_weakening_parameter,min_runaway_requirement_weakening_parameter,average_runaway_requirement_weakening_parameter,cumulative_runaway_requirement_weakening_parameter,max_boundary_requirement_weakening_parameter,min_boundary_requirement_weakening_parameter,average_boundary_requirement_weakening_parameter,cumulative_boundary_requirement_weakening_parameter,total_resolution_count,resolution_success_count,resolution_failure_count,resolution_success_percentage,runaway_activated_count,boundary_activated_count,follower_caught_ego_count,mission_waypoints_completed_count,EGO_AVOID_SPEED,EGO_BOUND_ENFORCER_SPEED,EGO_DRONE_MAX_SPEED,FOLLOWER_DRONE_MAX_SPEED,EGO_DRONE_START_LOCATION_NORTH,EGO_DRONE_START_LOCATION_EAST,RESOLVER,MAX_EGO_DRONE_CYCLE,STL_BOUNDARY_ORIGINAL_REQUIREMENT_FILE_PATH,STL_RUNAWAY_ORIGINAL_REQUIREMENT_FILE_PATH,MAIN_STL_FILE_FOR_RESOLVER,STL_BOUNDARY_REQUIREMENT_SIGNAL_LENGTH,STL_RUNAWAY_REQUIREMENT_SIGNAL_LENGTH
09-28-2022_21-34-36,09-28-2022_21-36-36,WEAKENING - PRIORITY - RUNAWAY,1,experiments/config/bound_run/randomized_config_starting_position_only/config_1.ini,,-9,62,7.728643216,1538,-17,18,4.628140704,921,0.323666667,0.8985,36.0230013,4.636206965,0,2.308413531,25.39254884,1.611083833,0,0.559443157,6.153874727,12,11,1,91.66666667,53,36,34,3,9,9,3,5,-12,17,WEAKENING - PRIORITY - RUNAWAY,200,src/main/java/edu/cmu/px4/mavsdk/case_study/boundary_runaway/main/model/bound_original.stl,src/main/java/edu/cmu/px4/mavsdk/case_study/boundary_runaway/main/model/run_original.stl,src/main/java/edu/cmu/px4/mavsdk/case_study/boundary_runaway/main/model/runbound.stl,2,2
09-28-2022_04-26-22,09-28-2022_04-28-26,WEAKENING - PRIORITY - RUNAWAY,2,experiments/config/bound_run/randomized_config_starting_position_only/config_2.ini,,-9,59,4.628140704,921,-20,19,4.030150754,802,0.284789474,0.870421053,32.7185875,4.49878274,0,1.393305867,23.68619974,12.05125978,0,2.334241848,39.68211141,19,17,2,89.47368421,61,37,17,2,9,9,3,5,13,-3,WEAKENING - PRIORITY - RUNAWAY,200,src/main/java/edu/cmu/px4/mavsdk/case_study/boundary_runaway/main/model/bound_original.stl,src/main/java/edu/cmu/px4/mavsdk/case_study/boundary_runaway/main/model/run_original.stl,src/main/java/edu/cmu/px4/mavsdk/case_study/boundary_runaway/main/model/runbound.stl,2,2
09-28-2022_21-08-52,09-28-2022_21-10-52,WEAKENING - PRIORITY - RUNAWAY,3,experiments/config/bound_run/randomized_config_starting_position_only/config_3.ini,,-10,65,5.487437186,1092,-19,19,3.954773869,787,0.2943,0.8702,33.81981154,4.584707837,0,2.285881841,20.57293656,9.463402462,0,2.263007701,20.36706931,10,9,1,90,58,31,27,3,9,9,3,5,-4,-15,WEAKENING - PRIORITY - RUNAWAY,200,src/main/java/edu/cmu/px4/mavsdk/case_study/boundary_runaway/main/model/bound_original.stl,src/main/java/edu/cmu/px4/mavsdk/case_study/boundary_runaway/main/model/run_original.stl,src/main/java/edu/cmu/px4/mavsdk/case_study/boundary_runaway/main/model/runbound.stl,2,2
09-28-2022_21-13-00,09-28-2022_21-15-04,WEAKENING - PRIORITY - RUNAWAY,4,experiments/config/bound_run/randomized_config_starting_position_only/config_4.ini,,-9,49,6.216080402,1237,-14,15,3.457286432,688,0.31,0.887157895,34.94304699,4.13117898,0,1.839147292,33.10465126,7.313509295,0,1.174208089,21.13574561,19,18,1,94.73684211,44,32,34,3,9,9,3,5,16,20,WEAKENING - PRIORITY - RUNAWAY,200,src/main/java/edu/cmu/px4/mavsdk/case_study/boundary_runaway/main/model/bound_original.stl,src/main/java/edu/cmu/px4/mavsdk/case_study/boundary_runaway/main/model/run_original.stl,src/main/java/edu/cmu/px4/mavsdk/case_study/boundary_runaway/main/model/runbound.stl,2,2
09-28-2022_22-29-55,09-28-2022_22-31-57,WEAKENING - PRIORITY - RUNAWAY,5,experiments/config/bound_run/randomized_config_starting_position_only/config_5.ini,,-8,79,7.733668342,1539,-18,17,3.010050251,599,0.321647059,0.888,36.22151563,5.381192206,0.050898925,2.450292302,39.20467684,7.401633484,0,2.977621513,47.64194421,17,16,1,94.11764706,50,40,34,2,9,9,3,5,-14,-15,WEAKENING - PRIORITY - RUNAWAY,200,src/main/java/edu/cmu/px4/mavsdk/case_study/boundary_runaway/main/model/bound_original.stl,src/main/java/edu/cmu/px4/mavsdk/case_study/boundary_runaway/main/model/run_original.stl,src/main/java/edu/cmu/px4/mavsdk/case_study/boundary_runaway/main/model/runbound.stl,2,2
09-28-2022_22-34-08,09-28-2022_22-36-08,WEAKENING - PRIORITY - RUNAWAY,6,experiments/config/bound_run/randomized_config_starting_position_only/config_6.ini,,-8,50,5.768844221,1148,-22,18,3.442211055,685,0.265214286,0.836428571,31.70794193,6.587334933,0,2.259705743,24.85676317,14.22369918,0,2.255911348,24.81502483,14,11,3,78.57142857,54,36,31,3,9,9,3,5,-5,10,WEAKENING - PRIORITY - RUNAWAY,200,src/main/java/edu/cmu/px4/mavsdk/case_study/boundary_runaway/main/model/bound_original.stl,src/main/java/edu/cmu/px4/mavsdk/case_study/boundary_runaway/main/model/run_original.stl,src/main/java/edu/cmu/px4/mavsdk/case_study/boundary_runaway/main/model/runbound.stl,2,2
09-28-2022_22-38-22,09-28-2022_22-40-24,WEAKENING - PRIORITY - RUNAWAY,7,experiments/config/bound_run/randomized_config_starting_position_only/config_7.ini,,-9,61,4.613065327,918,-13,18,2.949748744,587,0.327157895,0.892,36.67689403,4.556125933,0,1.989937797,33.82894254,10.07070001,0,2.485321284,42.25046182,19,17,2,89.47368421,60,41,29,2,9,9,3,5,3,-12,WEAKENING - PRIORITY - RUNAWAY,200,src/main/java/edu/cmu/px4/mavsdk/case_study/boundary_runaway/main/model/bound_original.stl,src/main/java/edu/cmu/px4/mavsdk/case_study/boundary_runaway/main/model/run_original.stl,src/main/java/edu/cmu/px4/mavsdk/case_study/boundary_runaway/main/model/runbound.stl,2,2
09-28-2022_22-42-36,09-28-2022_22-44-38,WEAKENING - PRIORITY - RUNAWAY,8,experiments/config/bound_run/randomized_config_starting_position_only/config_8.ini,,-10,54,5.648241206,1124,-18,18,3.045226131,606,0.308875,0.8816875,35.03225349,4.600943509,0.440653323,2.171574962,23.88732458,9.649746658,0,3.103833655,34.14217021,16,11,5,68.75,60,35,33,2,9,9,3,5,14,8,WEAKENING - PRIORITY - RUNAWAY,200,src/main/java/edu/cmu/px4/mavsdk/case_study/boundary_runaway/main/model/bound_original.stl,src/main/java/edu/cmu/px4/mavsdk/case_study/boundary_runaway/main/model/run_original.stl,src/main/java/edu/cmu/px4/mavsdk/case_study/boundary_runaway/main/model/runbound.stl,2,2
09-28-2022_05-06-00,09-28-2022_05-08-00,WEAKENING - PRIORITY - RUNAWAY,9,experiments/config/bound_run/randomized_config_starting_position_only/config_9.ini,,-9,55,5.859296482,1166,-19,18,3.75879397,748,0.3585,0.923666667,38.812703,5.920752587,0,1.820601103,21.84721323,14.51232809,0,3.364529237,40.37435085,12,12,0,100,61,40,32,1,9,9,3,5,2,0,WEAKENING - PRIORITY - RUNAWAY,200,src/main/java/edu/cmu/px4/mavsdk/case_study/boundary_runaway/main/model/bound_original.stl,src/main/java/edu/cmu/px4/mavsdk/case_study/boundary_runaway/main/model/run_original.stl,src/main/java/edu/cmu/px4/mavsdk/case_study/boundary_runaway/main/model/runbound.stl,2,2
09-28-2022_23-12-50,09-28-2022_23-14-51,WEAKENING - PRIORITY - RUNAWAY,2,experiments/config/bound_run/randomized_config_starting_position_only/config_12.ini,,-9,58,5.738693467,1142,-16,18,4.065326633,809,0.331692308,0.906846154,36.57646959,4.031552416,0,1.877989892,22.5358787,12.27685886,0,3.880215588,46.56258705,13,12,1,92.30769231,56,33,30,4,9,9,3,5,-6,-2,WEAKENING - PRIORITY - RUNAWAY,200,src/main/java/edu/cmu/px4/mavsdk/case_study/boundary_runaway/main/model/bound_original.stl,src/main/java/edu/cmu/px4/mavsdk/case_study/boundary_runaway/main/model/run_original.stl,src/main/java/edu/cmu/px4/mavsdk/case_study/boundary_runaway/main/model/runbound.stl,2,2
09-28-2022_23-28-55,09-28-2022_23-30-56,WEAKENING - PRIORITY - RUNAWAY,5,experiments/config/bound_run/randomized_config_starting_position_only/config_15.ini,,-9,68,4.045226131,805,-13,18,2.718592965,541,0.349571429,0.923214286,37.86460348,5.360882688,0,1.891006137,24.58307978,10.11115106,0,2.189027778,28.45736111,14,13,1,92.85714286,70,37,30,2,9,9,3,5,6,-20,WEAKENING - PRIORITY - RUNAWAY,200,src/main/java/edu/cmu/px4/mavsdk/case_study/boundary_runaway/main/model/bound_original.stl,src/main/java/edu/cmu/px4/mavsdk/case_study/boundary_runaway/main/model/run_original.stl,src/main/java/edu/cmu/px4/mavsdk/case_study/boundary_runaway/main/model/runbound.stl,2,2
09-28-2022_05-45-36,09-28-2022_05-47-35,WEAKENING - PRIORITY - RUNAWAY,6,experiments/config/bound_run/randomized_config_starting_position_only/config_16.ini,,-9,50,6.306532663,1255,-20,18,3.487437186,694,0.279230769,0.843615385,33.09929789,4.463236697,0.14900333,2.600930077,26.00930077,13.80266423,0,2.874251788,28.74251788,13,10,3,76.92307692,50,34,30,4,9,9,3,5,-6,12,WEAKENING - PRIORITY - RUNAWAY,200,src/main/java/edu/cmu/px4/mavsdk/case_study/boundary_runaway/main/model/bound_original.stl,src/main/java/edu/cmu/px4/mavsdk/case_study/boundary_runaway/main/model/run_original.stl,src/main/java/edu/cmu/px4/mavsdk/case_study/boundary_runaway/main/model/runbound.stl,2,2
09-28-2022_23-39-03,09-28-2022_23-41-07,WEAKENING - PRIORITY - RUNAWAY,8,experiments/config/bound_run/randomized_config_starting_position_only/config_18.ini,,-9,58,5.989949749,1192,-20,17,3.743718593,745,0.379105263,0.948631579,39.96338216,5.787668864,0,3.382913985,64.27536572,10.46337752,0,2.606709697,49.52748424,19,19,0,100,48,29,19,3,9,9,3,5,17,3,WEAKENING - PRIORITY - RUNAWAY,200,src/main/java/edu/cmu/px4/mavsdk/case_study/boundary_runaway/main/model/bound_original.stl,src/main/java/edu/cmu/px4/mavsdk/case_study/boundary_runaway/main/model/run_original.stl,src/main/java/edu/cmu/px4/mavsdk/case_study/boundary_runaway/main/model/runbound.stl,2,2
09-28-2022_23-55-05,09-28-2022_23-57-12,WEAKENING - PRIORITY - RUNAWAY,1,experiments/config/bound_run/randomized_config_starting_position_only/config_21.ini,,-9,47,5.72361809,1139,-24,18,1.060301508,211,0.321733333,0.894766667,35.9572328,5.727694113,0,2.62446185,76.10939365,16.6177197,0,5.333801863,154.680254,30,29,1,96.66666667,39,44,10,3,9,9,3,5,0,20,WEAKENING - PRIORITY - RUNAWAY,200,src/main/java/edu/cmu/px4/mavsdk/case_study/boundary_runaway/main/model/bound_original.stl,src/main/java/edu/cmu/px4/mavsdk/case_study/boundary_runaway/main/model/run_original.stl,src/main/java/edu/cmu/px4/mavsdk/case_study/boundary_runaway/main/model/runbound.stl,2,2
09-28-2022_07-06-40,09-28-2022_07-08-43,WEAKENING - PRIORITY - BOUNDARY,0,experiments/config/bound_run/randomized_config_starting_position_only/config_30.ini,,-8,78,7.216080402,1436,-20,17,1.899497487,378,0.336,0.914777778,36.73023199,5.813002826,0,2.653063042,47.75513475,16.8851871,0,6.066039967,109.1887194,18,18,0,100,56,38,28,1,9,9,3,5,-14,-15,WEAKENING - PRIORITY - BOUNDARY,200,src/main/java/edu/cmu/px4/mavsdk/case_study/boundary_runaway/main/model/bound_original.stl,src/main/java/edu/cmu/px4/mavsdk/case_study/boundary_runaway/main/model/run_original.stl,src/main/java/edu/cmu/px4/mavsdk/case_study/boundary_runaway/main/model/runbound.stl,2,2
09-28-2022_07-10-49,09-28-2022_07-12-54,WEAKENING - PRIORITY - BOUNDARY,1,experiments/config/bound_run/randomized_config_starting_position_only/config_31.ini,,-9,51,4.939698492,983,-18,19,2.964824121,590,0.291322581,0.852870968,34.15787284,3.801830709,0,1.72685172,48.35184815,11.02393995,0,2.724339614,76.2815092,31,28,3,90.32258065,48,36,26,2,9,9,3,5,-5,10,WEAKENING - PRIORITY - BOUNDARY,200,src/main/java/edu/cmu/px4/mavsdk/case_study/boundary_runaway/main/model/bound_original.stl,src/main/java/edu/cmu/px4/mavsdk/case_study/boundary_runaway/main/model/run_original.stl,src/main/java/edu/cmu/px4/mavsdk/case_study/boundary_runaway/main/model/runbound.stl,2,2
09-28-2022_07-26-50,09-28-2022_07-28-51,WEAKENING - PRIORITY - BOUNDARY,4,experiments/config/bound_run/randomized_config_starting_position_only/config_34.ini,,-9,55,5.361809045,1067,-23,18,2.924623116,582,0.3075,0.872722222,35.2345789,5.561562096,0,2.260187512,36.16300019,14.03095701,0,3.171738691,50.74781906,18,16,2,88.88888889,56,46,13,1,9,9,3,5,2,0,WEAKENING - PRIORITY - BOUNDARY,200,src/main/java/edu/cmu/px4/mavsdk/case_study/boundary_runaway/main/model/bound_original.stl,src/main/java/edu/cmu/px4/mavsdk/case_study/boundary_runaway/main/model/run_original.stl,src/main/java/edu/cmu/px4/mavsdk/case_study/boundary_runaway/main/model/runbound.stl,2,2
09-28-2022_07-36-51,09-28-2022_07-38-53,WEAKENING - PRIORITY - BOUNDARY,6,experiments/config/bound_run/randomized_config_starting_position_only/config_36.ini,,-9,66,6.432160804,1280,-32,16,-0.648241206,-129,0.24664,0.81556,30.24179705,6.000830316,0,2.373876261,45.10364897,16.86108209,0,5.301423235,100.7270415,25,19,6,76,40,56,29,6,9,9,3,5,-3,-20,WEAKENING - PRIORITY - BOUNDARY,200,src/main/java/edu/cmu/px4/mavsdk/case_study/boundary_runaway/main/model/bound_original.stl,src/main/java/edu/cmu/px4/mavsdk/case_study/boundary_runaway/main/model/run_original.stl,src/main/java/edu/cmu/px4/mavsdk/case_study/boundary_runaway/main/model/runbound.stl,2,2
09-28-2022_07-52-51,09-28-2022_07-54-51,WEAKENING - PRIORITY - BOUNDARY,9,experiments/config/bound_run/randomized_config_starting_position_only/config_39.ini,,-9,60,6.015075377,1197,-16,16,3.547738693,706,0.323266667,0.8896,36.33842926,5.663184883,0,2.559588279,38.39382418,12.73314234,0,2.599093141,38.98639711,15,15,0,100,53,37,32,2,9,9,3,5,-10,-6,WEAKENING - PRIORITY - BOUNDARY,200,src/main/java/edu/cmu/px4/mavsdk/case_study/boundary_runaway/main/model/bound_original.stl,src/main/java/edu/cmu/px4/mavsdk/case_study/boundary_runaway/main/model/run_original.stl,src/main/java/edu/cmu/px4/mavsdk/case_study/boundary_runaway/main/model/runbound.stl,2,2
09-28-2022_08-02-52,09-28-2022_08-04-54,WEAKENING - PRIORITY - BOUNDARY,1,experiments/config/bound_run/randomized_config_starting_position_only/config_41.ini,,-9,49,5.432160804,1081,-20,17,2.547738693,507,0.308470588,0.885764706,34.82534201,5.267951914,0,2.092226961,35.56785834,16.78397424,0,2.83867497,48.25747449,17,17,0,100,53,40,33,1,9,9,3,5,-6,12,WEAKENING - PRIORITY - BOUNDARY,200,src/main/java/edu/cmu/px4/mavsdk/case_study/boundary_runaway/main/model/bound_original.stl,src/main/java/edu/cmu/px4/mavsdk/case_study/boundary_runaway/main/model/run_original.stl,src/main/java/edu/cmu/px4/mavsdk/case_study/boundary_runaway/main/model/runbound.stl,2,2
09-28-2022_08-24-48,09-28-2022_08-26-48,WEAKENING - PRIORITY - BOUNDARY,5,experiments/config/bound_run/randomized_config_starting_position_only/config_45.ini,,-9,66,5.386934673,1072,-16,16,3.51758794,700,0.254785714,0.832428571,30.60751673,4.42235669,0,1.589729971,20.66648962,11.40385874,0,2.191531483,28.48990928,14,13,1,92.85714286,58,41,33,1,9,9,3,5,12,-18,WEAKENING - PRIORITY - BOUNDARY,200,src/main/java/edu/cmu/px4/mavsdk/case_study/boundary_runaway/main/model/bound_original.stl,src/main/java/edu/cmu/px4/mavsdk/case_study/boundary_runaway/main/model/run_original.stl,src/main/java/edu/cmu/px4/mavsdk/case_study/boundary_runaway/main/model/runbound.stl,2,2
209-28-2022_21-04-37,09-28-2022_21-06-38,WEAKENING - PRIORITY - RUNAWAY,1,experiments/config/bound_run/randomized_config_starting_position_only/config_1.ini,,-9,60,7.190954774,1431,-18,18,4.391959799,874,0.298285714,0.87,34.28571429,5.112648588,0,2.42943011,29.15316132,3.896416625,0,0.905264869,10.86317843,14,12,2,85.71428571,59,28,34,2,9,9,3,5,-12,17,WEAKENING - PRIORITY - RUNAWAY,200,src/main/java/edu/cmu/px4/mavsdk/case_study/boundary_runaway/main/model/bound_original.stl,src/main/java/edu/cmu/px4/mavsdk/case_study/boundary_runaway/main/model/run_original.stl,src/main/java/edu/cmu/px4/mavsdk/case_study/boundary_runaway/main/model/runbound.stl,2,2
09-28-2022_08-34-52,09-28-2022_08-37-18,WEAKENING - PRIORITY - BOUNDARY,7,experiments/config/bound_run/randomized_config_starting_position_only/config_47.ini,,-9,221,16.3718593,3258,-178,17,-6.663316583,-1326,0.309,0.87865,35.16758664,5.046819056,0,2.060438468,39.14833089,11.93360127,0,4.324373292,82.16309254,20,19,1,95,45,51,12,1,9,9,3,5,-9,-7,WEAKENING - PRIORITY - BOUNDARY,200,src/main/java/edu/cmu/px4/mavsdk/case_study/boundary_runaway/main/model/bound_original.stl,src/main/java/edu/cmu/px4/mavsdk/case_study/boundary_runaway/main/model/run_original.stl,src/main/java/edu/cmu/px4/mavsdk/case_study/boundary_runaway/main/model/runbound.stl,2,2
09-29-2022_00-58-27,09-29-2022_01-00-29,WEAKENING - PRIORITY - BOUNDARY,5,experiments/config/bound_run/randomized_config_starting_position_only/config_35.ini,,-9,53,5.447236181,1084,-20,17,2.864321608,570,0.324176471,0.896,36.18040966,4.778422996,0,2.381464329,35.72196494,13.13283677,0,4.512692483,67.69038724,17,15,2,88.23529412,54,39,30,1,9,9,3,5,-12,9,WEAKENING - PRIORITY - BOUNDARY,200,src/main/java/edu/cmu/px4/mavsdk/case_study/boundary_runaway/main/model/bound_original.stl,src/main/java/edu/cmu/px4/mavsdk/case_study/boundary_runaway/main/model/run_original.stl,src/main/java/edu/cmu/px4/mavsdk/case_study/boundary_runaway/main/model/runbound.stl,2,2
09-29-2022_01-44-01,09-29-2022_01-46-03,WEAKENING - PRIORITY - BOUNDARY,6,experiments/config/bound_run/randomized_config_starting_position_only/config_46.ini,,-10,48,5.522613065,1099,-17,19,4.613065327,918,0.280428571,0.864142857,32.4516449,3.579385273,0,2.420284969,31.4637046,12.27999908,0,2.425456595,31.53093573,14,13,1,92.85714286,58,37,30,1,9,9,3,5,0,20,WEAKENING - PRIORITY - BOUNDARY,200,src/main/java/edu/cmu/px4/mavsdk/case_study/boundary_runaway/main/model/bound_original.stl,src/main/java/edu/cmu/px4/mavsdk/case_study/boundary_runaway/main/model/run_original.stl,src/main/java/edu/cmu/px4/mavsdk/case_study/boundary_runaway/main/model/runbound.stl,2,2
09-29-2022_02-17-45,09-29-2022_02-19-43,PRIORITY - RUNAWAY,2,experiments/config/bound_run/randomized_config_starting_position_only/config_52.ini,,-8,59,6.557788945,1305,-12,18,3.075376884,612,NaN,NaN,NaN,-99999,99999,NaN,0,-99999,99999,NaN,0,0,0,0,0,64,39,30,3,9,9,3,5,13,-3,PRIORITY - RUNAWAY,200,src/main/java/edu/cmu/px4/mavsdk/case_study/boundary_runaway/main/model/bound_original.stl,src/main/java/edu/cmu/px4/mavsdk/case_study/boundary_runaway/main/model/run_original.stl,src/main/java/edu/cmu/px4/mavsdk/case_study/boundary_runaway/main/model/runbound.stl,2,2
09-29-2022_02-45-31,09-29-2022_02-47-27,PRIORITY - RUNAWAY,7,experiments/config/bound_run/randomized_config_starting_position_only/config_57.ini,,-9,63,5.798994975,1154,-31,19,-1.452261307,-289,NaN,NaN,NaN,-99999,99999,NaN,0,-99999,99999,NaN,0,0,0,0,0,75,62,28,1,9,9,3,5,3,-12,PRIORITY - RUNAWAY,200,src/main/java/edu/cmu/px4/mavsdk/case_study/boundary_runaway/main/model/bound_original.stl,src/main/java/edu/cmu/px4/mavsdk/case_study/boundary_runaway/main/model/run_original.stl,src/main/java/edu/cmu/px4/mavsdk/case_study/boundary_runaway/main/model/runbound.stl,2,2
09-29-2022_02-55-28,09-29-2022_02-57-25,PRIORITY - RUNAWAY,9,experiments/config/bound_run/randomized_config_starting_position_only/config_59.ini,,-9,56,5.824120603,1159,-22,17,-0.467336683,-93,NaN,NaN,NaN,-99999,99999,NaN,0,-99999,99999,NaN,0,0,0,0,0,73,50,28,2,9,9,3,5,2,0,PRIORITY - RUNAWAY,200,src/main/java/edu/cmu/px4/mavsdk/case_study/boundary_runaway/main/model/bound_original.stl,src/main/java/edu/cmu/px4/mavsdk/case_study/boundary_runaway/main/model/run_original.stl,src/main/java/edu/cmu/px4/mavsdk/case_study/boundary_runaway/main/model/runbound.stl,2,2
09-29-2022_02-59-30,09-29-2022_03-01-26,PRIORITY - RUNAWAY,0,experiments/config/bound_run/randomized_config_starting_position_only/config_60.ini,,-9,67,7.753768844,1543,-28,18,-0.708542714,-141,NaN,NaN,NaN,-99999,99999,NaN,0,-99999,99999,NaN,0,0,0,0,0,72,46,26,2,9,9,3,5,-12,9,PRIORITY - RUNAWAY,200,src/main/java/edu/cmu/px4/mavsdk/case_study/boundary_runaway/main/model/bound_original.stl,src/main/java/edu/cmu/px4/mavsdk/case_study/boundary_runaway/main/model/run_original.stl,src/main/java/edu/cmu/px4/mavsdk/case_study/boundary_runaway/main/model/runbound.stl,2,2
09-29-2022_03-09-27,09-29-2022_03-11-23,PRIORITY - RUNAWAY,2,experiments/config/bound_run/randomized_config_starting_position_only/config_62.ini,,-10,56,6.346733668,1263,-38,18,0.763819095,152,NaN,NaN,NaN,-99999,99999,NaN,0,-99999,99999,NaN,0,0,0,0,0,70,38,24,2,9,9,3,5,-6,-2,PRIORITY - RUNAWAY,200,src/main/java/edu/cmu/px4/mavsdk/case_study/boundary_runaway/main/model/bound_original.stl,src/main/java/edu/cmu/px4/mavsdk/case_study/boundary_runaway/main/model/run_original.stl,src/main/java/edu/cmu/px4/mavsdk/case_study/boundary_runaway/main/model/runbound.stl,2,2
09-29-2022_03-37-09,09-29-2022_03-39-06,PRIORITY - RUNAWAY,7,experiments/config/bound_run/randomized_config_starting_position_only/config_67.ini,,-10,52,5.427135678,1080,-23,18,0.849246231,169,NaN,NaN,NaN,-99999,99999,NaN,0,-99999,99999,NaN,0,0,0,0,0,72,38,28,3,9,9,3,5,3,7,PRIORITY - RUNAWAY,200,src/main/java/edu/cmu/px4/mavsdk/case_study/boundary_runaway/main/model/bound_original.stl,src/main/java/edu/cmu/px4/mavsdk/case_study/boundary_runaway/main/model/run_original.stl,src/main/java/edu/cmu/px4/mavsdk/case_study/boundary_runaway/main/model/runbound.stl,2,2
09-29-2022_03-53-05,09-29-2022_03-55-01,PRIORITY - RUNAWAY,0,experiments/config/bound_run/randomized_config_starting_position_only/config_70.ini,,-9,67,5.532663317,1101,-24,13,1.206030151,240,NaN,NaN,NaN,-99999,99999,NaN,0,-99999,99999,NaN,0,0,0,0,0,70,52,32,1,9,9,3,5,12,-18,PRIORITY - RUNAWAY,200,src/main/java/edu/cmu/px4/mavsdk/case_study/boundary_runaway/main/model/bound_original.stl,src/main/java/edu/cmu/px4/mavsdk/case_study/boundary_runaway/main/model/run_original.stl,src/main/java/edu/cmu/px4/mavsdk/case_study/boundary_runaway/main/model/runbound.stl,2,2
09-29-2022_04-38-35,09-29-2022_04-40-32,PRIORITY - BOUNDARY,8,experiments/config/bound_run/randomized_config_starting_position_only/config_78.ini,,-9,63,5.497487437,1094,-13,18,4.477386935,891,NaN,NaN,NaN,-99999,99999,NaN,0,-99999,99999,NaN,0,0,0,0,0,56,43,33,2,9,9,3,5,-4,-15,PRIORITY - BOUNDARY,200,src/main/java/edu/cmu/px4/mavsdk/case_study/boundary_runaway/main/model/bound_original.stl,src/main/java/edu/cmu/px4/mavsdk/case_study/boundary_runaway/main/model/run_original.stl,src/main/java/edu/cmu/px4/mavsdk/case_study/boundary_runaway/main/model/runbound.stl,2,2
09-29-2022_04-48-35,09-29-2022_04-50-31,PRIORITY - BOUNDARY,0,experiments/config/bound_run/randomized_config_starting_position_only/config_80.ini,,-9,66,6.653266332,1324,-10,19,6.306532663,1255,NaN,NaN,NaN,-99999,99999,NaN,0,-99999,99999,NaN,0,0,0,0,0,54,34,33,2,9,9,3,5,-14,-15,PRIORITY - BOUNDARY,200,src/main/java/edu/cmu/px4/mavsdk/case_study/boundary_runaway/main/model/bound_original.stl,src/main/java/edu/cmu/px4/mavsdk/case_study/boundary_runaway/main/model/run_original.stl,src/main/java/edu/cmu/px4/mavsdk/case_study/boundary_runaway/main/model/runbound.stl,2,2
09-29-2022_04-52-39,09-29-2022_04-54-35,PRIORITY - BOUNDARY,1,experiments/config/bound_run/randomized_config_starting_position_only/config_81.ini,,-9,52,5.949748744,1184,-12,18,5.492462312,1093,NaN,NaN,NaN,-99999,99999,NaN,0,-99999,99999,NaN,0,0,0,0,0,54,44,31,2,9,9,3,5,-5,10,PRIORITY - BOUNDARY,200,src/main/java/edu/cmu/px4/mavsdk/case_study/boundary_runaway/main/model/bound_original.stl,src/main/java/edu/cmu/px4/mavsdk/case_study/boundary_runaway/main/model/run_original.stl,src/main/java/edu/cmu/px4/mavsdk/case_study/boundary_runaway/main/model/runbound.stl,2,2
09-29-2022_04-56-43,09-29-2022_04-58-40,PRIORITY - BOUNDARY,2,experiments/config/bound_run/randomized_config_starting_position_only/config_82.ini,,-10,64,5.572864322,1109,-11,18,5.211055276,1037,NaN,NaN,NaN,-99999,99999,NaN,0,-99999,99999,NaN,0,0,0,0,0,56,44,29,2,9,9,3,5,3,-12,PRIORITY - BOUNDARY,200,src/main/java/edu/cmu/px4/mavsdk/case_study/boundary_runaway/main/model/bound_original.stl,src/main/java/edu/cmu/px4/mavsdk/case_study/boundary_runaway/main/model/run_original.stl,src/main/java/edu/cmu/px4/mavsdk/case_study/boundary_runaway/main/model/runbound.stl,2,2
09-29-2022_05-00-46,09-29-2022_05-02-43,PRIORITY - BOUNDARY,3,experiments/config/bound_run/randomized_config_starting_position_only/config_83.ini,,-9,52,5.909547739,1176,-9,19,4.773869347,950,NaN,NaN,NaN,-99999,99999,NaN,0,-99999,99999,NaN,0,0,0,0,0,50,41,32,3,9,9,3,5,14,8,PRIORITY - BOUNDARY,200,src/main/java/edu/cmu/px4/mavsdk/case_study/boundary_runaway/main/model/bound_original.stl,src/main/java/edu/cmu/px4/mavsdk/case_study/boundary_runaway/main/model/run_original.stl,src/main/java/edu/cmu/px4/mavsdk/case_study/boundary_runaway/main/model/runbound.stl,2,2
09-29-2022_05-04-51,09-29-2022_05-06-47,PRIORITY - BOUNDARY,4,experiments/config/bound_run/randomized_config_starting_position_only/config_84.ini,,-8,56,4.763819095,948,-11,18,4.216080402,839,NaN,NaN,NaN,-99999,99999,NaN,0,-99999,99999,NaN,0,0,0,0,0,66,48,32,1,9,9,3,5,2,0,PRIORITY - BOUNDARY,200,src/main/java/edu/cmu/px4/mavsdk/case_study/boundary_runaway/main/model/bound_original.stl,src/main/java/edu/cmu/px4/mavsdk/case_study/boundary_runaway/main/model/run_original.stl,src/main/java/edu/cmu/px4/mavsdk/case_study/boundary_runaway/main/model/runbound.stl,2,2
09-29-2022_05-08-54,09-29-2022_05-10-51,PRIORITY - BOUNDARY,5,experiments/config/bound_run/randomized_config_starting_position_only/config_85.ini,,-9,53,5.08040201,1011,-12,18,4.386934673,873,NaN,NaN,NaN,-99999,99999,NaN,0,-99999,99999,NaN,0,0,0,0,0,59,45,32,2,9,9,3,5,-12,9,PRIORITY - BOUNDARY,200,src/main/java/edu/cmu/px4/mavsdk/case_study/boundary_runaway/main/model/bound_original.stl,src/main/java/edu/cmu/px4/mavsdk/case_study/boundary_runaway/main/model/run_original.stl,src/main/java/edu/cmu/px4/mavsdk/case_study/boundary_runaway/main/model/runbound.stl,2,2
09-29-2022_05-18-53,09-29-2022_05-20-48,PRIORITY - BOUNDARY,7,experiments/config/bound_run/randomized_config_starting_position_only/config_87.ini,,-9,56,5.185929648,1032,-13,18,3.231155779,643,NaN,NaN,NaN,-99999,99999,NaN,0,-99999,99999,NaN,0,0,0,0,0,51,60,30,1,9,9,3,5,-6,-2,PRIORITY - BOUNDARY,200,src/main/java/edu/cmu/px4/mavsdk/case_study/boundary_runaway/main/model/bound_original.stl,src/main/java/edu/cmu/px4/mavsdk/case_study/boundary_runaway/main/model/run_original.stl,src/main/java/edu/cmu/px4/mavsdk/case_study/boundary_runaway/main/model/runbound.stl,2,2
09-29-2022_05-28-52,09-29-2022_05-30-49,PRIORITY - BOUNDARY,9,experiments/config/bound_run/randomized_config_starting_position_only/config_89.ini,,-10,73,7.829145729,1558,-8,17,5.025125628,1000,NaN,NaN,NaN,-99999,99999,NaN,0,-99999,99999,NaN,0,0,0,0,0,53,39,33,4,9,9,3,5,-10,-6,PRIORITY - BOUNDARY,200,src/main/java/edu/cmu/px4/mavsdk/case_study/boundary_runaway/main/model/bound_original.stl,src/main/java/edu/cmu/px4/mavsdk/case_study/boundary_runaway/main/model/run_original.stl,src/main/java/edu/cmu/px4/mavsdk/case_study/boundary_runaway/main/model/runbound.stl,2,2
09-29-2022_05-44-46,09-29-2022_05-46-43,PRIORITY - BOUNDARY,2,experiments/config/bound_run/randomized_config_starting_position_only/config_92.ini,,-10,52,5.195979899,1034,-11,17,4.738693467,943,NaN,NaN,NaN,-99999,99999,NaN,0,-99999,99999,NaN,0,0,0,0,0,60,47,29,2,9,9,3,5,3,7,PRIORITY - BOUNDARY,200,src/main/java/edu/cmu/px4/mavsdk/case_study/boundary_runaway/main/model/bound_original.stl,src/main/java/edu/cmu/px4/mavsdk/case_study/boundary_runaway/main/model/run_original.stl,src/main/java/edu/cmu/px4/mavsdk/case_study/boundary_runaway/main/model/runbound.stl,2,2
09-29-2022_06-06-34,09-29-2022_06-08-30,PRIORITY - BOUNDARY,6,experiments/config/bound_run/randomized_config_starting_position_only/config_96.ini,,-9,48,5.804020101,1155,-12,17,5.879396985,1170,NaN,NaN,NaN,-99999,99999,NaN,0,-99999,99999,NaN,0,0,0,0,0,60,35,31,2,9,9,3,5,0,20,PRIORITY - BOUNDARY,200,src/main/java/edu/cmu/px4/mavsdk/case_study/boundary_runaway/main/model/bound_original.stl,src/main/java/edu/cmu/px4/mavsdk/case_study/boundary_runaway/main/model/run_original.stl,src/main/java/edu/cmu/px4/mavsdk/case_study/boundary_runaway/main/model/runbound.stl,2,2
09-29-2022_06-22-30,09-29-2022_06-24-26,PRIORITY - BOUNDARY,9,experiments/config/bound_run/randomized_config_starting_position_only/config_99.ini,,-9,64,5.798994975,1154,-8,18,4.492462312,894,NaN,NaN,NaN,-99999,99999,NaN,0,-99999,99999,NaN,0,0,0,0,0,62,47,31,2,9,9,3,5,5,-9,PRIORITY - BOUNDARY,200,src/main/java/edu/cmu/px4/mavsdk/case_study/boundary_runaway/main/model/bound_original.stl,src/main/java/edu/cmu/px4/mavsdk/case_study/boundary_runaway/main/model/run_original.stl,src/main/java/edu/cmu/px4/mavsdk/case_study/boundary_runaway/main/model/runbound.stl,2,2
09-29-2022_06-26-35,09-29-2022_06-28-30,PRIORITY - RUNAWAY,0,experiments/config/bound_run/randomized_config_starting_position_only/config_100.ini,,-8,79,8.120603015,1616,-34,19,-2.125628141,-423,NaN,NaN,NaN,-99999,99999,NaN,0,-99999,99999,NaN,0,0,0,0,0,67,59,30,1,9,9,3,5,-19,-11,PRIORITY - RUNAWAY,200,src/main/java/edu/cmu/px4/mavsdk/case_study/boundary_runaway/main/model/bound_original.stl,src/main/java/edu/cmu/px4/mavsdk/case_study/boundary_runaway/main/model/run_original.stl,src/main/java/edu/cmu/px4/mavsdk/case_study/boundary_runaway/main/model/runbound.stl,2,2
09-29-2022_06-48-22,09-29-2022_06-50-24,WEAKENING - PRIORITY - RUNAWAY,4,experiments/config/bound_run/randomized_config_starting_position_only/config_104.ini,,-8,50,6.727272727,1332,-2,29,13.33333333,2640,0.385333333,0.9516,40.49320443,4.373880778,-2.11E-15,0.859257989,10.31109587,0.991587361,-1.42E-14,0.08263228,0.991587361,15,12,3,80,48,29,33,2,9,9,3,5,16,20,WEAKENING - PRIORITY - RUNAWAY,200,src/main/java/edu/cmu/px4/mavsdk/case_study/boundary_runaway/main/model/bound_eventually_original.stl,src/main/java/edu/cmu/px4/mavsdk/case_study/boundary_runaway/main/model/run_eventually_original.stl,src/main/java/edu/cmu/px4/mavsdk/case_study/boundary_runaway/main/model/runbound_eventually.stl,3,3
09-29-2022_07-33-59,09-29-2022_07-36-03,WEAKENING - PRIORITY - RUNAWAY,2,experiments/config/bound_run/randomized_config_starting_position_only/config_112.ini,,-8,56,5.808080808,1150,-12,29,13.00505051,2575,0.443166667,1.011555556,43.81041301,5.032465112,-1.78E-15,2.046550446,30.69825669,3.965918375,-3.38E-14,0.290265385,4.353980782,18,15,3,83.33333333,60,40,35,1,9,9,3,5,-6,-2,WEAKENING - PRIORITY - RUNAWAY,200,src/main/java/edu/cmu/px4/mavsdk/case_study/boundary_runaway/main/model/bound_eventually_original.stl,src/main/java/edu/cmu/px4/mavsdk/case_study/boundary_runaway/main/model/run_eventually_original.stl,src/main/java/edu/cmu/px4/mavsdk/case_study/boundary_runaway/main/model/runbound_eventually.stl,3,3
09-29-2022_08-43-19,09-29-2022_08-45-20,WEAKENING - PRIORITY - RUNAWAY,4,experiments/config/bound_run/randomized_config_starting_position_only/config_124.ini,,-8,63,5.848484848,1158,-10,28,12.44444444,2464,0.396,0.969,40.86687307,4.155694704,0,1.338206676,12.04386009,0,-1.78E-15,-1.97E-16,-1.78E-15,11,9,2,81.81818182,61,43,30,3,9,9,3,5,5,-9,WEAKENING - PRIORITY - RUNAWAY,200,src/main/java/edu/cmu/px4/mavsdk/case_study/boundary_runaway/main/model/bound_eventually_original.stl,src/main/java/edu/cmu/px4/mavsdk/case_study/boundary_runaway/main/model/run_eventually_original.stl,src/main/java/edu/cmu/px4/mavsdk/case_study/boundary_runaway/main/model/runbound_eventually.stl,3,3
09-29-2022_08-53-22,09-29-2022_08-55-27,WEAKENING - PRIORITY - BOUNDARY,6,experiments/config/bound_run/randomized_config_starting_position_only/config_126.ini,,-8,48,6.111111111,1210,-5,29,12.91414141,2557,0.433133333,1.020333333,42.45017968,4.146709901,-3.73E-14,1.03702877,13.48137401,0,-6.75E-14,-8.34E-15,-1.08E-13,15,13,2,86.66666667,48,50,32,2,9,9,3,5,-12,17,WEAKENING - PRIORITY - BOUNDARY,200,src/main/java/edu/cmu/px4/mavsdk/case_study/boundary_runaway/main/model/bound_eventually_original.stl,src/main/java/edu/cmu/px4/mavsdk/case_study/boundary_runaway/main/model/run_eventually_original.stl,src/main/java/edu/cmu/px4/mavsdk/case_study/boundary_runaway/main/model/runbound_eventually.stl,3,3
09-29-2022_09-09-25,09-29-2022_09-11-28,WEAKENING - PRIORITY - BOUNDARY,9,experiments/config/bound_run/randomized_config_starting_position_only/config_129.ini,,-9,50,6.434343434,1274,-2,28,13.97979798,2768,0.412375,0.9896875,41.66719293,3.400268009,0,0.643138477,9.003938683,0.20570662,-8.88E-16,0.01469333,0.20570662,16,14,2,87.5,46,38,14,3,9,9,3,5,16,20,WEAKENING - PRIORITY - BOUNDARY,200,src/main/java/edu/cmu/px4/mavsdk/case_study/boundary_runaway/main/model/bound_eventually_original.stl,src/main/java/edu/cmu/px4/mavsdk/case_study/boundary_runaway/main/model/run_eventually_original.stl,src/main/java/edu/cmu/px4/mavsdk/case_study/boundary_runaway/main/model/runbound_eventually.stl,3,3
09-30-2022_03-24-47,09-30-2022_03-26-49,WEAKENING - PRIORITY - RUNAWAY,0,experiments/config/bound_run/randomized_config_starting_position_only/config_10.ini,,-9,64,7.246231156,1442,-33,18,1.386934673,276,0.288045455,0.864045455,33.33684044,5.65665854,0,2.881267261,51.8628107,14.1313259,0,5.405692348,97.30246227,22,18,4,81.81818182,53,42,29,3,9,9,3,5,-12,9,WEAKENING - PRIORITY - RUNAWAY,200,src/main/java/edu/cmu/px4/mavsdk/case_study/boundary_runaway/main/model/bound_original.stl,src/main/java/edu/cmu/px4/mavsdk/case_study/boundary_runaway/main/model/run_original.stl,src/main/java/edu/cmu/px4/mavsdk/case_study/boundary_runaway/main/model/runbound.stl,2,2
09-30-2022_03-29-00,09-30-2022_03-31-02,WEAKENING - PRIORITY - RUNAWAY,1,experiments/config/bound_run/randomized_config_starting_position_only/config_11.ini,,-8,66,5.170854271,1029,-19,16,2.587939698,515,0.28515,0.8599,33.16083265,6.757844498,0,2.491041742,39.85666787,10.64946595,0,2.522761886,40.36419018,20,16,4,80,59,43,30,2,9,9,3,5,-3,-20,WEAKENING - PRIORITY - RUNAWAY,200,src/main/java/edu/cmu/px4/mavsdk/case_study/boundary_runaway/main/model/bound_original.stl,src/main/java/edu/cmu/px4/mavsdk/case_study/boundary_runaway/main/model/run_original.stl,src/main/java/edu/cmu/px4/mavsdk/case_study/boundary_runaway/main/model/runbound.stl,2,2
09-30-2022_04-14-39,09-30-2022_04-16-44,WEAKENING - PRIORITY - RUNAWAY,0,experiments/config/bound_run/randomized_config_starting_position_only/config_20.ini,,-9,67,5.417085427,1078,-23,15,0.371859296,74,0.313925926,0.886555556,35.40961691,6.104573438,0,2.070897612,47.63064507,15.20626792,0,5.696130363,131.0109984,27,23,4,85.18518519,48,40,31,3,9,9,3,5,12,-18,WEAKENING - PRIORITY - RUNAWAY,200,src/main/java/edu/cmu/px4/mavsdk/case_study/boundary_runaway/main/model/bound_original.stl,src/main/java/edu/cmu/px4/mavsdk/case_study/boundary_runaway/main/model/run_original.stl,src/main/java/edu/cmu/px4/mavsdk/case_study/boundary_runaway/main/model/runbound.stl,2,2
09-30-2022_04-24-48,09-30-2022_04-26-50,WEAKENING - PRIORITY - RUNAWAY,2,experiments/config/bound_run/randomized_config_starting_position_only/config_22.ini,,-9,60,6.502512563,1294,-17,16,3.256281407,648,0.3655,0.9355,39.07001603,6.308830107,0,2.769851114,36.00806448,8.412472072,0,1.664799868,21.64239828,14,13,1,92.85714286,54,35,33,3,9,9,3,5,-9,-7,WEAKENING - PRIORITY - RUNAWAY,200,src/main/java/edu/cmu/px4/mavsdk/case_study/boundary_runaway/main/model/bound_original.stl,src/main/java/edu/cmu/px4/mavsdk/case_study/boundary_runaway/main/model/run_original.stl,src/main/java/edu/cmu/px4/mavsdk/case_study/boundary_runaway/main/model/runbound.stl,2,2
09-30-2022_04-52-42,09-30-2022_04-54-43,WEAKENING - PRIORITY - BOUNDARY,7,experiments/config/bound_run/randomized_config_starting_position_only/config_27.ini,,-9,59,5.165829146,1028,-20,15,1.944723618,387,0.337071429,0.911357143,36.98565718,5.028853055,0,2.293690376,29.81797489,16.30124114,0,2.943160648,38.26108843,14,13,1,92.85714286,57,41,33,1,9,9,3,5,13,-3,WEAKENING - PRIORITY - BOUNDARY,200,src/main/java/edu/cmu/px4/mavsdk/case_study/boundary_runaway/main/model/bound_original.stl,src/main/java/edu/cmu/px4/mavsdk/case_study/boundary_runaway/main/model/run_original.stl,src/main/java/edu/cmu/px4/mavsdk/case_study/boundary_runaway/main/model/runbound.stl,2,2
09-30-2022_04-56-55,09-30-2022_04-58-58,WEAKENING - PRIORITY - BOUNDARY,8,experiments/config/bound_run/randomized_config_starting_position_only/config_28.ini,,-10,67,5.010050251,997,-25,18,1.753768844,349,0.33175,0.9029,36.74271791,4.491033222,0,1.780606664,33.83152662,11.0853634,0,3.288497121,62.4814453,20,19,1,95,53,45,30,1,9,9,3,5,-4,-15,WEAKENING - PRIORITY - BOUNDARY,200,src/main/java/edu/cmu/px4/mavsdk/case_study/boundary_runaway/main/model/bound_original.stl,src/main/java/edu/cmu/px4/mavsdk/case_study/boundary_runaway/main/model/run_original.stl,src/main/java/edu/cmu/px4/mavsdk/case_study/boundary_runaway/main/model/runbound.stl,2,2
09-30-2022_05-01-07,09-30-2022_05-03-06,WEAKENING - PRIORITY - BOUNDARY,9,experiments/config/bound_run/randomized_config_starting_position_only/config_29.ini,,-10,49,5.944723618,1183,-14,18,4.582914573,912,0.34175,0.912875,37.43666986,4.666873307,0,2.445356772,19.56285417,10.14188628,0,2.035351825,16.2828146,8,8,0,100,57,31,32,3,9,9,3,5,16,20,WEAKENING - PRIORITY - BOUNDARY,200,src/main/java/edu/cmu/px4/mavsdk/case_study/boundary_runaway/main/model/bound_original.stl,src/main/java/edu/cmu/px4/mavsdk/case_study/boundary_runaway/main/model/run_original.stl,src/main/java/edu/cmu/px4/mavsdk/case_study/boundary_runaway/main/model/runbound.stl,2,2
09-30-2022_05-05-17,09-30-2022_05-07-19,WEAKENING - PRIORITY - BOUNDARY,2,experiments/config/bound_run/randomized_config_starting_position_only/config_32.ini,,-8,63,5.055276382,1006,-17,17,3.005025126,598,0.3786875,0.9506875,39.83301558,5.575398998,0,3.03729922,48.59678752,13.28937926,0,4.150254213,66.40406741,16,16,0,100,56,40,11,2,9,9,3,5,3,-12,WEAKENING - PRIORITY - BOUNDARY,200,src/main/java/edu/cmu/px4/mavsdk/case_study/boundary_runaway/main/model/bound_original.stl,src/main/java/edu/cmu/px4/mavsdk/case_study/boundary_runaway/main/model/run_original.stl,src/main/java/edu/cmu/px4/mavsdk/case_study/boundary_runaway/main/model/runbound.stl,2,2
09-30-2022_05-39-01,09-30-2022_05-41-04,WEAKENING - PRIORITY - BOUNDARY,2,experiments/config/bound_run/randomized_config_starting_position_only/config_42.ini,,-9,51,5.72361809,1139,-20,16,1.899497487,378,0.3075,0.878363636,35.00827986,4.951173492,0,2.58788113,56.93338486,15.57254442,0,2.784544637,61.25998202,22,22,0,100,47,37,29,4,9,9,3,5,3,7,WEAKENING - PRIORITY - BOUNDARY,200,src/main/java/edu/cmu/px4/mavsdk/case_study/boundary_runaway/main/model/bound_original.stl,src/main/java/edu/cmu/px4/mavsdk/case_study/boundary_runaway/main/model/run_original.stl,src/main/java/edu/cmu/px4/mavsdk/case_study/boundary_runaway/main/model/runbound.stl,2,2
09-30-2022_05-55-06,09-30-2022_05-57-08,WEAKENING - PRIORITY - BOUNDARY,5,experiments/config/bound_run/randomized_config_starting_position_only/config_45.ini,,-8,67,5.326633166,1060,-23,16,1.748743719,348,0.343444444,0.908944444,37.78497647,6.922714001,0,2.453466882,39.25547011,15.95957506,0,3.917031812,62.67250899,18,16,2,88.88888889,52,50,25,1,9,9,3,5,12,-18,WEAKENING - PRIORITY - BOUNDARY,200,src/main/java/edu/cmu/px4/mavsdk/case_study/boundary_runaway/main/model/bound_original.stl,src/main/java/edu/cmu/px4/mavsdk/case_study/boundary_runaway/main/model/run_original.stl,src/main/java/edu/cmu/px4/mavsdk/case_study/boundary_runaway/main/model/runbound.stl,2,2
09-30-2022_06-05-15,09-30-2022_06-07-14,WEAKENING - PRIORITY - BOUNDARY,7,experiments/config/bound_run/randomized_config_starting_position_only/config_47.ini,,-10,60,5.969849246,1188,-10,16,3.899497487,776,0.337181818,0.904727273,37.26889068,2.958925873,0,2.026989221,16.21591377,3.389633962,0,1.143284536,9.146276285,11,8,3,72.72727273,58,31,31,3,9,9,3,5,-9,-7,WEAKENING - PRIORITY - BOUNDARY,200,src/main/java/edu/cmu/px4/mavsdk/case_study/boundary_runaway/main/model/bound_original.stl,src/main/java/edu/cmu/px4/mavsdk/case_study/boundary_runaway/main/model/run_original.stl,src/main/java/edu/cmu/px4/mavsdk/case_study/boundary_runaway/main/model/runbound.stl,2,2
09-30-2022_06-15-22,09-30-2022_06-17-29,WEAKENING - PRIORITY - BOUNDARY,9,experiments/config/bound_run/randomized_config_starting_position_only/config_49.ini,,-7,62,5.135678392,1022,-16,16,2.753768844,548,0.342793103,0.91837931,37.32587392,6.045172279,0,2.446573323,70.95062637,9.769737757,0,2.37246841,68.8015839,29,29,0,100,49,32,33,2,9,9,3,5,5,-9,WEAKENING - PRIORITY - BOUNDARY,200,src/main/java/edu/cmu/px4/mavsdk/case_study/boundary_runaway/main/model/bound_original.stl,src/main/java/edu/cmu/px4/mavsdk/case_study/boundary_runaway/main/model/run_original.stl,src/main/java/edu/cmu/px4/mavsdk/case_study/boundary_runaway/main/model/runbound.stl,2,2
09-30-2022_06-25-34,09-30-2022_06-27-31,PRIORITY - RUNAWAY,1,experiments/config/bound_run/randomized_config_starting_position_only/config_51.ini,,-9,50,5.552763819,1105,-20,19,2.175879397,433,NaN,NaN,NaN,-99999,99999,NaN,0,-99999,99999,NaN,0,0,0,0,0,72,40,31,2,9,9,3,5,-12,17,PRIORITY - RUNAWAY,200,src/main/java/edu/cmu/px4/mavsdk/case_study/boundary_runaway/main/model/bound_original.stl,src/main/java/edu/cmu/px4/mavsdk/case_study/boundary_runaway/main/model/run_original.stl,src/main/java/edu/cmu/px4/mavsdk/case_study/boundary_runaway/main/model/runbound.stl,2,2
09-30-2022_07-17-03,09-30-2022_07-18-58,PRIORITY - RUNAWAY,0,experiments/config/bound_run/randomized_config_starting_position_only/config_60.ini,,-10,52,5.603015075,1115,-24,18,1.72361809,343,NaN,NaN,NaN,-99999,99999,NaN,0,-99999,99999,NaN,0,0,0,0,0,73,44,14,1,9,9,3,5,-12,9,PRIORITY - RUNAWAY,200,src/main/java/edu/cmu/px4/mavsdk/case_study/boundary_runaway/main/model/bound_original.stl,src/main/java/edu/cmu/px4/mavsdk/case_study/boundary_runaway/main/model/run_original.stl,src/main/java/edu/cmu/px4/mavsdk/case_study/boundary_runaway/main/model/runbound.stl,2,2
09-30-2022_07-21-08,09-30-2022_07-23-04,PRIORITY - RUNAWAY,1,experiments/config/bound_run/randomized_config_starting_position_only/config_61.ini,,-10,66,5.226130653,1040,-21,17,0.075376884,15,NaN,NaN,NaN,-99999,99999,NaN,0,-99999,99999,NaN,0,0,0,0,0,72,49,30,1,9,9,3,5,-3,-20,PRIORITY - RUNAWAY,200,src/main/java/edu/cmu/px4/mavsdk/case_study/boundary_runaway/main/model/bound_original.stl,src/main/java/edu/cmu/px4/mavsdk/case_study/boundary_runaway/main/model/run_original.stl,src/main/java/edu/cmu/px4/mavsdk/case_study/boundary_runaway/main/model/runbound.stl,2,2
09-30-2022_07-31-10,09-30-2022_07-33-07,PRIORITY - RUNAWAY,3,experiments/config/bound_run/randomized_config_starting_position_only/config_63.ini,,-9,66,3.748743719,746,-37,17,0.442211055,88,NaN,NaN,NaN,-99999,99999,NaN,0,-99999,99999,NaN,0,0,0,0,0,84,53,31,1,9,9,3,5,20,-15,PRIORITY - RUNAWAY,200,src/main/java/edu/cmu/px4/mavsdk/case_study/boundary_runaway/main/model/bound_original.stl,src/main/java/edu/cmu/px4/mavsdk/case_study/boundary_runaway/main/model/run_original.stl,src/main/java/edu/cmu/px4/mavsdk/case_study/boundary_runaway/main/model/runbound.stl,2,2
09-30-2022_07-53-04,09-30-2022_07-55-00,PRIORITY - RUNAWAY,7,experiments/config/bound_run/randomized_config_starting_position_only/config_67.ini,,-9,51,6.221105528,1238,-22,19,0.492462312,98,NaN,NaN,NaN,-99999,99999,NaN,0,-99999,99999,NaN,0,0,0,0,0,63,56,29,5,9,9,3,5,3,7,PRIORITY - RUNAWAY,200,src/main/java/edu/cmu/px4/mavsdk/case_study/boundary_runaway/main/model/bound_original.stl,src/main/java/edu/cmu/px4/mavsdk/case_study/boundary_runaway/main/model/run_original.stl,src/main/java/edu/cmu/px4/mavsdk/case_study/boundary_runaway/main/model/runbound.stl,2,2
09-30-2022_08-09-04,09-30-2022_08-11-00,PRIORITY - RUNAWAY,0,experiments/config/bound_run/randomized_config_starting_position_only/config_70.ini,,-9,66,4.718592965,939,-20,18,0.296482412,59,NaN,NaN,NaN,-99999,99999,NaN,0,-99999,99999,NaN,0,0,0,0,0,77,46,28,3,9,9,3,5,12,-18,PRIORITY - RUNAWAY,200,src/main/java/edu/cmu/px4/mavsdk/case_study/boundary_runaway/main/model/bound_original.stl,src/main/java/edu/cmu/px4/mavsdk/case_study/boundary_runaway/main/model/run_original.stl,src/main/java/edu/cmu/px4/mavsdk/case_study/boundary_runaway/main/model/runbound.stl,2,2
09-30-2022_08-13-10,09-30-2022_08-15-07,PRIORITY - RUNAWAY,1,experiments/config/bound_run/randomized_config_starting_position_only/config_71.ini,,-9,47,5.934673367,1181,-16,17,2.592964824,516,NaN,NaN,NaN,-99999,99999,NaN,0,-99999,99999,NaN,0,0,0,0,0,66,41,34,2,9,9,3,5,0,20,PRIORITY - RUNAWAY,200,src/main/java/edu/cmu/px4/mavsdk/case_study/boundary_runaway/main/model/bound_original.stl,src/main/java/edu/cmu/px4/mavsdk/case_study/boundary_runaway/main/model/run_original.stl,src/main/java/edu/cmu/px4/mavsdk/case_study/boundary_runaway/main/model/runbound.stl,2,2
09-30-2022_09-10-35,09-30-2022_09-12-31,PRIORITY - BOUNDARY,1,experiments/config/bound_run/randomized_config_starting_position_only/config_81.ini,,-8,51,5.829145729,1160,-11,19,5.211055276,1037,NaN,NaN,NaN,-99999,99999,NaN,0,-99999,99999,NaN,0,0,0,0,0,56,43,27,4,9,9,3,5,-5,10,PRIORITY - BOUNDARY,200,src/main/java/edu/cmu/px4/mavsdk/case_study/boundary_runaway/main/model/bound_original.stl,src/main/java/edu/cmu/px4/mavsdk/case_study/boundary_runaway/main/model/run_original.stl,src/main/java/edu/cmu/px4/mavsdk/case_study/boundary_runaway/main/model/runbound.stl,2,2
09-30-2022_09-26-32,09-30-2022_09-28-29,PRIORITY - BOUNDARY,4,experiments/config/bound_run/randomized_config_starting_position_only/config_84.ini,,-10,56,5.984924623,1191,-10,18,4.713567839,938,NaN,NaN,NaN,-99999,99999,NaN,0,-99999,99999,NaN,0,0,0,0,0,54,50,31,3,9,9,3,5,2,0,PRIORITY - BOUNDARY,200,src/main/java/edu/cmu/px4/mavsdk/case_study/boundary_runaway/main/model/bound_original.stl,src/main/java/edu/cmu/px4/mavsdk/case_study/boundary_runaway/main/model/run_original.stl,src/main/java/edu/cmu/px4/mavsdk/case_study/boundary_runaway/main/model/runbound.stl,2,2
09-30-2022_09-30-41,09-30-2022_09-32-37,PRIORITY - BOUNDARY,5,experiments/config/bound_run/randomized_config_starting_position_only/config_85.ini,,-10,53,6.467336683,1287,-12,18,4.502512563,896,NaN,NaN,NaN,-99999,99999,NaN,0,-99999,99999,NaN,0,0,0,0,0,49,47,31,3,9,9,3,5,-12,9,PRIORITY - BOUNDARY,200,src/main/java/edu/cmu/px4/mavsdk/case_study/boundary_runaway/main/model/bound_original.stl,src/main/java/edu/cmu/px4/mavsdk/case_study/boundary_runaway/main/model/run_original.stl,src/main/java/edu/cmu/px4/mavsdk/case_study/boundary_runaway/main/model/runbound.stl,2,2
09-30-2022_09-40-45,09-30-2022_09-42-41,PRIORITY - BOUNDARY,7,experiments/config/bound_run/randomized_config_starting_position_only/config_87.ini,,-10,59,5.628140704,1120,-7,17,5.025125628,1000,NaN,NaN,NaN,-99999,99999,NaN,0,-99999,99999,NaN,0,0,0,0,0,60,37,33,3,9,9,3,5,-6,-2,PRIORITY - BOUNDARY,200,src/main/java/edu/cmu/px4/mavsdk/case_study/boundary_runaway/main/model/bound_original.stl,src/main/java/edu/cmu/px4/mavsdk/case_study/boundary_runaway/main/model/run_original.stl,src/main/java/edu/cmu/px4/mavsdk/case_study/boundary_runaway/main/model/runbound.stl,2,2