start_time,finish_time,experiment_item,weak,method,parameter_configuration_number,parameter_configuration_file_name,stl_requirement,runaway_min_robustness,runaway_max_robustness,runaway_average_robustness,runaway_average_robustness_minus5,runaway_average_robustness_normalized,runaway_average_robustness_minus5_normalized,runaway_cumulative_robustness,boundary_min_robustness,boundary_max_robustness,boundary_average_robustness,boundary_average_robustness_normalized,boundary_cumulative_robustness,average_robustness_sum_normalized,average_robustness_sum,average_robustness_sum_minus5,average_robustness_sum_minus5_normalized,min_robustness_sum,avg_resolution_time,avg_cycle_time,resolution_time_percentage,max_runaway_requirement_weakening_parameter,min_runaway_requirement_weakening_parameter,average_runaway_requirement_weakening_parameter,cumulative_runaway_requirement_weakening_parameter,max_boundary_requirement_weakening_parameter,min_boundary_requirement_weakening_parameter,average_boundary_requirement_weakening_parameter,cumulative_boundary_requirement_weakening_parameter,total_resolution_count,resolution_success_count,resolution_failure_count,resolution_success_percentage,runaway_activated_count,boundary_activated_count,follower_caught_ego_count,mission_waypoints_completed_count,EGO_AVOID_SPEED,EGO_BOUND_ENFORCER_SPEED,EGO_DRONE_MAX_SPEED,FOLLOWER_DRONE_MAX_SPEED,EGO_DRONE_START_LOCATION_NORTH,EGO_DRONE_START_LOCATION_EAST,RESOLVER,MAX_EGO_DRONE_CYCLE,STL_BOUNDARY_ORIGINAL_REQUIREMENT_FILE_PATH,STL_RUNAWAY_ORIGINAL_REQUIREMENT_FILE_PATH,MAIN_STL_FILE_FOR_RESOLVER,STL_BOUNDARY_REQUIREMENT_SIGNAL_LENGTH,STL_RUNAWAY_REQUIREMENT_SIGNAL_LENGTH
09-25-2022_16-39-03,09-25-2022_16-41-09,WEAKENING - PRIORITY - RUNAWAY,TRUE,weakening,1,experiments/config/bound_run/randomized_config/config_1.ini,,-8,48,3.974874372,-1.025125628,0.212348898,0.113348946,791,-28,19,-1.814070352,0.48631522,-361,0.698664118,2.16080402,-2.83919598,0.599664166,-36,0.266972973,0.838864865,31.82550422,5.976090701,0,2.378349621,68.97213901,16.16298826,0,6.295339224,182.5648375,37,29,8,78.37837838,58,57,22,2,10,9,3,8,-5,-13,WEAKENING - PRIORITY - RUNAWAY,200,src/main/java/edu/cmu/px4/mavsdk/case_study/boundary_runaway/main/model/bound_original.stl,src/main/java/edu/cmu/px4/mavsdk/case_study/boundary_runaway/main/model/run_original.stl,src/main/java/edu/cmu/px4/mavsdk/case_study/boundary_runaway/main/model/runbound.stl,2,2
09-25-2022_16-43-50,09-25-2022_16-45-53,WEAKENING - PRIORITY - RUNAWAY,TRUE,weakening,2,experiments/config/bound_run/randomized_config/config_2.ini,,-9,56,3.381909548,-1.618090452,0.202590619,0.058079625,673,-20,17,2.24120603,0.596678198,446,0.799268817,5.623115578,0.623115578,0.654757823,-29,0.3132,0.88204,35.50859371,6.994623962,0.431560556,3.292266538,75.72213036,15.37068308,0,3.588346282,82.5319645,25,23,2,92,63,41,24,4,7,9,4,6,20,-9,WEAKENING - PRIORITY - RUNAWAY,200,src/main/java/edu/cmu/px4/mavsdk/case_study/boundary_runaway/main/model/bound_original.stl,src/main/java/edu/cmu/px4/mavsdk/case_study/boundary_runaway/main/model/run_original.stl,src/main/java/edu/cmu/px4/mavsdk/case_study/boundary_runaway/main/model/runbound.stl,2,2
09-25-2022_17-32-09,09-25-2022_17-34-15,WEAKENING - PRIORITY - RUNAWAY,TRUE,weakening,3,experiments/config/bound_run/randomized_config/config_3.ini,,-9,39,4.668341709,-0.331658291,0.223761123,0.177985948,929,-24,16,0.804020101,0.557565668,160,0.781326791,5.47236181,0.47236181,0.735551616,-33,0.339846154,0.913615385,37.19794561,5.473842174,0,2.907073167,66.86268283,15.83167609,0,6.376882855,146.6683057,26,23,3,88.46153846,49,51,22,4,8,9,6,7,-7,17,WEAKENING - PRIORITY - RUNAWAY,200,src/main/java/edu/cmu/px4/mavsdk/case_study/boundary_runaway/main/model/bound_original.stl,src/main/java/edu/cmu/px4/mavsdk/case_study/boundary_runaway/main/model/run_original.stl,src/main/java/edu/cmu/px4/mavsdk/case_study/boundary_runaway/main/model/runbound.stl,2,2
09-25-2022_23-31-02,09-25-2022_23-33-02,WEAKENING - PRIORITY - RUNAWAY,TRUE,weakening,4,experiments/config/bound_run/randomized_config/config_4.ini,,-10,36,7.015075377,2.015075377,0.262380753,0.396721311,1396,-8,15,1.507537688,0.576711662,300,0.839092415,8.522613065,3.522613065,0.973432973,-18,0.237789474,0.806315789,29.49086162,4.703328901,0,1.803871407,28.8619425,6.315332085,0,0.769744122,12.31590595,19,16,3,84.21052632,29,66,22,9,14,9,9,11,0,-19,WEAKENING - PRIORITY - RUNAWAY,200,src/main/java/edu/cmu/px4/mavsdk/case_study/boundary_runaway/main/model/bound_original.stl,src/main/java/edu/cmu/px4/mavsdk/case_study/boundary_runaway/main/model/run_original.stl,src/main/java/edu/cmu/px4/mavsdk/case_study/boundary_runaway/main/model/runbound.stl,2,2
09-27-2022_11-26-49,09-27-2022_11-28-49,WEAKENING - PRIORITY - RUNAWAY,TRUE,weakening,5,experiments/config/bound_run/randomized_config/config_5.ini,,-8,47,11.6080402,6.6080402,0.337966069,0.824824356,2310,-19,17,-0.281407035,0.528026135,-56,0.865992203,11.32663317,6.326633165,1.352850491,-27,0.227470588,0.799529412,28.45055915,4.862700258,0,1.64272089,21.35537157,6.906282188,0,1.01461248,13.18996224,17,13,4,76.47058824,17,80,30,9,14,9,11,12,-15,14,WEAKENING - PRIORITY - RUNAWAY,200,src/main/java/edu/cmu/px4/mavsdk/case_study/boundary_runaway/main/model/bound_original.stl,src/main/java/edu/cmu/px4/mavsdk/case_study/boundary_runaway/main/model/run_original.stl,src/main/java/edu/cmu/px4/mavsdk/case_study/boundary_runaway/main/model/runbound.stl,2,2
09-27-2022_12-03-40,09-27-2022_12-05-40,WEAKENING - PRIORITY - RUNAWAY,TRUE,weakening,6,experiments/config/bound_run/randomized_config/config_6.ini,,-8,53,7.08040201,2.08040201,0.263455818,0.402810304,1409,-19,19,3.728643216,0.637158299,742,0.900614117,10.80904523,5.809045226,1.039968603,-27,0.256642857,0.824571429,31.12439362,5.113053436,0,1.288111976,16.74545569,7.742782421,0,1.165355575,15.14962247,14,13,1,92.85714286,48,31,17,1,13,9,3,5,-1,5,WEAKENING - PRIORITY - RUNAWAY,200,src/main/java/edu/cmu/px4/mavsdk/case_study/boundary_runaway/main/model/bound_original.stl,src/main/java/edu/cmu/px4/mavsdk/case_study/boundary_runaway/main/model/run_original.stl,src/main/java/edu/cmu/px4/mavsdk/case_study/boundary_runaway/main/model/runbound.stl,2,2
09-25-2022_23-51-18,09-25-2022_23-53-29,WEAKENING - PRIORITY - RUNAWAY,TRUE,weakening,7,experiments/config/bound_run/randomized_config/config_7.ini,,-9,45,3.381909548,-1.618090452,0.202590619,0.058079625,673,-33,12,-3.879396985,0.430108052,-772,0.632698671,-0.497487437,-5.497487437,0.488187677,-42,0.269188679,0.848320755,31.73194546,6.631055498,0,2.637877821,100.2393572,14.85458595,0,3.882991083,147.5536611,53,38,15,71.69811321,36,64,14,2,10,9,6,9,-7,-14,WEAKENING - PRIORITY - RUNAWAY,200,src/main/java/edu/cmu/px4/mavsdk/case_study/boundary_runaway/main/model/bound_original.stl,src/main/java/edu/cmu/px4/mavsdk/case_study/boundary_runaway/main/model/run_original.stl,src/main/java/edu/cmu/px4/mavsdk/case_study/boundary_runaway/main/model/runbound.stl,2,2
09-27-2022_12-11-57,09-27-2022_12-14-18,WEAKENING - PRIORITY - RUNAWAY,TRUE,weakening,8,experiments/config/bound_run/randomized_config/config_8.ini,,-9,62,7.899497487,2.899497487,0.276935475,0.479156908,1572,-12,18,4.050251256,0.645910753,806,0.922846228,11.94974874,6.949748743,1.125067661,-21,0.281,0.8489,33.10166097,4.650777216,0,1.555150158,13.99635143,6.41669449,0,1.415078838,12.73570954,10,9,1,90,46,41,13,5,12,9,5,6,11,-18,WEAKENING - PRIORITY - RUNAWAY,200,src/main/java/edu/cmu/px4/mavsdk/case_study/boundary_runaway/main/model/bound_original.stl,src/main/java/edu/cmu/px4/mavsdk/case_study/boundary_runaway/main/model/run_original.stl,src/main/java/edu/cmu/px4/mavsdk/case_study/boundary_runaway/main/model/runbound.stl,2,2
09-27-2022_12-17-28,09-27-2022_12-19-28,WEAKENING - PRIORITY - RUNAWAY,TRUE,weakening,9,experiments/config/bound_run/randomized_config/config_9.ini,,-7,61,9.135678392,4.135678392,0.297279006,0.594379391,1818,-21,17,2.271356784,0.597498741,452,0.894777747,11.40703518,6.407035176,1.191878132,-28,0.314153846,0.887538462,35.39608251,4.576083784,0,1.231922697,16.01499506,10.60230276,0,2.885135068,37.50675588,13,13,0,100,43,35,29,1,14,9,2,4,3,0,WEAKENING - PRIORITY - RUNAWAY,200,src/main/java/edu/cmu/px4/mavsdk/case_study/boundary_runaway/main/model/bound_original.stl,src/main/java/edu/cmu/px4/mavsdk/case_study/boundary_runaway/main/model/run_original.stl,src/main/java/edu/cmu/px4/mavsdk/case_study/boundary_runaway/main/model/runbound.stl,2,2
09-27-2022_12-22-19,09-27-2022_12-24-20,WEAKENING - PRIORITY - RUNAWAY,TRUE,weakening,0,experiments/config/bound_run/randomized_config/config_10.ini,,-9,35,9.844221106,4.844221106,0.308939323,0.660421545,1959,-25,17,-0.412060302,0.52447045,-82,0.833409773,9.432160804,4.432160804,1.184891995,-34,0.228913043,0.804173913,28.46561419,4.632522459,0,1.610143371,24.15215057,8.137560733,0,1.424882049,21.37323074,23,15,8,65.2173913,22,70,32,8,14,9,8,13,-3,7,WEAKENING - PRIORITY - RUNAWAY,200,src/main/java/edu/cmu/px4/mavsdk/case_study/boundary_runaway/main/model/bound_original.stl,src/main/java/edu/cmu/px4/mavsdk/case_study/boundary_runaway/main/model/run_original.stl,src/main/java/edu/cmu/px4/mavsdk/case_study/boundary_runaway/main/model/runbound.stl,2,2
09-27-2022_12-27-41,09-27-2022_12-29-42,WEAKENING - PRIORITY - RUNAWAY,TRUE,weakening,1,experiments/config/bound_run/randomized_config/config_11.ini,,-7,45,9.708542714,4.708542714,0.306706496,0.647775175,1932,-52,15,-1.150753769,0.504367157,-229,0.811073653,8.557788945,3.557788945,1.152142332,-59,0.207652174,0.798217391,26.01448881,4.486147657,0,1.142028799,12.56231679,8.86255155,0,2.527823006,27.80605307,23,11,12,47.82608696,34,77,29,9,14,9,11,12,-16,-15,WEAKENING - PRIORITY - RUNAWAY,200,src/main/java/edu/cmu/px4/mavsdk/case_study/boundary_runaway/main/model/bound_original.stl,src/main/java/edu/cmu/px4/mavsdk/case_study/boundary_runaway/main/model/run_original.stl,src/main/java/edu/cmu/px4/mavsdk/case_study/boundary_runaway/main/model/runbound.stl,2,2
09-27-2022_12-44-08,09-27-2022_12-47-40,WEAKENING - PRIORITY - RUNAWAY,TRUE,weakening,2,experiments/config/bound_run/randomized_config/config_12.ini,,-10,34,8.301507538,3.301507538,0.283551258,0.516627634,1652,-33,19,1.035175879,0.563856494,206,0.847407752,9.336683417,4.336683417,1.080484128,-43,0.218666667,0.802166667,27.25950551,4.860081802,0,2.30288025,20.72592225,9.547306212,0,1.28166709,11.53500381,18,9,9,50,31,53,17,8,12,9,6,11,13,-4,WEAKENING - PRIORITY - RUNAWAY,200,src/main/java/edu/cmu/px4/mavsdk/case_study/boundary_runaway/main/model/bound_original.stl,src/main/java/edu/cmu/px4/mavsdk/case_study/boundary_runaway/main/model/run_original.stl,src/main/java/edu/cmu/px4/mavsdk/case_study/boundary_runaway/main/model/runbound.stl,2,2
09-27-2022_12-54-42,09-27-2022_12-56-46,WEAKENING - PRIORITY - RUNAWAY,TRUE,weakening,3,experiments/config/bound_run/randomized_config/config_13.ini,,-9,52,3.572864322,-1.427135678,0.205733116,0.07587822,711,-21,19,1.748743719,0.583276002,348,0.789009118,5.321608041,0.321608041,0.659154222,-30,0.286321429,0.857214286,33.40138322,7.018988672,0,2.905253992,72.6313498,15.31346059,0,4.361766698,109.0441675,28,25,3,89.28571429,54,47,36,2,9,9,3,7,9,-12,WEAKENING - PRIORITY - RUNAWAY,200,src/main/java/edu/cmu/px4/mavsdk/case_study/boundary_runaway/main/model/bound_original.stl,src/main/java/edu/cmu/px4/mavsdk/case_study/boundary_runaway/main/model/run_original.stl,src/main/java/edu/cmu/px4/mavsdk/case_study/boundary_runaway/main/model/runbound.stl,2,2
09-27-2022_12-59-09,09-27-2022_13-01-11,WEAKENING - PRIORITY - RUNAWAY,TRUE,weakening,4,experiments/config/bound_run/randomized_config/config_14.ini,,-8,72,5.457286432,0.457286432,0.236744596,0.251522248,1086,-19,16,3.879396985,0.641261012,772,0.878005608,9.336683417,4.336683417,0.89278326,-27,0.30552381,0.873047619,34.99509109,3.829890494,0,1.869040939,39.24985972,9.016886026,0,1.949664213,40.94294846,21,21,0,100,60,28,29,1,8,9,3,4,10,-14,WEAKENING - PRIORITY - RUNAWAY,200,src/main/java/edu/cmu/px4/mavsdk/case_study/boundary_runaway/main/model/bound_original.stl,src/main/java/edu/cmu/px4/mavsdk/case_study/boundary_runaway/main/model/run_original.stl,src/main/java/edu/cmu/px4/mavsdk/case_study/boundary_runaway/main/model/runbound.stl,2,2
09-27-2022_13-05-16,09-27-2022_13-07-17,WEAKENING - PRIORITY - RUNAWAY,TRUE,weakening,5,experiments/config/bound_run/randomized_config/config_15.ini,,-9,71,6.703517588,1.703517588,0.257253522,0.367681499,1334,-22,19,5.40201005,0.682698413,1075,0.939951935,12.10552764,7.105527638,1.050379912,-31,0.3291875,0.89475,36.79100307,5.270097815,0,2.410842131,38.5734741,12.33050284,0,2.708222801,43.33156482,16,16,0,100,59,27,27,1,8,9,2,4,4,-15,WEAKENING - PRIORITY - RUNAWAY,200,src/main/java/edu/cmu/px4/mavsdk/case_study/boundary_runaway/main/model/bound_original.stl,src/main/java/edu/cmu/px4/mavsdk/case_study/boundary_runaway/main/model/run_original.stl,src/main/java/edu/cmu/px4/mavsdk/case_study/boundary_runaway/main/model/runbound.stl,2,2
09-27-2022_13-10-40,09-27-2022_13-12-40,WEAKENING - PRIORITY - RUNAWAY,TRUE,weakening,6,experiments/config/bound_run/randomized_config/config_16.ini,,-5,77,13.48743719,8.48743719,0.368894852,1,2684,-5,12,2.683417085,0.608712823,534,0.977607675,16.17085428,11.17085428,1.608712823,-10,0.293909091,0.862454545,34.07821229,3.698575666,0.434314348,1.624085751,17.86494326,2.67699179,0,0.994618681,10.94080549,11,11,0,100,70,10,13,1,4,9,1,2,5,-10,WEAKENING - PRIORITY - RUNAWAY,200,src/main/java/edu/cmu/px4/mavsdk/case_study/boundary_runaway/main/model/bound_original.stl,src/main/java/edu/cmu/px4/mavsdk/case_study/boundary_runaway/main/model/run_original.stl,src/main/java/edu/cmu/px4/mavsdk/case_study/boundary_runaway/main/model/runbound.stl,2,2
09-27-2022_13-22-44,09-27-2022_13-24-50,WEAKENING - PRIORITY - RUNAWAY,TRUE,weakening,7,experiments/config/bound_run/randomized_config/config_17.ini,,-9,32,3.286432161,-1.713567839,0.201019371,0.049180328,654,-28,15,-3.110552764,0.451031888,-619,0.652051259,0.175879397,-4.824120603,0.500212216,-37,0.275351351,0.847243243,32.499681,5.879761861,0,2.737811872,79.39654429,15.89921127,0,5.706192404,165.4795797,37,29,8,78.37837838,48,67,31,2,10,9,4,9,11,19,WEAKENING - PRIORITY - RUNAWAY,200,src/main/java/edu/cmu/px4/mavsdk/case_study/boundary_runaway/main/model/bound_original.stl,src/main/java/edu/cmu/px4/mavsdk/case_study/boundary_runaway/main/model/run_original.stl,src/main/java/edu/cmu/px4/mavsdk/case_study/boundary_runaway/main/model/runbound.stl,2,2
09-26-2022_01-13-51,09-26-2022_01-15-50,WEAKENING - PRIORITY - RUNAWAY,TRUE,weakening,8,experiments/config/bound_run/randomized_config/config_18.ini,,-10,37,6.618090452,1.618090452,0.255847668,0.359718969,1317,-38,15,0.165829146,0.540197516,33,0.796045185,6.783919598,1.783919598,0.899916485,-48,0.233076923,0.815153846,28.59299802,5.979919779,0,2.80029702,19.60207914,11.34657996,0,1.730685908,12.11480135,13,7,6,53.84615385,35,70,25,7,12,9,8,11,-5,-15,WEAKENING - PRIORITY - RUNAWAY,200,src/main/java/edu/cmu/px4/mavsdk/case_study/boundary_runaway/main/model/bound_original.stl,src/main/java/edu/cmu/px4/mavsdk/case_study/boundary_runaway/main/model/run_original.stl,src/main/java/edu/cmu/px4/mavsdk/case_study/boundary_runaway/main/model/runbound.stl,2,2
09-27-2022_13-28-20,09-27-2022_13-30-24,WEAKENING - PRIORITY - RUNAWAY,TRUE,weakening,9,experiments/config/bound_run/randomized_config/config_19.ini,,-8,54,5.010050251,0.010050251,0.229384538,0.209836065,997,-12,19,5.623115578,0.688715725,1119,0.918100263,10.63316583,5.633165829,0.89855179,-20,0.3557,0.9324,38.14886315,7.418946812,0.947358496,2.788105881,52.97401175,9.564562065,0,3.423506718,65.04662765,20,19,1,95,81,16,24,1,6,9,2,4,0,11,WEAKENING - PRIORITY - RUNAWAY,200,src/main/java/edu/cmu/px4/mavsdk/case_study/boundary_runaway/main/model/bound_original.stl,src/main/java/edu/cmu/px4/mavsdk/case_study/boundary_runaway/main/model/run_original.stl,src/main/java/edu/cmu/px4/mavsdk/case_study/boundary_runaway/main/model/runbound.stl,2,2
09-27-2022_13-32-54,09-27-2022_13-34-52,WEAKENING - PRIORITY - RUNAWAY,TRUE,weakening,0,experiments/config/bound_run/randomized_config/config_20.ini,,-10,38,7.201005025,2.201005025,0.265440553,0.414051522,1433,-11,15,3.231155779,0.623619346,643,0.889059899,10.4321608,5.432160804,1.037670868,-21,0.212,0.7951,26.66331279,3.948677713,0,1.355355218,6.776776092,2.769333764,0,0.94802858,4.7401429,10,5,5,50,40,56,32,8,12,9,7,10,18,-12,WEAKENING - PRIORITY - RUNAWAY,200,src/main/java/edu/cmu/px4/mavsdk/case_study/boundary_runaway/main/model/bound_original.stl,src/main/java/edu/cmu/px4/mavsdk/case_study/boundary_runaway/main/model/run_original.stl,src/main/java/edu/cmu/px4/mavsdk/case_study/boundary_runaway/main/model/runbound.stl,2,2
09-27-2022_13-37-40,09-27-2022_13-39-36,WEAKENING - PRIORITY - RUNAWAY,TRUE,weakening,1,experiments/config/bound_run/randomized_config/config_21.ini,,-9,76,4.48241206,-0.51758794,0.220701324,0.160655738,892,-4,18,12.28643216,0.870055638,2445,1.090756961,16.76884422,11.76884422,1.030711376,-13,0.268666667,0.834666667,32.1884984,6.52088439,1.014748099,3.098351748,9.295055245,2.336874362,0,0.778958121,2.336874362,3,3,0,100,131,8,45,0,5,9,1,3,-5,-15,WEAKENING - PRIORITY - RUNAWAY,200,src/main/java/edu/cmu/px4/mavsdk/case_study/boundary_runaway/main/model/bound_original.stl,src/main/java/edu/cmu/px4/mavsdk/case_study/boundary_runaway/main/model/run_original.stl,src/main/java/edu/cmu/px4/mavsdk/case_study/boundary_runaway/main/model/runbound.stl,2,2
09-27-2022_13-42-39,09-27-2022_13-44-40,WEAKENING - PRIORITY - RUNAWAY,TRUE,weakening,2,experiments/config/bound_run/randomized_config/config_22.ini,,-9,36,10.56281407,5.56281407,0.320765034,0.727400468,2102,-37,17,-1.874371859,0.484674134,-373,0.805439169,8.688442211,3.688442211,1.212074602,-46,0.238952381,0.817714286,29.22198928,5.912805115,0,1.83491383,27.52370746,11.97048187,0,2.744970067,41.174551,21,15,6,71.42857143,22,81,33,6,14,9,10,11,-2,3,WEAKENING - PRIORITY - RUNAWAY,200,src/main/java/edu/cmu/px4/mavsdk/case_study/boundary_runaway/main/model/bound_original.stl,src/main/java/edu/cmu/px4/mavsdk/case_study/boundary_runaway/main/model/run_original.stl,src/main/java/edu/cmu/px4/mavsdk/case_study/boundary_runaway/main/model/runbound.stl,2,2
09-27-2022_14-20-05,09-27-2022_14-22-04,WEAKENING - PRIORITY - RUNAWAY,TRUE,weakening,3,experiments/config/bound_run/randomized_config/config_23.ini,,-8,74,13.11557789,8.11557789,0.362775253,0.965339578,2610,-18,17,4.462311558,0.657124836,888,1.019900089,17.57788945,12.57788945,1.622464414,-26,0.45125,1.028,43.8959144,2.804580635,0.067506429,1.465503563,5.86201425,4.435084181,0,1.817497545,7.26999018,4,4,0,100,40,30,28,2,11,9,2,3,-15,-2,WEAKENING - PRIORITY - RUNAWAY,200,src/main/java/edu/cmu/px4/mavsdk/case_study/boundary_runaway/main/model/bound_original.stl,src/main/java/edu/cmu/px4/mavsdk/case_study/boundary_runaway/main/model/run_original.stl,src/main/java/edu/cmu/px4/mavsdk/case_study/boundary_runaway/main/model/runbound.stl,2,2
09-26-2022_01-57-25,09-26-2022_01-59-31,WEAKENING - PRIORITY - RUNAWAY,TRUE,weakening,4,experiments/config/bound_run/randomized_config/config_24.ini,,-9,50,3.130653266,-1.869346734,0.198455755,0.034660421,623,-22,16,-1.48241206,0.495341188,-295,0.693796943,1.648241206,-3.351758794,0.530001609,-31,0.2507,0.82495,30.38972059,6.054908373,0,2.389048724,59.72621809,14.60095225,0,3.633314968,90.83287421,40,25,15,62.5,55,60,16,2,10,9,5,8,7,-20,WEAKENING - PRIORITY - RUNAWAY,200,src/main/java/edu/cmu/px4/mavsdk/case_study/boundary_runaway/main/model/bound_original.stl,src/main/java/edu/cmu/px4/mavsdk/case_study/boundary_runaway/main/model/run_original.stl,src/main/java/edu/cmu/px4/mavsdk/case_study/boundary_runaway/main/model/runbound.stl,2,2
09-27-2022_14-38-08,09-27-2022_14-40-08,WEAKENING - PRIORITY - RUNAWAY,TRUE,weakening,5,experiments/config/bound_run/randomized_config/config_25.ini,,-9,41,7.381909548,2.381909548,0.268417655,0.430913349,1469,-15,17,1.914572864,0.587788987,381,0.856206642,9.296482412,4.296482412,1.018702336,-24,0.295928571,0.868928571,34.0567201,2.949293623,0,1.418699713,14.18699713,4.544729288,0,0.880089106,8.800891058,14,10,4,71.42857143,43,66,38,6,13,9,8,10,6,-18,WEAKENING - PRIORITY - RUNAWAY,200,src/main/java/edu/cmu/px4/mavsdk/case_study/boundary_runaway/main/model/bound_original.stl,src/main/java/edu/cmu/px4/mavsdk/case_study/boundary_runaway/main/model/run_original.stl,src/main/java/edu/cmu/px4/mavsdk/case_study/boundary_runaway/main/model/runbound.stl,2,2
09-27-2022_15-37-16,09-27-2022_15-39-19,WEAKENING - PRIORITY - BOUNDARY,TRUE,weakening,6,experiments/config/bound_run/randomized_config/config_26.ini,,-10,49,3.552763819,-1.447236181,0.205402326,0.074004684,707,-19,16,1.683417085,0.58149816,335,0.786900487,5.236180904,0.236180904,0.655502844,-29,0.334782609,0.905434783,36.97478992,6.305667342,0,2.634475738,42.15161181,9.538344753,0,1.428648878,22.85838204,23,16,7,69.56521739,49,47,43,3,10,9,3,8,-5,-13,WEAKENING - PRIORITY - BOUNDARY,200,src/main/java/edu/cmu/px4/mavsdk/case_study/boundary_runaway/main/model/bound_original.stl,src/main/java/edu/cmu/px4/mavsdk/case_study/boundary_runaway/main/model/run_original.stl,src/main/java/edu/cmu/px4/mavsdk/case_study/boundary_runaway/main/model/runbound.stl,2,2
09-27-2022_15-42-23,09-27-2022_15-44-29,WEAKENING - PRIORITY - BOUNDARY,TRUE,weakening,7,experiments/config/bound_run/randomized_config/config_27.ini,,-9,57,3.879396985,-1.120603015,0.21077765,0.104449649,772,-23,14,0.693467337,0.554557012,138,0.765334661,4.572864322,-0.427135678,0.659006661,-32,0.365103448,0.932241379,39.16404661,6.228453656,0,3.062482204,73.49957289,15.30588049,0,5.258116083,126.194786,29,24,5,82.75862069,55,44,11,3,7,9,4,6,20,-9,WEAKENING - PRIORITY - BOUNDARY,200,src/main/java/edu/cmu/px4/mavsdk/case_study/boundary_runaway/main/model/bound_original.stl,src/main/java/edu/cmu/px4/mavsdk/case_study/boundary_runaway/main/model/run_original.stl,src/main/java/edu/cmu/px4/mavsdk/case_study/boundary_runaway/main/model/runbound.stl,2,2
09-27-2022_15-47-42,09-27-2022_15-49-43,WEAKENING - PRIORITY - BOUNDARY,TRUE,weakening,8,experiments/config/bound_run/randomized_config/config_28.ini,,-9,44,4.673366834,-0.326633166,0.22384382,0.178454332,930,-17,17,2.869346734,0.613772835,571,0.837616656,7.542713568,2.542713568,0.792227167,-26,0.314352941,0.885764706,35.48944083,6.90607672,0.47322842,2.980354351,41.72496091,12.91219853,0,4.007401622,56.10362271,17,14,3,82.35294118,55,46,34,5,8,9,6,7,-7,17,WEAKENING - PRIORITY - BOUNDARY,200,src/main/java/edu/cmu/px4/mavsdk/case_study/boundary_runaway/main/model/bound_original.stl,src/main/java/edu/cmu/px4/mavsdk/case_study/boundary_runaway/main/model/run_original.stl,src/main/java/edu/cmu/px4/mavsdk/case_study/boundary_runaway/main/model/runbound.stl,2,2
09-27-2022_15-52-28,09-27-2022_15-54-27,WEAKENING - PRIORITY - BOUNDARY,TRUE,weakening,9,experiments/config/bound_run/randomized_config/config_29.ini,,-9,39,6.095477387,1.095477387,0.247247151,0.311007026,1213,-21,16,0.688442211,0.554420255,137,0.801667406,6.783919598,1.783919598,0.865427281,-30,0.3155,0.885357143,35.63533683,3.891997942,0,1.220847143,15.87101286,12.44308725,0,3.437450726,44.68685943,14,13,1,92.85714286,36,74,38,4,14,9,9,11,0,-19,WEAKENING - PRIORITY - BOUNDARY,200,src/main/java/edu/cmu/px4/mavsdk/case_study/boundary_runaway/main/model/bound_original.stl,src/main/java/edu/cmu/px4/mavsdk/case_study/boundary_runaway/main/model/run_original.stl,src/main/java/edu/cmu/px4/mavsdk/case_study/boundary_runaway/main/model/runbound.stl,2,2
09-27-2022_16-10-01,09-27-2022_16-12-04,WEAKENING - PRIORITY - BOUNDARY,TRUE,weakening,0,experiments/config/bound_run/randomized_config/config_30.ini,,-10,37,11.94472362,6.94472362,0.343506787,0.856206089,2377,-24,17,-1.286432161,0.500674715,-256,0.844181502,10.65829146,5.658291459,1.356880804,-34,0.310947368,0.887421053,35.03944013,5.134527784,0,1.702602281,27.2416365,8.659043968,0,2.36146101,37.78337616,19,16,3,84.21052632,9,87,30,10,14,9,11,12,-15,14,WEAKENING - PRIORITY - BOUNDARY,200,src/main/java/edu/cmu/px4/mavsdk/case_study/boundary_runaway/main/model/bound_original.stl,src/main/java/edu/cmu/px4/mavsdk/case_study/boundary_runaway/main/model/run_original.stl,src/main/java/edu/cmu/px4/mavsdk/case_study/boundary_runaway/main/model/runbound.stl,2,2
09-27-2022_16-14-17,09-27-2022_16-16-20,WEAKENING - PRIORITY - BOUNDARY,TRUE,weakening,1,experiments/config/bound_run/randomized_config/config_31.ini,,-8,53,6.879396985,1.879396985,0.260147927,0.384074941,1369,-23,19,1.165829146,0.567412179,232,0.827560106,8.045226131,3.045226131,0.95148712,-31,0.332166667,0.908555556,36.55986303,5.588180717,0,1.213934774,20.63689117,10.48792394,0,2.464146697,41.89049385,18,17,1,94.44444444,41,44,30,3,13,9,3,5,-1,5,WEAKENING - PRIORITY - BOUNDARY,200,src/main/java/edu/cmu/px4/mavsdk/case_study/boundary_runaway/main/model/bound_original.stl,src/main/java/edu/cmu/px4/mavsdk/case_study/boundary_runaway/main/model/run_original.stl,src/main/java/edu/cmu/px4/mavsdk/case_study/boundary_runaway/main/model/runbound.stl,2,2
09-26-2022_02-56-34,09-26-2022_02-58-38,WEAKENING - PRIORITY - BOUNDARY,TRUE,weakening,2,experiments/config/bound_run/randomized_config/config_32.ini,,-9,58,5.331658291,0.331658291,0.234677164,0.239812646,1061,-17,16,0.708542714,0.554967283,141,0.789644447,6.040201005,1.040201005,0.794779929,-26,0.267586207,0.842827586,31.74862941,6.088943429,0,2.787063534,64.10246128,11.74607611,0,2.18495911,50.25405954,29,23,6,79.31034483,29,60,24,4,10,9,6,9,-7,-14,WEAKENING - PRIORITY - BOUNDARY,200,src/main/java/edu/cmu/px4/mavsdk/case_study/boundary_runaway/main/model/bound_original.stl,src/main/java/edu/cmu/px4/mavsdk/case_study/boundary_runaway/main/model/run_original.stl,src/main/java/edu/cmu/px4/mavsdk/case_study/boundary_runaway/main/model/runbound.stl,2,2
09-27-2022_16-18-35,09-27-2022_16-20-35,WEAKENING - PRIORITY - BOUNDARY,TRUE,weakening,3,experiments/config/bound_run/randomized_config/config_33.ini,,-10,61,6.005025126,1.005025126,0.2457586,0.302576112,1195,-13,19,3.83919598,0.640166955,764,0.885925555,9.844221106,4.844221106,0.942743067,-23,0.326,0.895636364,36.39870077,5.048530867,0,1.807005203,18.07005203,6.237404826,0,1.053624745,10.53624745,11,10,1,90.90909091,48,46,35,3,12,9,5,6,11,-18,WEAKENING - PRIORITY - BOUNDARY,200,src/main/java/edu/cmu/px4/mavsdk/case_study/boundary_runaway/main/model/bound_original.stl,src/main/java/edu/cmu/px4/mavsdk/case_study/boundary_runaway/main/model/run_original.stl,src/main/java/edu/cmu/px4/mavsdk/case_study/boundary_runaway/main/model/runbound.stl,2,2
09-27-2022_16-22-51,09-27-2022_16-24-50,WEAKENING - PRIORITY - BOUNDARY,TRUE,weakening,4,experiments/config/bound_run/randomized_config/config_34.ini,,-8,62,9.271356784,4.271356784,0.299511833,0.607025761,1845,-19,19,4.703517588,0.663689176,936,0.963201009,13.97487437,8.974874372,1.270714937,-27,0.321857143,0.890571429,36.14051973,1.732351613,0,0.603364041,3.620184244,6.831809625,0,1.881064313,11.28638588,7,6,1,85.71428571,46,40,29,2,14,9,2,4,3,0,WEAKENING - PRIORITY - BOUNDARY,200,src/main/java/edu/cmu/px4/mavsdk/case_study/boundary_runaway/main/model/bound_original.stl,src/main/java/edu/cmu/px4/mavsdk/case_study/boundary_runaway/main/model/run_original.stl,src/main/java/edu/cmu/px4/mavsdk/case_study/boundary_runaway/main/model/runbound.stl,2,2
09-27-2022_16-27-06,09-27-2022_16-29-08,WEAKENING - PRIORITY - BOUNDARY,TRUE,weakening,5,experiments/config/bound_run/randomized_config/config_35.ini,,-9,33,7.683417085,2.683417085,0.273379492,0.459016393,1529,-18,17,0.994974874,0.562762438,198,0.836141929,8.678391959,3.678391959,1.021778831,-27,0.246333333,0.818722222,30.08753478,4.823976858,0,1.776510449,19.54161494,5.620123382,0,1.658687247,18.24555972,18,11,7,61.11111111,34,71,19,5,14,9,8,13,-3,7,WEAKENING - PRIORITY - BOUNDARY,200,src/main/java/edu/cmu/px4/mavsdk/case_study/boundary_runaway/main/model/bound_original.stl,src/main/java/edu/cmu/px4/mavsdk/case_study/boundary_runaway/main/model/run_original.stl,src/main/java/edu/cmu/px4/mavsdk/case_study/boundary_runaway/main/model/runbound.stl,2,2
09-27-2022_16-43-03,09-27-2022_16-45-04,WEAKENING - PRIORITY - BOUNDARY,TRUE,weakening,6,experiments/config/bound_run/randomized_config/config_36.ini,,-9,41,9.979899497,4.979899497,0.31117215,0.673067915,1986,-20,17,0.522613065,0.54990727,104,0.86107942,10.50251256,5.502512562,1.222975185,-29,0.273823529,0.842705882,32.4933687,5.027246381,0,1.696321996,23.74850794,12.26296994,0,2.236023552,31.30432973,17,14,3,82.35294118,25,80,37,5,14,9,11,12,-16,-15,WEAKENING - PRIORITY - BOUNDARY,200,src/main/java/edu/cmu/px4/mavsdk/case_study/boundary_runaway/main/model/bound_original.stl,src/main/java/edu/cmu/px4/mavsdk/case_study/boundary_runaway/main/model/run_original.stl,src/main/java/edu/cmu/px4/mavsdk/case_study/boundary_runaway/main/model/runbound.stl,2,2
09-27-2022_16-47-20,09-27-2022_16-49-18,WEAKENING - PRIORITY - BOUNDARY,TRUE,weakening,7,experiments/config/bound_run/randomized_config/config_37.ini,,-8,33,6.015075377,1.015075377,0.245923994,0.30351288,1197,-8,18,4.467336683,0.657261593,889,0.903185587,10.48241206,5.48241206,0.960774473,-16,0.258428571,0.830857143,31.10385144,3.104082506,0,0.961036708,3.844146831,1.188897993,0,0.297224498,1.188897993,7,4,3,57.14285714,48,45,37,4,12,9,6,11,13,-4,WEAKENING - PRIORITY - BOUNDARY,200,src/main/java/edu/cmu/px4/mavsdk/case_study/boundary_runaway/main/model/bound_original.stl,src/main/java/edu/cmu/px4/mavsdk/case_study/boundary_runaway/main/model/run_original.stl,src/main/java/edu/cmu/px4/mavsdk/case_study/boundary_runaway/main/model/runbound.stl,2,2
09-27-2022_16-51-36,09-27-2022_16-53-38,WEAKENING - PRIORITY - BOUNDARY,TRUE,weakening,8,experiments/config/bound_run/randomized_config/config_38.ini,,-9,52,3.542713568,-1.457286432,0.205236932,0.073067916,705,-23,19,3.095477387,0.619926905,616,0.825163837,6.638190955,1.638190955,0.692994821,-32,0.271,0.840941176,32.22579743,6.083121092,0,3.391742518,37.3091677,6.377606641,0,2.739688427,30.13657269,17,11,6,64.70588235,64,44,37,1,9,9,3,7,9,-12,WEAKENING - PRIORITY - BOUNDARY,200,src/main/java/edu/cmu/px4/mavsdk/case_study/boundary_runaway/main/model/bound_original.stl,src/main/java/edu/cmu/px4/mavsdk/case_study/boundary_runaway/main/model/run_original.stl,src/main/java/edu/cmu/px4/mavsdk/case_study/boundary_runaway/main/model/runbound.stl,2,2
09-27-2022_19-11-05,09-27-2022_19-13-07,WEAKENING - PRIORITY - BOUNDARY,TRUE,weakening,9,experiments/config/bound_run/randomized_config/config_39.ini,,-9,72,5.507537688,0.507537688,0.237571569,0.256206089,1096,-12,18,3.949748744,0.643175611,786,0.88074718,9.457286432,4.457286432,0.8993817,-21,0.3450625,0.912,37.83580044,5.082037447,0,2.269568649,36.31309838,7.859311548,0,1.987882073,31.80611318,16,16,0,100,61,25,31,2,8,9,3,4,10,-14,WEAKENING - PRIORITY - BOUNDARY,200,src/main/java/edu/cmu/px4/mavsdk/case_study/boundary_runaway/main/model/bound_original.stl,src/main/java/edu/cmu/px4/mavsdk/case_study/boundary_runaway/main/model/run_original.stl,src/main/java/edu/cmu/px4/mavsdk/case_study/boundary_runaway/main/model/runbound.stl,2,2
09-27-2022_19-15-20,09-27-2022_19-17-20,WEAKENING - PRIORITY - BOUNDARY,TRUE,weakening,0,experiments/config/bound_run/randomized_config/config_40.ini,,-9,70,6.653266332,1.653266332,0.256426549,0.362997658,1324,-12,18,3.653266332,0.635106943,727,0.891533492,10.30653266,5.306532664,0.998104601,-21,0.290363636,0.856545455,33.89938442,3.866531906,0,1.942046918,17.47842226,8.618172823,0,2.536472566,22.8282531,11,9,2,81.81818182,63,31,30,1,8,9,2,4,4,-15,WEAKENING - PRIORITY - BOUNDARY,200,src/main/java/edu/cmu/px4/mavsdk/case_study/boundary_runaway/main/model/bound_original.stl,src/main/java/edu/cmu/px4/mavsdk/case_study/boundary_runaway/main/model/run_original.stl,src/main/java/edu/cmu/px4/mavsdk/case_study/boundary_runaway/main/model/runbound.stl,2,2
09-27-2022_19-19-31,09-27-2022_19-21-30,WEAKENING - PRIORITY - BOUNDARY,TRUE,weakening,1,experiments/config/bound_run/randomized_config/config_41.ini,,-8,76,12.98492462,7.98492462,0.360625124,0.953161592,2584,-10,16,3.959798995,0.643449126,788,1.00407425,16.94472362,11.94472362,1.596610718,-18,0.2975,0.867375,34.29889033,6.808891265,0,1.868653793,14.94923034,6.209592299,0,1.395175571,11.16140456,8,8,0,100,69,13,25,1,4,9,1,2,5,-10,WEAKENING - PRIORITY - BOUNDARY,200,src/main/java/edu/cmu/px4/mavsdk/case_study/boundary_runaway/main/model/bound_original.stl,src/main/java/edu/cmu/px4/mavsdk/case_study/boundary_runaway/main/model/run_original.stl,src/main/java/edu/cmu/px4/mavsdk/case_study/boundary_runaway/main/model/runbound.stl,2,2
09-26-2022_04-11-15,09-26-2022_04-13-22,WEAKENING - PRIORITY - BOUNDARY,TRUE,weakening,2,experiments/config/bound_run/randomized_config/config_42.ini,,-9,32,2.75879397,-2.24120603,0.192336156,0,549,-26,17,-0.663316583,0.517632595,-132,0.709968751,2.095477387,-2.904522613,0.517632595,-35,0.282,0.856051282,32.94195172,5.57076335,0,3.056324251,88.63340329,15.6104996,0,4.037718605,117.0938396,39,29,10,74.35897436,42,60,24,4,10,9,4,9,11,19,WEAKENING - PRIORITY - BOUNDARY,200,src/main/java/edu/cmu/px4/mavsdk/case_study/boundary_runaway/main/model/bound_original.stl,src/main/java/edu/cmu/px4/mavsdk/case_study/boundary_runaway/main/model/run_original.stl,src/main/java/edu/cmu/px4/mavsdk/case_study/boundary_runaway/main/model/runbound.stl,2,2
09-27-2022_19-23-43,09-27-2022_19-25-44,WEAKENING - PRIORITY - BOUNDARY,TRUE,weakening,3,experiments/config/bound_run/randomized_config/config_43.ini,,-10,41,7.251256281,2.251256281,0.266267526,0.418735363,1443,-21,16,1.281407035,0.570557592,255,0.836825118,8.532663316,3.532663316,0.989292955,-31,0.258111111,0.830166667,31.09148096,4.5701313,0,2.62257839,36.71609746,13.48573142,0,2.426826577,33.97557208,18,14,4,77.77777778,33,66,40,6,12,9,8,11,-5,-15,WEAKENING - PRIORITY - BOUNDARY,200,src/main/java/edu/cmu/px4/mavsdk/case_study/boundary_runaway/main/model/bound_original.stl,src/main/java/edu/cmu/px4/mavsdk/case_study/boundary_runaway/main/model/run_original.stl,src/main/java/edu/cmu/px4/mavsdk/case_study/boundary_runaway/main/model/runbound.stl,2,2
09-26-2022_04-23-51,09-26-2022_04-25-56,WEAKENING - PRIORITY - BOUNDARY,TRUE,weakening,4,experiments/config/bound_run/randomized_config/config_44.ini,,-8,56,5.814070352,0.814070352,0.242616103,0.284777517,1157,-19,17,3.793969849,0.638936141,755,0.881552245,9.608040201,4.608040201,0.923713658,-27,0.351714286,0.928428571,37.88275119,7.303255641,0,3.19416594,63.88331879,15.068856,0,3.686145597,73.72291193,21,20,1,95.23809524,64,31,21,2,6,9,2,4,0,11,WEAKENING - PRIORITY - BOUNDARY,200,src/main/java/edu/cmu/px4/mavsdk/case_study/boundary_runaway/main/model/bound_original.stl,src/main/java/edu/cmu/px4/mavsdk/case_study/boundary_runaway/main/model/run_original.stl,src/main/java/edu/cmu/px4/mavsdk/case_study/boundary_runaway/main/model/runbound.stl,2,2
09-27-2022_19-34-37,09-27-2022_19-37-03,WEAKENING - PRIORITY - BOUNDARY,TRUE,weakening,6,experiments/config/bound_run/randomized_config/config_46.ini,,-9,76,6.331658291,1.331658291,0.251133923,0.333021077,1260,-6,18,1.251256281,0.56973705,249,0.820870973,7.582914572,2.582914572,0.902758127,-15,0.375407895,0.951736842,39.44450589,6.863452047,1.980045588,6.453551291,451.7485903,5.34420768,0,4.332359593,303.2651715,76,70,6,92.10526316,42,30,38,1,5,9,1,3,-5,-15,WEAKENING - PRIORITY - BOUNDARY,200,src/main/java/edu/cmu/px4/mavsdk/case_study/boundary_runaway/main/model/bound_original.stl,src/main/java/edu/cmu/px4/mavsdk/case_study/boundary_runaway/main/model/run_original.stl,src/main/java/edu/cmu/px4/mavsdk/case_study/boundary_runaway/main/model/runbound.stl,2,2
09-27-2022_19-39-13,09-27-2022_19-41-12,WEAKENING - PRIORITY - BOUNDARY,TRUE,weakening,7,experiments/config/bound_run/randomized_config/config_47.ini,,-9,37,8.165829146,3.165829146,0.281318431,0.503981264,1625,-10,18,1.346733668,0.572335434,268,0.853653865,9.512562814,4.512562814,1.076316698,-19,0.243857143,0.810142857,30.10051137,4.789873183,0,1.157415767,13.8889892,3.496622904,0,0.469072173,5.62886608,14,12,2,85.71428571,27,73,34,5,14,9,10,11,-2,3,WEAKENING - PRIORITY - BOUNDARY,200,src/main/java/edu/cmu/px4/mavsdk/case_study/boundary_runaway/main/model/bound_original.stl,src/main/java/edu/cmu/px4/mavsdk/case_study/boundary_runaway/main/model/run_original.stl,src/main/java/edu/cmu/px4/mavsdk/case_study/boundary_runaway/main/model/runbound.stl,2,2
09-26-2022_04-51-59,09-26-2022_04-53-58,WEAKENING - PRIORITY - BOUNDARY,TRUE,weakening,8,experiments/config/bound_run/randomized_config/config_48.ini,,-8,70,12.85929648,7.85929648,0.358557692,0.94145199,2559,-11,19,5.331658291,0.680783814,1061,1.039341505,18.19095477,13.19095477,1.622235804,-19,0.365428571,0.941428571,38.81638847,3.211565414,0,0.978828986,6.8518029,4.788411696,0,1.288696242,9.020873696,7,7,0,100,43,26,20,1,11,9,2,3,-15,-2,WEAKENING - PRIORITY - BOUNDARY,200,src/main/java/edu/cmu/px4/mavsdk/case_study/boundary_runaway/main/model/bound_original.stl,src/main/java/edu/cmu/px4/mavsdk/case_study/boundary_runaway/main/model/run_original.stl,src/main/java/edu/cmu/px4/mavsdk/case_study/boundary_runaway/main/model/runbound.stl,2,2
09-27-2022_19-43-25,09-27-2022_19-45-29,WEAKENING - PRIORITY - BOUNDARY,TRUE,weakening,9,experiments/config/bound_run/randomized_config/config_49.ini,,-9,51,3.658291457,-1.341708543,0.207138969,0.083840749,728,-20,19,1.346733668,0.572335434,268,0.779474404,5.005025125,0.005025125,0.656176183,-29,0.280857143,0.857464286,32.75438377,4.950488454,0,2.353825755,51.78416661,14.40489323,0,4.480149168,98.5632817,28,22,6,78.57142857,40,60,37,2,10,9,5,8,7,-20,WEAKENING - PRIORITY - BOUNDARY,200,src/main/java/edu/cmu/px4/mavsdk/case_study/boundary_runaway/main/model/bound_original.stl,src/main/java/edu/cmu/px4/mavsdk/case_study/boundary_runaway/main/model/run_original.stl,src/main/java/edu/cmu/px4/mavsdk/case_study/boundary_runaway/main/model/runbound.stl,2,2
09-26-2022_05-04-31,09-26-2022_05-06-31,WEAKENING - PRIORITY - BOUNDARY,TRUE,weakening,0,experiments/config/bound_run/randomized_config/config_50.ini,,-9,41,7.226130653,2.226130653,0.265854039,0.416393442,1438,-15,17,1.743718593,0.583139245,347,0.848993285,8.969849246,3.969849246,0.999532687,-24,0.290272727,0.86,33.75264271,4.257830427,0,1.774734678,17.74734678,5.570656333,0,0.910090939,9.100909391,11,10,1,90.90909091,39,69,29,4,13,9,8,10,6,-18,WEAKENING - PRIORITY - BOUNDARY,200,src/main/java/edu/cmu/px4/mavsdk/case_study/boundary_runaway/main/model/bound_original.stl,src/main/java/edu/cmu/px4/mavsdk/case_study/boundary_runaway/main/model/run_original.stl,src/main/java/edu/cmu/px4/mavsdk/case_study/boundary_runaway/main/model/runbound.stl,2,2
09-26-2022_05-09-17,09-26-2022_05-11-13,PRIORITY - RUNAWAY,FALSE,priority,1,experiments/config/bound_run/randomized_config/config_51.ini,,-10,63,5.557788945,0.557788945,0.238398542,0.26088993,1106,-36,15,-2.417085427,0.469904368,-481,0.70830291,3.140703518,-1.859296482,0.730794298,-46,NaN,NaN,NaN,-99999,99999,NaN,0,-99999,99999,NaN,0,0,0,0,0,75,61,26,2,10,9,3,8,-5,-13,PRIORITY - RUNAWAY,200,src/main/java/edu/cmu/px4/mavsdk/case_study/boundary_runaway/main/model/bound_original.stl,src/main/java/edu/cmu/px4/mavsdk/case_study/boundary_runaway/main/model/run_original.stl,src/main/java/edu/cmu/px4/mavsdk/case_study/boundary_runaway/main/model/runbound.stl,2,2
09-27-2022_20-04-43,09-27-2022_20-06-39,PRIORITY - RUNAWAY,FALSE,priority,2,experiments/config/bound_run/randomized_config/config_52.ini,,-9,59,3.718592965,-1.281407035,0.208131337,0.089461358,740,-33,13,-4.603015075,0.41041503,-916,0.618546367,-0.88442211,-5.88442211,0.499876388,-42,NaN,NaN,NaN,-99999,99999,NaN,0,-99999,99999,NaN,0,0,0,0,0,83,63,32,1,7,9,4,6,20,-9,PRIORITY - RUNAWAY,200,src/main/java/edu/cmu/px4/mavsdk/case_study/boundary_runaway/main/model/bound_original.stl,src/main/java/edu/cmu/px4/mavsdk/case_study/boundary_runaway/main/model/run_original.stl,src/main/java/edu/cmu/px4/mavsdk/case_study/boundary_runaway/main/model/runbound.stl,2,2
09-27-2022_19-54-20,09-27-2022_19-56-16,PRIORITY - RUNAWAY,FALSE,priority,3,experiments/config/bound_run/randomized_config/config_53.ini,,-10,42,5.145728643,0.145728643,0.231617365,0.222482435,1024,-74,19,-11.15075377,0.232220531,-2219,0.463837895,-6.005025127,-11.00502513,0.454702966,-84,NaN,NaN,NaN,-99999,99999,NaN,0,-99999,99999,NaN,0,0,0,0,0,84,60,30,2,8,9,6,7,-7,17,PRIORITY - RUNAWAY,200,src/main/java/edu/cmu/px4/mavsdk/case_study/boundary_runaway/main/model/bound_original.stl,src/main/java/edu/cmu/px4/mavsdk/case_study/boundary_runaway/main/model/run_original.stl,src/main/java/edu/cmu/px4/mavsdk/case_study/boundary_runaway/main/model/runbound.stl,2,2
09-27-2022_20-53-16,09-27-2022_20-55-12,PRIORITY - RUNAWAY,FALSE,priority,4,experiments/config/bound_run/randomized_config/config_54.ini,,-10,38,6.849246231,1.849246231,0.259651743,0.381264637,1363,-66,18,-5.442211055,0.387576594,-1083,0.647228338,1.407035176,-3.592964824,0.768841231,-76,NaN,NaN,NaN,-99999,99999,NaN,0,-99999,99999,NaN,0,0,0,0,0,56,70,29,6,14,9,9,11,0,-19,PRIORITY - RUNAWAY,200,src/main/java/edu/cmu/px4/mavsdk/case_study/boundary_runaway/main/model/bound_original.stl,src/main/java/edu/cmu/px4/mavsdk/case_study/boundary_runaway/main/model/run_original.stl,src/main/java/edu/cmu/px4/mavsdk/case_study/boundary_runaway/main/model/runbound.stl,2,2
09-27-2022_20-22-25,09-27-2022_20-24-21,PRIORITY - RUNAWAY,FALSE,priority,5,experiments/config/bound_run/randomized_config/config_55.ini,,-9,37,11.22110553,6.22110553,0.331598378,0.788758782,2233,-22,16,-1.175879397,0.503683371,-234,0.835281749,10.04522613,5.045226133,1.292442153,-31,NaN,NaN,NaN,-99999,99999,NaN,0,-99999,99999,NaN,0,0,0,0,0,37,80,29,10,14,9,11,12,-15,14,PRIORITY - RUNAWAY,200,src/main/java/edu/cmu/px4/mavsdk/case_study/boundary_runaway/main/model/bound_original.stl,src/main/java/edu/cmu/px4/mavsdk/case_study/boundary_runaway/main/model/run_original.stl,src/main/java/edu/cmu/px4/mavsdk/case_study/boundary_runaway/main/model/runbound.stl,2,2
09-27-2022_20-32-19,09-27-2022_20-34-15,PRIORITY - RUNAWAY,FALSE,priority,7,experiments/config/bound_run/randomized_config/config_57.ini,,-10,59,5.718592965,0.718592965,0.241044855,0.27587822,1138,-71,16,-5.618090452,0.382790096,-1118,0.623834951,0.100502513,-4.899497487,0.658668316,-81,NaN,NaN,NaN,-99999,99999,NaN,0,-99999,99999,NaN,0,0,0,0,0,58,64,32,5,10,9,6,9,-7,-14,PRIORITY - RUNAWAY,200,src/main/java/edu/cmu/px4/mavsdk/case_study/boundary_runaway/main/model/bound_original.stl,src/main/java/edu/cmu/px4/mavsdk/case_study/boundary_runaway/main/model/run_original.stl,src/main/java/edu/cmu/px4/mavsdk/case_study/boundary_runaway/main/model/runbound.stl,2,2
09-27-2022_20-36-21,09-27-2022_20-38-17,PRIORITY - RUNAWAY,FALSE,priority,8,experiments/config/bound_run/randomized_config/config_58.ini,,-8,62,5.286432161,0.286432161,0.233932889,0.23559719,1052,-27,17,0.603015075,0.552095384,120,0.786028273,5.889447236,0.889447236,0.787692574,-35,NaN,NaN,NaN,-99999,99999,NaN,0,-99999,99999,NaN,0,0,0,0,0,57,62,27,7,12,9,5,6,11,-18,PRIORITY - RUNAWAY,200,src/main/java/edu/cmu/px4/mavsdk/case_study/boundary_runaway/main/model/bound_original.stl,src/main/java/edu/cmu/px4/mavsdk/case_study/boundary_runaway/main/model/run_original.stl,src/main/java/edu/cmu/px4/mavsdk/case_study/boundary_runaway/main/model/runbound.stl,2,2
09-27-2022_20-40-22,09-27-2022_20-42-18,PRIORITY - RUNAWAY,FALSE,priority,1,experiments/config/bound_run/randomized_config/config_61.ini,,-9,47,10.2160804,5.2160804,0.315058922,0.695081967,2033,-19,11,-2.246231156,0.474554109,-447,0.789613031,7.969849244,2.969849244,1.169636076,-28,NaN,NaN,NaN,-99999,99999,NaN,0,-99999,99999,NaN,0,0,0,0,0,34,87,31,10,14,9,11,12,-16,-15,PRIORITY - RUNAWAY,200,src/main/java/edu/cmu/px4/mavsdk/case_study/boundary_runaway/main/model/bound_original.stl,src/main/java/edu/cmu/px4/mavsdk/case_study/boundary_runaway/main/model/run_original.stl,src/main/java/edu/cmu/px4/mavsdk/case_study/boundary_runaway/main/model/runbound.stl,2,2
09-27-2022_20-44-22,09-27-2022_20-46-18,PRIORITY - RUNAWAY,FALSE,priority,4,experiments/config/bound_run/randomized_config/config_64.ini,,-9,72,6.155778894,1.155778894,0.248239518,0.316627634,1225,-20,18,1.502512563,0.576574905,299,0.824814423,7.658291457,2.658291457,0.893202539,-29,NaN,NaN,NaN,-99999,99999,NaN,0,-99999,99999,NaN,0,0,0,0,0,74,42,29,1,8,9,3,4,10,-14,PRIORITY - RUNAWAY,200,src/main/java/edu/cmu/px4/mavsdk/case_study/boundary_runaway/main/model/bound_original.stl,src/main/java/edu/cmu/px4/mavsdk/case_study/boundary_runaway/main/model/run_original.stl,src/main/java/edu/cmu/px4/mavsdk/case_study/boundary_runaway/main/model/runbound.stl,2,2
09-27-2022_21-02-39,09-27-2022_21-04-35,PRIORITY - RUNAWAY,FALSE,priority,6,experiments/config/bound_run/randomized_config/config_56.ini,,-8,53,6.457286432,1.457286432,0.253201355,0.344730679,1285,-14,19,3.366834171,0.627311788,670,0.880513143,9.824120603,4.824120603,0.972042467,-22,NaN,NaN,NaN,-99999,99999,NaN,0,-99999,99999,NaN,0,0,0,0,0,67,45,30,1,13,9,3,5,-1,5,PRIORITY - RUNAWAY,200,src/main/java/edu/cmu/px4/mavsdk/case_study/boundary_runaway/main/model/bound_original.stl,src/main/java/edu/cmu/px4/mavsdk/case_study/boundary_runaway/main/model/run_original.stl,src/main/java/edu/cmu/px4/mavsdk/case_study/boundary_runaway/main/model/runbound.stl,2,2
09-27-2022_21-06-36,09-27-2022_21-08-33,PRIORITY - RUNAWAY,FALSE,priority,5,experiments/config/bound_run/randomized_config/config_65.ini,,-10,71,6.010050251,1.010050251,0.245841297,0.303044496,1196,-15,18,3.663316583,0.635380457,729,0.881221754,9.673366834,4.673366834,0.938424953,-25,NaN,NaN,NaN,-99999,99999,NaN,0,-99999,99999,NaN,0,0,0,0,0,77,33,28,1,8,9,2,4,4,-15,PRIORITY - RUNAWAY,200,src/main/java/edu/cmu/px4/mavsdk/case_study/boundary_runaway/main/model/bound_original.stl,src/main/java/edu/cmu/px4/mavsdk/case_study/boundary_runaway/main/model/run_original.stl,src/main/java/edu/cmu/px4/mavsdk/case_study/boundary_runaway/main/model/runbound.stl,2,2
09-27-2022_21-10-34,09-27-2022_21-12-31,PRIORITY - RUNAWAY,FALSE,priority,6,experiments/config/bound_run/randomized_config/config_66.ini,,-6,76,13.01507538,8.01507538,0.361121308,0.955971897,2590,-6,18,3.271356784,0.624713403,651,0.985834711,16.28643216,11.28643216,1.5806853,-12,NaN,NaN,NaN,-99999,99999,NaN,0,-99999,99999,NaN,0,0,0,0,0,73,19,21,2,4,9,1,2,5,-10,PRIORITY - RUNAWAY,200,src/main/java/edu/cmu/px4/mavsdk/case_study/boundary_runaway/main/model/bound_original.stl,src/main/java/edu/cmu/px4/mavsdk/case_study/boundary_runaway/main/model/run_original.stl,src/main/java/edu/cmu/px4/mavsdk/case_study/boundary_runaway/main/model/runbound.stl,2,2
09-27-2022_21-14-33,09-27-2022_21-16-29,PRIORITY - RUNAWAY,FALSE,priority,8,experiments/config/bound_run/randomized_config/config_68.ini,,-9,54,5.155778894,0.155778894,0.231782759,0.223419204,1026,-44,15,-4.040201005,0.425731825,-804,0.657514584,1.115577889,-3.884422111,0.649151029,-53,NaN,NaN,NaN,-99999,99999,NaN,0,-99999,99999,NaN,0,0,0,0,0,64,68,29,4,12,9,8,11,-5,-15,PRIORITY - RUNAWAY,200,src/main/java/edu/cmu/px4/mavsdk/case_study/boundary_runaway/main/model/bound_original.stl,src/main/java/edu/cmu/px4/mavsdk/case_study/boundary_runaway/main/model/run_original.stl,src/main/java/edu/cmu/px4/mavsdk/case_study/boundary_runaway/main/model/runbound.stl,2,2
09-27-2022_21-22-29,09-27-2022_21-24-28,PRIORITY - RUNAWAY,FALSE,priority,1,experiments/config/bound_run/randomized_config/config_71.ini,,-9,76,8.668341709,3.668341709,0.289588159,0.550819672,1725,-10,16,3.211055276,0.623072318,639,0.912660477,11.87939699,6.879396985,1.17389199,-19,NaN,NaN,NaN,-99999,99999,NaN,0,-99999,99999,NaN,0,0,0,0,0,77,30,24,0,5,9,1,3,-5,-15,PRIORITY - RUNAWAY,200,src/main/java/edu/cmu/px4/mavsdk/case_study/boundary_runaway/main/model/bound_original.stl,src/main/java/edu/cmu/px4/mavsdk/case_study/boundary_runaway/main/model/run_original.stl,src/main/java/edu/cmu/px4/mavsdk/case_study/boundary_runaway/main/model/runbound.stl,2,2
09-27-2022_21-26-27,09-27-2022_21-28-24,PRIORITY - RUNAWAY,FALSE,priority,2,experiments/config/bound_run/randomized_config/config_72.ini,,-9,35,10.59798995,5.59798995,0.321343915,0.730679157,2109,-17,18,-0.271356784,0.528299649,-54,0.849643564,10.32663317,5.326633166,1.258978806,-26,NaN,NaN,NaN,-99999,99999,NaN,0,-99999,99999,NaN,0,0,0,0,0,38,76,26,8,14,9,10,11,-2,3,PRIORITY - RUNAWAY,200,src/main/java/edu/cmu/px4/mavsdk/case_study/boundary_runaway/main/model/bound_original.stl,src/main/java/edu/cmu/px4/mavsdk/case_study/boundary_runaway/main/model/run_original.stl,src/main/java/edu/cmu/px4/mavsdk/case_study/boundary_runaway/main/model/runbound.stl,2,2
09-27-2022_21-37-07,09-27-2022_21-39-04,PRIORITY - BOUNDARY,FALSE,priority,8,experiments/config/bound_run/randomized_config/config_78.ini,,-10,42,4.492462312,-0.507537688,0.220866718,0.161592506,894,-6,18,3.964824121,0.643585883,789,0.864452601,8.457286433,3.457286433,0.805178389,-16,NaN,NaN,NaN,-99999,99999,NaN,0,-99999,99999,NaN,0,0,0,0,0,48,55,29,4,8,9,6,7,-7,17,PRIORITY - BOUNDARY,200,src/main/java/edu/cmu/px4/mavsdk/case_study/boundary_runaway/main/model/bound_original.stl,src/main/java/edu/cmu/px4/mavsdk/case_study/boundary_runaway/main/model/run_original.stl,src/main/java/edu/cmu/px4/mavsdk/case_study/boundary_runaway/main/model/runbound.stl,2,2
09-27-2022_21-51-50,09-27-2022_21-53-46,PRIORITY - BOUNDARY,FALSE,priority,0,experiments/config/bound_run/randomized_config/config_80.ini,,-8,35,9.442211055,4.442211055,0.30232354,0.622950819,1879,-12,18,1.939698492,0.588472772,386,0.890796313,11.38190955,6.381909547,1.211423591,-20,NaN,NaN,NaN,-99999,99999,NaN,0,-99999,99999,NaN,0,0,0,0,0,29,80,25,6,14,9,11,12,-15,14,PRIORITY - BOUNDARY,200,src/main/java/edu/cmu/px4/mavsdk/case_study/boundary_runaway/main/model/bound_original.stl,src/main/java/edu/cmu/px4/mavsdk/case_study/boundary_runaway/main/model/run_original.stl,src/main/java/edu/cmu/px4/mavsdk/case_study/boundary_runaway/main/model/runbound.stl,2,2
09-26-2022_08-25-48,09-26-2022_08-27-45,PRIORITY - BOUNDARY,FALSE,priority,1,experiments/config/bound_run/randomized_config/config_81.ini,,-9,52,6.030150754,1.030150754,0.246172086,0.304918033,1200,-15,18,3.477386935,0.630320444,692,0.876492531,9.507537689,4.507537689,0.935238477,-24,NaN,NaN,NaN,-99999,99999,NaN,0,-99999,99999,NaN,0,0,0,0,0,45,52,22,5,13,9,3,5,-1,5,PRIORITY - BOUNDARY,200,src/main/java/edu/cmu/px4/mavsdk/case_study/boundary_runaway/main/model/bound_original.stl,src/main/java/edu/cmu/px4/mavsdk/case_study/boundary_runaway/main/model/run_original.stl,src/main/java/edu/cmu/px4/mavsdk/case_study/boundary_runaway/main/model/runbound.stl,2,2
09-27-2022_21-55-48,09-27-2022_21-57-44,PRIORITY - BOUNDARY,FALSE,priority,2,experiments/config/bound_run/randomized_config/config_82.ini,,-10,46,5.391959799,0.391959799,0.235669532,0.245433255,1073,-11,18,3.371859296,0.627448545,671,0.863118077,8.763819095,3.763819095,0.8728818,-21,NaN,NaN,NaN,-99999,99999,NaN,0,-99999,99999,NaN,0,0,0,0,0,49,55,37,6,10,9,6,9,-7,-14,PRIORITY - BOUNDARY,200,src/main/java/edu/cmu/px4/mavsdk/case_study/boundary_runaway/main/model/bound_original.stl,src/main/java/edu/cmu/px4/mavsdk/case_study/boundary_runaway/main/model/run_original.stl,src/main/java/edu/cmu/px4/mavsdk/case_study/boundary_runaway/main/model/runbound.stl,2,2
09-27-2022_21-59-47,09-27-2022_22-01-44,PRIORITY - BOUNDARY,FALSE,priority,3,experiments/config/bound_run/randomized_config/config_83.ini,,-9,61,4.859296482,-0.140703518,0.22690362,0.195784543,967,-15,19,2.522613065,0.604336595,502,0.831240215,7.381909547,2.381909547,0.800121138,-24,NaN,NaN,NaN,-99999,99999,NaN,0,-99999,99999,NaN,0,0,0,0,0,49,63,32,2,12,9,5,6,11,-18,PRIORITY - BOUNDARY,200,src/main/java/edu/cmu/px4/mavsdk/case_study/boundary_runaway/main/model/bound_original.stl,src/main/java/edu/cmu/px4/mavsdk/case_study/boundary_runaway/main/model/run_original.stl,src/main/java/edu/cmu/px4/mavsdk/case_study/boundary_runaway/main/model/runbound.stl,2,2
09-27-2022_22-03-45,09-27-2022_22-05-42,PRIORITY - BOUNDARY,FALSE,priority,4,experiments/config/bound_run/randomized_config/config_84.ini,,-8,63,8.457286432,3.457286432,0.286114873,0.531147541,1683,-15,16,4.361809045,0.654389694,868,0.940504567,12.81909548,7.819095477,1.185537235,-23,NaN,NaN,NaN,-99999,99999,NaN,0,-99999,99999,NaN,0,0,0,0,0,49,49,27,3,14,9,2,4,3,0,PRIORITY - BOUNDARY,200,src/main/java/edu/cmu/px4/mavsdk/case_study/boundary_runaway/main/model/bound_original.stl,src/main/java/edu/cmu/px4/mavsdk/case_study/boundary_runaway/main/model/run_original.stl,src/main/java/edu/cmu/px4/mavsdk/case_study/boundary_runaway/main/model/runbound.stl,2,2
09-27-2022_23-04-21,09-27-2022_23-06-17,PRIORITY - BOUNDARY,FALSE,priority,6,experiments/config/bound_run/randomized_config/config_86.ini,,-10,39,9.417085427,4.417085427,0.301910054,0.620608899,1874,-11,13,0.43718593,0.5475824,87,0.849492454,9.854271357,4.854271357,1.168191299,-21,NaN,NaN,NaN,-99999,99999,NaN,0,-99999,99999,NaN,0,0,0,0,0,19,92,24,8,14,9,11,12,-16,-15,PRIORITY - BOUNDARY,200,src/main/java/edu/cmu/px4/mavsdk/case_study/boundary_runaway/main/model/bound_original.stl,src/main/java/edu/cmu/px4/mavsdk/case_study/boundary_runaway/main/model/run_original.stl,src/main/java/edu/cmu/px4/mavsdk/case_study/boundary_runaway/main/model/runbound.stl,2,2
09-26-2022_06-08-20,09-26-2022_06-10-16,PRIORITY - RUNAWAY,FALSE,priority,9,experiments/config/bound_run/randomized_config/config_59.ini,,-7,61,8.909547739,3.909547739,0.293557629,0.573302108,1773,-23,17,1.728643216,0.582728974,344,0.876286603,10.63819096,5.638190955,1.156031082,-30,NaN,NaN,NaN,-99999,99999,NaN,0,-99999,99999,NaN,0,0,0,0,0,58,43,13,1,14,9,2,4,3,0,PRIORITY - RUNAWAY,200,src/main/java/edu/cmu/px4/mavsdk/case_study/boundary_runaway/main/model/bound_original.stl,src/main/java/edu/cmu/px4/mavsdk/case_study/boundary_runaway/main/model/run_original.stl,src/main/java/edu/cmu/px4/mavsdk/case_study/boundary_runaway/main/model/runbound.stl,2,2
09-26-2022_06-12-59,09-26-2022_06-14-55,PRIORITY - RUNAWAY,FALSE,priority,0,experiments/config/bound_run/randomized_config/config_60.ini,,-9,33,9.246231156,4.246231156,0.299098346,0.604683841,1840,-19,17,0.085427136,0.538009403,17,0.837107749,9.331658292,4.331658292,1.142693244,-28,NaN,NaN,NaN,-99999,99999,NaN,0,-99999,99999,NaN,0,0,0,0,0,41,66,15,8,14,9,8,13,-3,7,PRIORITY - RUNAWAY,200,src/main/java/edu/cmu/px4/mavsdk/case_study/boundary_runaway/main/model/bound_original.stl,src/main/java/edu/cmu/px4/mavsdk/case_study/boundary_runaway/main/model/run_original.stl,src/main/java/edu/cmu/px4/mavsdk/case_study/boundary_runaway/main/model/runbound.stl,2,2
09-26-2022_06-25-25,09-26-2022_06-27-20,PRIORITY - RUNAWAY,FALSE,priority,2,experiments/config/bound_run/randomized_config/config_62.ini,,-10,33,5.969849246,0.969849246,0.245179719,0.299297424,1188,-16,15,1,0.562899195,199,0.808078914,6.969849246,1.969849246,0.862196619,-26,NaN,NaN,NaN,-99999,99999,NaN,0,-99999,99999,NaN,0,0,0,0,0,52,60,28,5,12,9,6,11,13,-4,PRIORITY - RUNAWAY,200,src/main/java/edu/cmu/px4/mavsdk/case_study/boundary_runaway/main/model/bound_original.stl,src/main/java/edu/cmu/px4/mavsdk/case_study/boundary_runaway/main/model/run_original.stl,src/main/java/edu/cmu/px4/mavsdk/case_study/boundary_runaway/main/model/runbound.stl,2,2
09-26-2022_06-30-08,09-26-2022_06-32-05,PRIORITY - RUNAWAY,FALSE,priority,3,experiments/config/bound_run/randomized_config/config_63.ini,,-9,51,3.175879397,-1.824120603,0.19920003,0.038875878,632,-29,17,-2.16080402,0.47687898,-430,0.67607901,1.015075377,-3.984924623,0.515754858,-38,NaN,NaN,NaN,-99999,99999,NaN,0,-99999,99999,NaN,0,0,0,0,0,82,51,15,2,9,9,3,7,9,-12,PRIORITY - RUNAWAY,200,src/main/java/edu/cmu/px4/mavsdk/case_study/boundary_runaway/main/model/bound_original.stl,src/main/java/edu/cmu/px4/mavsdk/case_study/boundary_runaway/main/model/run_original.stl,src/main/java/edu/cmu/px4/mavsdk/case_study/boundary_runaway/main/model/runbound.stl,2,2
09-26-2022_06-58-06,09-26-2022_07-00-01,PRIORITY - RUNAWAY,FALSE,priority,7,experiments/config/bound_run/randomized_config/config_67.ini,,-10,34,5.105527638,0.105527638,0.230955786,0.218735363,1016,-63,17,-3.547738693,0.439134021,-706,0.670089807,1.557788945,-3.442211055,0.657869384,-73,NaN,NaN,NaN,-99999,99999,NaN,0,-99999,99999,NaN,0,0,0,0,0,72,58,29,2,10,9,4,9,11,19,PRIORITY - RUNAWAY,200,src/main/java/edu/cmu/px4/mavsdk/case_study/boundary_runaway/main/model/bound_original.stl,src/main/java/edu/cmu/px4/mavsdk/case_study/boundary_runaway/main/model/run_original.stl,src/main/java/edu/cmu/px4/mavsdk/case_study/boundary_runaway/main/model/runbound.stl,2,2
09-26-2022_07-10-34,09-26-2022_07-12-30,PRIORITY - RUNAWAY,FALSE,priority,9,experiments/config/bound_run/randomized_config/config_69.ini,,-9,57,5.125628141,0.125628141,0.231286576,0.220608899,1020,-15,18,2.371859296,0.600233883,472,0.831520458,7.497487437,2.497487437,0.820842782,-24,NaN,NaN,NaN,-99999,99999,NaN,0,-99999,99999,NaN,0,0,0,0,0,100,34,18,1,6,9,2,4,0,11,PRIORITY - RUNAWAY,200,src/main/java/edu/cmu/px4/mavsdk/case_study/boundary_runaway/main/model/bound_original.stl,src/main/java/edu/cmu/px4/mavsdk/case_study/boundary_runaway/main/model/run_original.stl,src/main/java/edu/cmu/px4/mavsdk/case_study/boundary_runaway/main/model/runbound.stl,2,2
09-26-2022_07-38-36,09-26-2022_07-40-32,PRIORITY - RUNAWAY,FALSE,priority,3,experiments/config/bound_run/randomized_config/config_73.ini,,-9,74,12.71356784,7.71356784,0.356159471,0.927868852,2530,-20,19,3.105527638,0.620200419,618,0.97635989,15.81909548,10.81909548,1.548069271,-29,NaN,NaN,NaN,-99999,99999,NaN,0,-99999,99999,NaN,0,0,0,0,0,50,33,20,1,11,9,2,3,-15,-2,PRIORITY - RUNAWAY,200,src/main/java/edu/cmu/px4/mavsdk/case_study/boundary_runaway/main/model/bound_original.stl,src/main/java/edu/cmu/px4/mavsdk/case_study/boundary_runaway/main/model/run_original.stl,src/main/java/edu/cmu/px4/mavsdk/case_study/boundary_runaway/main/model/runbound.stl,2,2
09-26-2022_07-46-25,09-26-2022_07-48-22,PRIORITY - RUNAWAY,FALSE,priority,4,experiments/config/bound_run/randomized_config/config_74.ini,,-9,50,6.155778894,1.155778894,0.248239518,0.316627634,1225,-35,17,-5.487437186,0.386345781,-1092,0.634585299,0.668341708,-4.331658292,0.702973415,-44,NaN,NaN,NaN,-99999,99999,NaN,0,-99999,99999,NaN,0,0,0,0,0,61,76,13,4,10,9,5,8,7,-20,PRIORITY - RUNAWAY,200,src/main/java/edu/cmu/px4/mavsdk/case_study/boundary_runaway/main/model/bound_original.stl,src/main/java/edu/cmu/px4/mavsdk/case_study/boundary_runaway/main/model/run_original.stl,src/main/java/edu/cmu/px4/mavsdk/case_study/boundary_runaway/main/model/runbound.stl,2,2
09-26-2022_07-51-08,09-26-2022_07-53-05,PRIORITY - RUNAWAY,FALSE,priority,5,experiments/config/bound_run/randomized_config/config_75.ini,,-9,41,8.391959799,3.391959799,0.285039809,0.525058548,1670,-14,17,1.286432161,0.570694349,256,0.855734158,9.67839196,4.67839196,1.095752897,-23,NaN,NaN,NaN,-99999,99999,NaN,0,-99999,99999,NaN,0,0,0,0,0,46,66,28,5,13,9,8,10,6,-18,PRIORITY - RUNAWAY,200,src/main/java/edu/cmu/px4/mavsdk/case_study/boundary_runaway/main/model/bound_original.stl,src/main/java/edu/cmu/px4/mavsdk/case_study/boundary_runaway/main/model/run_original.stl,src/main/java/edu/cmu/px4/mavsdk/case_study/boundary_runaway/main/model/runbound.stl,2,2
09-26-2022_07-55-57,09-26-2022_07-57-54,PRIORITY - BOUNDARY,FALSE,priority,6,experiments/config/bound_run/randomized_config/config_76.ini,,-10,50,3.884422111,-1.115577889,0.210860347,0.104918033,773,-14,19,3.065326633,0.619106362,610,0.829966709,6.949748744,1.949748744,0.724024395,-24,NaN,NaN,NaN,-99999,99999,NaN,0,-99999,99999,NaN,0,0,0,0,0,52,62,29,2,10,9,3,8,-5,-13,PRIORITY - BOUNDARY,200,src/main/java/edu/cmu/px4/mavsdk/case_study/boundary_runaway/main/model/bound_original.stl,src/main/java/edu/cmu/px4/mavsdk/case_study/boundary_runaway/main/model/run_original.stl,src/main/java/edu/cmu/px4/mavsdk/case_study/boundary_runaway/main/model/runbound.stl,2,2
09-26-2022_08-00-45,09-26-2022_08-02-43,PRIORITY - BOUNDARY,FALSE,priority,7,experiments/config/bound_run/randomized_config/config_77.ini,,-9,57,3.477386935,-1.522613065,0.204161867,0.066978923,692,-8,18,4.145728643,0.648509138,825,0.852671006,7.623115578,2.623115578,0.715488061,-17,NaN,NaN,NaN,-99999,99999,NaN,0,-99999,99999,NaN,0,0,0,0,0,68,51,29,2,7,9,4,6,20,-9,PRIORITY - BOUNDARY,200,src/main/java/edu/cmu/px4/mavsdk/case_study/boundary_runaway/main/model/bound_original.stl,src/main/java/edu/cmu/px4/mavsdk/case_study/boundary_runaway/main/model/run_original.stl,src/main/java/edu/cmu/px4/mavsdk/case_study/boundary_runaway/main/model/runbound.stl,2,2
09-26-2022_08-13-19,09-26-2022_08-15-16,PRIORITY - BOUNDARY,FALSE,priority,9,experiments/config/bound_run/randomized_config/config_79.ini,,-9,38,11.01507538,6.01507538,0.32820779,0.769555035,2192,-9,17,2.27638191,0.597635498,453,0.925843287,13.29145729,8.29145729,1.367190533,-18,NaN,NaN,NaN,-99999,99999,NaN,0,-99999,99999,NaN,0,0,0,0,0,32,76,24,9,14,9,9,11,0,-19,PRIORITY - BOUNDARY,200,src/main/java/edu/cmu/px4/mavsdk/case_study/boundary_runaway/main/model/bound_original.stl,src/main/java/edu/cmu/px4/mavsdk/case_study/boundary_runaway/main/model/run_original.stl,src/main/java/edu/cmu/px4/mavsdk/case_study/boundary_runaway/main/model/runbound.stl,2,2
09-26-2022_08-46-06,09-26-2022_08-48-02,PRIORITY - BOUNDARY,FALSE,priority,4,experiments/config/bound_run/randomized_config/config_84.ini,,-8,61,8.010050251,3.010050251,0.278754815,0.489461358,1594,-12,18,5.195979899,0.677091372,1034,0.955846187,13.20603015,8.20603015,1.16655273,-20,NaN,NaN,NaN,-99999,99999,NaN,0,-99999,99999,NaN,0,0,0,0,0,49,39,20,1,14,9,2,4,3,0,PRIORITY - BOUNDARY,200,src/main/java/edu/cmu/px4/mavsdk/case_study/boundary_runaway/main/model/bound_original.stl,src/main/java/edu/cmu/px4/mavsdk/case_study/boundary_runaway/main/model/run_original.stl,src/main/java/edu/cmu/px4/mavsdk/case_study/boundary_runaway/main/model/runbound.stl,2,2
09-26-2022_09-06-23,09-26-2022_09-08-19,PRIORITY - BOUNDARY,FALSE,priority,7,experiments/config/bound_run/randomized_config/config_87.ini,,-10,32,6.211055276,1.211055276,0.249149188,0.321779859,1236,-12,15,3.055276382,0.618832848,608,0.867982036,9.266331658,4.266331658,0.940612707,-22,NaN,NaN,NaN,-99999,99999,NaN,0,-99999,99999,NaN,0,0,0,0,0,33,60,24,7,12,9,6,11,13,-4,PRIORITY - BOUNDARY,200,src/main/java/edu/cmu/px4/mavsdk/case_study/boundary_runaway/main/model/bound_original.stl,src/main/java/edu/cmu/px4/mavsdk/case_study/boundary_runaway/main/model/run_original.stl,src/main/java/edu/cmu/px4/mavsdk/case_study/boundary_runaway/main/model/runbound.stl,2,2
09-26-2022_09-11-06,09-26-2022_09-13-04,PRIORITY - BOUNDARY,FALSE,priority,8,experiments/config/bound_run/randomized_config/config_88.ini,,-10,52,2.984924623,-2.015075377,0.196057534,0.021077283,594,-10,18,5.24120603,0.678322186,1043,0.874379719,8.226130653,3.226130653,0.699399469,-20,NaN,NaN,NaN,-99999,99999,NaN,0,-99999,99999,NaN,0,0,0,0,0,72,41,30,2,9,9,3,7,9,-12,PRIORITY - BOUNDARY,200,src/main/java/edu/cmu/px4/mavsdk/case_study/boundary_runaway/main/model/bound_original.stl,src/main/java/edu/cmu/px4/mavsdk/case_study/boundary_runaway/main/model/run_original.stl,src/main/java/edu/cmu/px4/mavsdk/case_study/boundary_runaway/main/model/runbound.stl,2,2
09-26-2022_09-15-56,09-26-2022_09-17-53,PRIORITY - BOUNDARY,FALSE,priority,9,experiments/config/bound_run/randomized_config/config_89.ini,,-9,71,5.346733668,0.346733668,0.234925256,0.241217798,1064,-6,18,4.959798995,0.670663788,987,0.905589044,10.30653266,5.306532663,0.911881586,-15,NaN,NaN,NaN,-99999,99999,NaN,0,-99999,99999,NaN,0,0,0,0,0,63,42,23,3,8,9,3,4,10,-14,PRIORITY - BOUNDARY,200,src/main/java/edu/cmu/px4/mavsdk/case_study/boundary_runaway/main/model/bound_original.stl,src/main/java/edu/cmu/px4/mavsdk/case_study/boundary_runaway/main/model/run_original.stl,src/main/java/edu/cmu/px4/mavsdk/case_study/boundary_runaway/main/model/runbound.stl,2,2
09-26-2022_09-20-44,09-26-2022_09-22-41,PRIORITY - BOUNDARY,FALSE,priority,0,experiments/config/bound_run/randomized_config/config_90.ini,,-9,71,6.361809045,1.361809045,0.251630107,0.335831382,1266,-6,19,5.432160804,0.683518956,1081,0.935149062,11.79396985,6.793969849,1.019350338,-15,NaN,NaN,NaN,-99999,99999,NaN,0,-99999,99999,NaN,0,0,0,0,0,67,35,22,1,8,9,2,4,4,-15,PRIORITY - BOUNDARY,200,src/main/java/edu/cmu/px4/mavsdk/case_study/boundary_runaway/main/model/bound_original.stl,src/main/java/edu/cmu/px4/mavsdk/case_study/boundary_runaway/main/model/run_original.stl,src/main/java/edu/cmu/px4/mavsdk/case_study/boundary_runaway/main/model/runbound.stl,2,2
09-26-2022_09-25-33,09-26-2022_09-27-30,PRIORITY - BOUNDARY,FALSE,priority,1,experiments/config/bound_run/randomized_config/config_91.ini,,-7,81,13.15577889,8.15577889,0.363436831,0.96908665,2618,-3,15,4.623115578,0.661501063,920,1.024937894,17.77889447,12.77889447,1.630587713,-10,NaN,NaN,NaN,-99999,99999,NaN,0,-99999,99999,NaN,0,0,0,0,0,68,19,14,2,4,9,1,2,5,-10,PRIORITY - BOUNDARY,200,src/main/java/edu/cmu/px4/mavsdk/case_study/boundary_runaway/main/model/bound_original.stl,src/main/java/edu/cmu/px4/mavsdk/case_study/boundary_runaway/main/model/run_original.stl,src/main/java/edu/cmu/px4/mavsdk/case_study/boundary_runaway/main/model/runbound.stl,2,2
09-26-2022_09-30-19,09-26-2022_09-32-16,PRIORITY - BOUNDARY,FALSE,priority,2,experiments/config/bound_run/randomized_config/config_92.ini,,-10,32,4.331658291,-0.668341709,0.218220405,0.146604215,862,-8,16,4.206030151,0.650150223,837,0.868370629,8.537688442,3.537688442,0.796754438,-18,NaN,NaN,NaN,-99999,99999,NaN,0,-99999,99999,NaN,0,0,0,0,0,51,50,31,3,10,9,4,9,11,19,PRIORITY - BOUNDARY,200,src/main/java/edu/cmu/px4/mavsdk/case_study/boundary_runaway/main/model/bound_original.stl,src/main/java/edu/cmu/px4/mavsdk/case_study/boundary_runaway/main/model/run_original.stl,src/main/java/edu/cmu/px4/mavsdk/case_study/boundary_runaway/main/model/runbound.stl,2,2
09-26-2022_09-35-06,09-26-2022_09-37-01,PRIORITY - BOUNDARY,FALSE,priority,3,experiments/config/bound_run/randomized_config/config_93.ini,,-10,41,7.703517588,2.703517588,0.273710281,0.46088993,1533,-14,18,2.492462312,0.603516053,496,0.877226334,10.1959799,5.1959799,1.064405983,-24,NaN,NaN,NaN,-99999,99999,NaN,0,-99999,99999,NaN,0,0,0,0,0,36,74,26,4,12,9,8,11,-5,-15,PRIORITY - BOUNDARY,200,src/main/java/edu/cmu/px4/mavsdk/case_study/boundary_runaway/main/model/bound_original.stl,src/main/java/edu/cmu/px4/mavsdk/case_study/boundary_runaway/main/model/run_original.stl,src/main/java/edu/cmu/px4/mavsdk/case_study/boundary_runaway/main/model/runbound.stl,2,2
09-26-2022_09-39-47,09-26-2022_09-41-44,PRIORITY - BOUNDARY,FALSE,priority,4,experiments/config/bound_run/randomized_config/config_94.ini,,-10,56,5.366834171,0.366834171,0.235256045,0.243091335,1068,-7,17,6.015075377,0.699382779,1197,0.934638824,11.38190955,6.381909548,0.942474114,-17,NaN,NaN,NaN,-99999,99999,NaN,0,-99999,99999,NaN,0,0,0,0,0,72,30,26,1,6,9,2,4,0,11,PRIORITY - BOUNDARY,200,src/main/java/edu/cmu/px4/mavsdk/case_study/boundary_runaway/main/model/bound_original.stl,src/main/java/edu/cmu/px4/mavsdk/case_study/boundary_runaway/main/model/run_original.stl,src/main/java/edu/cmu/px4/mavsdk/case_study/boundary_runaway/main/model/runbound.stl,2,2
09-27-2022_23-08-25,09-27-2022_23-10-21,PRIORITY - BOUNDARY,FALSE,priority,5,experiments/config/bound_run/randomized_config/config_95.ini,,-10,35,4.849246231,-0.150753769,0.226738225,0.194847775,965,-10,19,3.055276382,0.618832848,608,0.845571073,7.904522613,2.904522613,0.813680623,-20,NaN,NaN,NaN,-99999,99999,NaN,0,-99999,99999,NaN,0,0,0,0,0,37,69,13,6,12,9,7,10,18,-12,PRIORITY - BOUNDARY,200,src/main/java/edu/cmu/px4/mavsdk/case_study/boundary_runaway/main/model/bound_original.stl,src/main/java/edu/cmu/px4/mavsdk/case_study/boundary_runaway/main/model/run_original.stl,src/main/java/edu/cmu/px4/mavsdk/case_study/boundary_runaway/main/model/runbound.stl,2,2
09-27-2022_22-34-53,09-27-2022_22-36-49,PRIORITY - BOUNDARY,FALSE,priority,6,experiments/config/bound_run/randomized_config/config_96.ini,,-9,75,7.914572864,2.914572864,0.277183567,0.480562061,1575,-6,18,6.56281407,0.714289303,1306,0.99147287,14.47738693,9.477386934,1.194851364,-15,NaN,NaN,NaN,-99999,99999,NaN,0,-99999,99999,NaN,0,0,0,0,0,73,30,26,1,5,9,1,3,-5,-15,PRIORITY - BOUNDARY,200,src/main/java/edu/cmu/px4/mavsdk/case_study/boundary_runaway/main/model/bound_original.stl,src/main/java/edu/cmu/px4/mavsdk/case_study/boundary_runaway/main/model/run_original.stl,src/main/java/edu/cmu/px4/mavsdk/case_study/boundary_runaway/main/model/runbound.stl,2,2
09-26-2022_10-00-04,09-26-2022_10-02-01,PRIORITY - BOUNDARY,FALSE,priority,7,experiments/config/bound_run/randomized_config/config_97.ini,,-8,37,11.39698492,6.39698492,0.334492783,0.805152224,2268,-12,18,1.949748744,0.588746286,388,0.923239069,13.34673366,8.346733664,1.39389851,-20,NaN,NaN,NaN,-99999,99999,NaN,0,-99999,99999,NaN,0,0,0,0,0,24,82,22,9,14,9,10,11,-2,3,PRIORITY - BOUNDARY,200,src/main/java/edu/cmu/px4/mavsdk/case_study/boundary_runaway/main/model/bound_original.stl,src/main/java/edu/cmu/px4/mavsdk/case_study/boundary_runaway/main/model/run_original.stl,src/main/java/edu/cmu/px4/mavsdk/case_study/boundary_runaway/main/model/runbound.stl,2,2
09-26-2022_10-04-51,09-26-2022_10-06-48,PRIORITY - BOUNDARY,FALSE,priority,8,experiments/config/bound_run/randomized_config/config_98.ini,,-9,71,11.90954774,6.90954774,0.342927906,0.8529274,2370,-15,19,5.115577889,0.674903258,1018,1.017831164,17.02512563,12.02512563,1.527830658,-24,NaN,NaN,NaN,-99999,99999,NaN,0,-99999,99999,NaN,0,0,0,0,0,44,36,18,1,11,9,2,3,-15,-2,PRIORITY - BOUNDARY,200,src/main/java/edu/cmu/px4/mavsdk/case_study/boundary_runaway/main/model/bound_original.stl,src/main/java/edu/cmu/px4/mavsdk/case_study/boundary_runaway/main/model/run_original.stl,src/main/java/edu/cmu/px4/mavsdk/case_study/boundary_runaway/main/model/runbound.stl,2,2
09-26-2022_10-09-39,09-26-2022_10-11-35,PRIORITY - BOUNDARY,FALSE,priority,9,experiments/config/bound_run/randomized_config/config_99.ini,,-9,51,3.150753769,-1.849246231,0.198786544,0.036533958,627,-12,18,2.75879397,0.610764179,549,0.809550723,5.909547739,0.909547739,0.647298137,-21,NaN,NaN,NaN,-99999,99999,NaN,0,-99999,99999,NaN,0,0,0,0,0,59,68,31,1,10,9,5,8,7,-20,PRIORITY - BOUNDARY,200,src/main/java/edu/cmu/px4/mavsdk/case_study/boundary_runaway/main/model/bound_original.stl,src/main/java/edu/cmu/px4/mavsdk/case_study/boundary_runaway/main/model/run_original.stl,src/main/java/edu/cmu/px4/mavsdk/case_study/boundary_runaway/main/model/runbound.stl,2,2
09-26-2022_15-34-21,09-26-2022_15-36-16,PRIORITY - RUNAWAY,FALSE,priority,0,experiments/config/bound_run/randomized_config/config_100.ini,,-10,41,6.51758794,1.51758794,0.254193723,0.350351288,1297,-19,18,0.261306533,0.542795901,52,0.796989624,6.778894473,1.778894473,0.893147189,-29,NaN,NaN,NaN,-99999,99999,NaN,0,-99999,99999,NaN,0,0,0,0,0,47,74,35,4,13,9,8,10,6,-18,PRIORITY - RUNAWAY,200,src/main/java/edu/cmu/px4/mavsdk/case_study/boundary_runaway/main/model/bound_original.stl,src/main/java/edu/cmu/px4/mavsdk/case_study/boundary_runaway/main/model/run_original.stl,src/main/java/edu/cmu/px4/mavsdk/case_study/boundary_runaway/main/model/runbound.stl,2,2
,,,,,,,,,,,,,,,,,,,,,,,,,,,,,,,,,,,,,,,,,,,,,,,,,,,,,,,,
,,,,,,,,,,,,,,,,,,,,,,,,,,,,,,,,,,,,,,,,,,,,,,,,,,,,,,,,
,,,,,,,,,MAX,51.83673469,8.48743719,,,,,MAX,17.06122449,,MAX,,18.19095477,,,,,,,,,,,,,,,,,,,,,,,,,,,,,,,,,,,
,,,,,,,,,MIN,-8.928571429,-2.24120603,,,,,MIN,-19.68367347,,MIN,,-6.005025127,,,,,,,,,,,,,,,,,,,,,,,,,,,,,,,,,,,