start_time,finish_time,experiment_item,parameter_configuration_number,parameter_configuration_file_name,stl_requirement,runaway_min_robustness,runaway_max_robustness,runaway_average_robustness,runaway_cumulative_robustness,boundary_min_robustness,boundary_max_robustness,boundary_average_robustness,boundary_cumulative_robustness,average_robustness_sum,avg_resolution_time,avg_cycle_time,resolution_time_percentage,max_runaway_requirement_weakening_parameter,min_runaway_requirement_weakening_parameter,average_runaway_requirement_weakening_parameter,cumulative_runaway_requirement_weakening_parameter,max_boundary_requirement_weakening_parameter,min_boundary_requirement_weakening_parameter,average_boundary_requirement_weakening_parameter,cumulative_boundary_requirement_weakening_parameter,total_resolution_count,resolution_success_count,resolution_failure_count,resolution_success_percentage,runaway_activated_count,boundary_activated_count,follower_caught_ego_count,mission_waypoints_completed_count,EGO_AVOID_SPEED,EGO_BOUND_ENFORCER_SPEED,EGO_DRONE_MAX_SPEED,FOLLOWER_DRONE_MAX_SPEED,EGO_DRONE_START_LOCATION_NORTH,EGO_DRONE_START_LOCATION_EAST,RESOLVER,MAX_EGO_DRONE_CYCLE,STL_BOUNDARY_ORIGINAL_REQUIREMENT_FILE_PATH,STL_RUNAWAY_ORIGINAL_REQUIREMENT_FILE_PATH,MAIN_STL_FILE_FOR_RESOLVER,STL_BOUNDARY_REQUIREMENT_SIGNAL_LENGTH,STL_RUNAWAY_REQUIREMENT_SIGNAL_LENGTH
09-25-2022_16-39-03,09-25-2022_16-41-09,WEAKENING - PRIORITY - RUNAWAY,1,experiments/config/bound_run/randomized_config/config_1.ini,,-8,48,3.974874372,791,-28,19,-1.814070352,-361,2.16080402,0.266972973,0.838864865,31.82550422,5.976090701,0,2.378349621,68.97213901,16.16298826,0,6.295339224,182.5648375,37,29,8,78.37837838,58,57,22,2,10,9,3,8,-5,-13,WEAKENING - PRIORITY - RUNAWAY,200,src/main/java/edu/cmu/px4/mavsdk/case_study/boundary_runaway/main/model/bound_original.stl,src/main/java/edu/cmu/px4/mavsdk/case_study/boundary_runaway/main/model/run_original.stl,src/main/java/edu/cmu/px4/mavsdk/case_study/boundary_runaway/main/model/runbound.stl,2,2
09-25-2022_16-43-50,09-25-2022_16-45-53,WEAKENING - PRIORITY - RUNAWAY,2,experiments/config/bound_run/randomized_config/config_2.ini,,-9,56,3.381909548,673,-20,17,2.24120603,446,5.623115578,0.3132,0.88204,35.50859371,6.994623962,0.431560556,3.292266538,75.72213036,15.37068308,0,3.588346282,82.5319645,25,23,2,92,63,41,24,4,7,9,4,6,20,-9,WEAKENING - PRIORITY - RUNAWAY,200,src/main/java/edu/cmu/px4/mavsdk/case_study/boundary_runaway/main/model/bound_original.stl,src/main/java/edu/cmu/px4/mavsdk/case_study/boundary_runaway/main/model/run_original.stl,src/main/java/edu/cmu/px4/mavsdk/case_study/boundary_runaway/main/model/runbound.stl,2,2
09-25-2022_17-32-09,09-25-2022_17-34-15,WEAKENING - PRIORITY - RUNAWAY,3,experiments/config/bound_run/randomized_config/config_3.ini,,-9,39,4.668341709,929,-24,16,0.804020101,160,5.472361809,0.339846154,0.913615385,37.19794561,5.473842174,0,2.907073167,66.86268283,15.83167609,0,6.376882855,146.6683057,26,23,3,88.46153846,49,51,22,4,8,9,6,7,-7,17,WEAKENING - PRIORITY - RUNAWAY,200,src/main/java/edu/cmu/px4/mavsdk/case_study/boundary_runaway/main/model/bound_original.stl,src/main/java/edu/cmu/px4/mavsdk/case_study/boundary_runaway/main/model/run_original.stl,src/main/java/edu/cmu/px4/mavsdk/case_study/boundary_runaway/main/model/runbound.stl,2,2
09-25-2022_23-31-02,09-25-2022_23-33-02,WEAKENING - PRIORITY - RUNAWAY,4,experiments/config/bound_run/randomized_config/config_4.ini,,-10,36,7.015075377,1396,-8,15,1.507537688,300,8.522613065,0.237789474,0.806315789,29.49086162,4.703328901,0,1.803871407,28.8619425,6.315332085,0,0.769744122,12.31590595,19,16,3,84.21052632,29,66,22,9,14,9,9,11,0,-19,WEAKENING - PRIORITY - RUNAWAY,200,src/main/java/edu/cmu/px4/mavsdk/case_study/boundary_runaway/main/model/bound_original.stl,src/main/java/edu/cmu/px4/mavsdk/case_study/boundary_runaway/main/model/run_original.stl,src/main/java/edu/cmu/px4/mavsdk/case_study/boundary_runaway/main/model/runbound.stl,2,2
09-27-2022_11-26-49,09-27-2022_11-28-49,WEAKENING - PRIORITY - RUNAWAY,5,experiments/config/bound_run/randomized_config/config_5.ini,,-8,47,11.6080402,2310,-19,17,-0.281407035,-56,11.32663317,0.227470588,0.799529412,28.45055915,4.862700258,0,1.64272089,21.35537157,6.906282188,0,1.01461248,13.18996224,17,13,4,76.47058824,17,80,30,9,14,9,11,12,-15,14,WEAKENING - PRIORITY - RUNAWAY,200,src/main/java/edu/cmu/px4/mavsdk/case_study/boundary_runaway/main/model/bound_original.stl,src/main/java/edu/cmu/px4/mavsdk/case_study/boundary_runaway/main/model/run_original.stl,src/main/java/edu/cmu/px4/mavsdk/case_study/boundary_runaway/main/model/runbound.stl,2,2
09-27-2022_12-03-40,09-27-2022_12-05-40,WEAKENING - PRIORITY - RUNAWAY,6,experiments/config/bound_run/randomized_config/config_6.ini,,-8,53,7.08040201,1409,-19,19,3.728643216,742,10.80904523,0.256642857,0.824571429,31.12439362,5.113053436,0,1.288111976,16.74545569,7.742782421,0,1.165355575,15.14962247,14,13,1,92.85714286,48,31,17,1,13,9,3,5,-1,5,WEAKENING - PRIORITY - RUNAWAY,200,src/main/java/edu/cmu/px4/mavsdk/case_study/boundary_runaway/main/model/bound_original.stl,src/main/java/edu/cmu/px4/mavsdk/case_study/boundary_runaway/main/model/run_original.stl,src/main/java/edu/cmu/px4/mavsdk/case_study/boundary_runaway/main/model/runbound.stl,2,2
09-25-2022_23-51-18,09-25-2022_23-53-29,WEAKENING - PRIORITY - RUNAWAY,7,experiments/config/bound_run/randomized_config/config_7.ini,,-9,45,3.381909548,673,-33,12,-3.879396985,-772,-0.497487437,0.269188679,0.848320755,31.73194546,6.631055498,0,2.637877821,100.2393572,14.85458595,0,3.882991083,147.5536611,53,38,15,71.69811321,36,64,14,2,10,9,6,9,-7,-14,WEAKENING - PRIORITY - RUNAWAY,200,src/main/java/edu/cmu/px4/mavsdk/case_study/boundary_runaway/main/model/bound_original.stl,src/main/java/edu/cmu/px4/mavsdk/case_study/boundary_runaway/main/model/run_original.stl,src/main/java/edu/cmu/px4/mavsdk/case_study/boundary_runaway/main/model/runbound.stl,2,2
09-27-2022_12-11-57,09-27-2022_12-14-18,WEAKENING - PRIORITY - RUNAWAY,8,experiments/config/bound_run/randomized_config/config_8.ini,,-9,62,7.899497487,1572,-12,18,4.050251256,806,11.94974874,0.281,0.8489,33.10166097,4.650777216,0,1.555150158,13.99635143,6.41669449,0,1.415078838,12.73570954,10,9,1,90,46,41,13,5,12,9,5,6,11,-18,WEAKENING - PRIORITY - RUNAWAY,200,src/main/java/edu/cmu/px4/mavsdk/case_study/boundary_runaway/main/model/bound_original.stl,src/main/java/edu/cmu/px4/mavsdk/case_study/boundary_runaway/main/model/run_original.stl,src/main/java/edu/cmu/px4/mavsdk/case_study/boundary_runaway/main/model/runbound.stl,2,2
09-27-2022_12-17-28,09-27-2022_12-19-28,WEAKENING - PRIORITY - RUNAWAY,9,experiments/config/bound_run/randomized_config/config_9.ini,,-7,61,9.135678392,1818,-21,17,2.271356784,452,11.40703518,0.314153846,0.887538462,35.39608251,4.576083784,0,1.231922697,16.01499506,10.60230276,0,2.885135068,37.50675588,13,13,0,100,43,35,29,1,14,9,2,4,3,0,WEAKENING - PRIORITY - RUNAWAY,200,src/main/java/edu/cmu/px4/mavsdk/case_study/boundary_runaway/main/model/bound_original.stl,src/main/java/edu/cmu/px4/mavsdk/case_study/boundary_runaway/main/model/run_original.stl,src/main/java/edu/cmu/px4/mavsdk/case_study/boundary_runaway/main/model/runbound.stl,2,2
09-27-2022_12-22-19,09-27-2022_12-24-20,WEAKENING - PRIORITY - RUNAWAY,0,experiments/config/bound_run/randomized_config/config_10.ini,,-9,35,9.844221106,1959,-25,17,-0.412060302,-82,9.432160804,0.228913043,0.804173913,28.46561419,4.632522459,0,1.610143371,24.15215057,8.137560733,0,1.424882049,21.37323074,23,15,8,65.2173913,22,70,32,8,14,9,8,13,-3,7,WEAKENING - PRIORITY - RUNAWAY,200,src/main/java/edu/cmu/px4/mavsdk/case_study/boundary_runaway/main/model/bound_original.stl,src/main/java/edu/cmu/px4/mavsdk/case_study/boundary_runaway/main/model/run_original.stl,src/main/java/edu/cmu/px4/mavsdk/case_study/boundary_runaway/main/model/runbound.stl,2,2
09-27-2022_12-27-41,09-27-2022_12-29-42,WEAKENING - PRIORITY - RUNAWAY,1,experiments/config/bound_run/randomized_config/config_11.ini,,-7,45,9.708542714,1932,-52,15,-1.150753769,-229,8.557788945,0.207652174,0.798217391,26.01448881,4.486147657,0,1.142028799,12.56231679,8.86255155,0,2.527823006,27.80605307,23,11,12,47.82608696,34,77,29,9,14,9,11,12,-16,-15,WEAKENING - PRIORITY - RUNAWAY,200,src/main/java/edu/cmu/px4/mavsdk/case_study/boundary_runaway/main/model/bound_original.stl,src/main/java/edu/cmu/px4/mavsdk/case_study/boundary_runaway/main/model/run_original.stl,src/main/java/edu/cmu/px4/mavsdk/case_study/boundary_runaway/main/model/runbound.stl,2,2
09-27-2022_12-44-08,09-27-2022_12-47-40,WEAKENING - PRIORITY - RUNAWAY,2,experiments/config/bound_run/randomized_config/config_12.ini,,-10,34,8.301507538,1652,-33,19,1.035175879,206,9.336683417,0.218666667,0.802166667,27.25950551,4.860081802,0,2.30288025,20.72592225,9.547306212,0,1.28166709,11.53500381,18,9,9,50,31,53,17,8,12,9,6,11,13,-4,WEAKENING - PRIORITY - RUNAWAY,200,src/main/java/edu/cmu/px4/mavsdk/case_study/boundary_runaway/main/model/bound_original.stl,src/main/java/edu/cmu/px4/mavsdk/case_study/boundary_runaway/main/model/run_original.stl,src/main/java/edu/cmu/px4/mavsdk/case_study/boundary_runaway/main/model/runbound.stl,2,2
09-27-2022_12-54-42,09-27-2022_12-56-46,WEAKENING - PRIORITY - RUNAWAY,3,experiments/config/bound_run/randomized_config/config_13.ini,,-9,52,3.572864322,711,-21,19,1.748743719,348,5.32160804,0.286321429,0.857214286,33.40138322,7.018988672,0,2.905253992,72.6313498,15.31346059,0,4.361766698,109.0441675,28,25,3,89.28571429,54,47,36,2,9,9,3,7,9,-12,WEAKENING - PRIORITY - RUNAWAY,200,src/main/java/edu/cmu/px4/mavsdk/case_study/boundary_runaway/main/model/bound_original.stl,src/main/java/edu/cmu/px4/mavsdk/case_study/boundary_runaway/main/model/run_original.stl,src/main/java/edu/cmu/px4/mavsdk/case_study/boundary_runaway/main/model/runbound.stl,2,2
09-27-2022_12-59-09,09-27-2022_13-01-11,WEAKENING - PRIORITY - RUNAWAY,4,experiments/config/bound_run/randomized_config/config_14.ini,,-8,72,5.457286432,1086,-19,16,3.879396985,772,9.336683417,0.30552381,0.873047619,34.99509109,3.829890494,0,1.869040939,39.24985972,9.016886026,0,1.949664213,40.94294846,21,21,0,100,60,28,29,1,8,9,3,4,10,-14,WEAKENING - PRIORITY - RUNAWAY,200,src/main/java/edu/cmu/px4/mavsdk/case_study/boundary_runaway/main/model/bound_original.stl,src/main/java/edu/cmu/px4/mavsdk/case_study/boundary_runaway/main/model/run_original.stl,src/main/java/edu/cmu/px4/mavsdk/case_study/boundary_runaway/main/model/runbound.stl,2,2
09-27-2022_13-05-16,09-27-2022_13-07-17,WEAKENING - PRIORITY - RUNAWAY,5,experiments/config/bound_run/randomized_config/config_15.ini,,-9,71,6.703517588,1334,-22,19,5.40201005,1075,12.10552764,0.3291875,0.89475,36.79100307,5.270097815,0,2.410842131,38.5734741,12.33050284,0,2.708222801,43.33156482,16,16,0,100,59,27,27,1,8,9,2,4,4,-15,WEAKENING - PRIORITY - RUNAWAY,200,src/main/java/edu/cmu/px4/mavsdk/case_study/boundary_runaway/main/model/bound_original.stl,src/main/java/edu/cmu/px4/mavsdk/case_study/boundary_runaway/main/model/run_original.stl,src/main/java/edu/cmu/px4/mavsdk/case_study/boundary_runaway/main/model/runbound.stl,2,2
09-27-2022_13-10-40,09-27-2022_13-12-40,WEAKENING - PRIORITY - RUNAWAY,6,experiments/config/bound_run/randomized_config/config_16.ini,,-5,77,13.48743719,2684,-5,12,2.683417085,534,16.17085427,0.293909091,0.862454545,34.07821229,3.698575666,0.434314348,1.624085751,17.86494326,2.67699179,0,0.994618681,10.94080549,11,11,0,100,70,10,13,1,4,9,1,2,5,-10,WEAKENING - PRIORITY - RUNAWAY,200,src/main/java/edu/cmu/px4/mavsdk/case_study/boundary_runaway/main/model/bound_original.stl,src/main/java/edu/cmu/px4/mavsdk/case_study/boundary_runaway/main/model/run_original.stl,src/main/java/edu/cmu/px4/mavsdk/case_study/boundary_runaway/main/model/runbound.stl,2,2
09-27-2022_13-22-44,09-27-2022_13-24-50,WEAKENING - PRIORITY - RUNAWAY,7,experiments/config/bound_run/randomized_config/config_17.ini,,-9,32,3.286432161,654,-28,15,-3.110552764,-619,0.175879397,0.275351351,0.847243243,32.499681,5.879761861,0,2.737811872,79.39654429,15.89921127,0,5.706192404,165.4795797,37,29,8,78.37837838,48,67,31,2,10,9,4,9,11,19,WEAKENING - PRIORITY - RUNAWAY,200,src/main/java/edu/cmu/px4/mavsdk/case_study/boundary_runaway/main/model/bound_original.stl,src/main/java/edu/cmu/px4/mavsdk/case_study/boundary_runaway/main/model/run_original.stl,src/main/java/edu/cmu/px4/mavsdk/case_study/boundary_runaway/main/model/runbound.stl,2,2
09-26-2022_01-13-51,09-26-2022_01-15-50,WEAKENING - PRIORITY - RUNAWAY,8,experiments/config/bound_run/randomized_config/config_18.ini,,-10,37,6.618090452,1317,-38,15,0.165829146,33,6.783919598,0.233076923,0.815153846,28.59299802,5.979919779,0,2.80029702,19.60207914,11.34657996,0,1.730685908,12.11480135,13,7,6,53.84615385,35,70,25,7,12,9,8,11,-5,-15,WEAKENING - PRIORITY - RUNAWAY,200,src/main/java/edu/cmu/px4/mavsdk/case_study/boundary_runaway/main/model/bound_original.stl,src/main/java/edu/cmu/px4/mavsdk/case_study/boundary_runaway/main/model/run_original.stl,src/main/java/edu/cmu/px4/mavsdk/case_study/boundary_runaway/main/model/runbound.stl,2,2
09-27-2022_13-28-20,09-27-2022_13-30-24,WEAKENING - PRIORITY - RUNAWAY,9,experiments/config/bound_run/randomized_config/config_19.ini,,-8,54,5.010050251,997,-12,19,5.623115578,1119,10.63316583,0.3557,0.9324,38.14886315,7.418946812,0.947358496,2.788105881,52.97401175,9.564562065,0,3.423506718,65.04662765,20,19,1,95,81,16,24,1,6,9,2,4,0,11,WEAKENING - PRIORITY - RUNAWAY,200,src/main/java/edu/cmu/px4/mavsdk/case_study/boundary_runaway/main/model/bound_original.stl,src/main/java/edu/cmu/px4/mavsdk/case_study/boundary_runaway/main/model/run_original.stl,src/main/java/edu/cmu/px4/mavsdk/case_study/boundary_runaway/main/model/runbound.stl,2,2
09-27-2022_13-32-54,09-27-2022_13-34-52,WEAKENING - PRIORITY - RUNAWAY,0,experiments/config/bound_run/randomized_config/config_20.ini,,-10,38,7.201005025,1433,-11,15,3.231155779,643,10.4321608,0.212,0.7951,26.66331279,3.948677713,0,1.355355218,6.776776092,2.769333764,0,0.94802858,4.7401429,10,5,5,50,40,56,32,8,12,9,7,10,18,-12,WEAKENING - PRIORITY - RUNAWAY,200,src/main/java/edu/cmu/px4/mavsdk/case_study/boundary_runaway/main/model/bound_original.stl,src/main/java/edu/cmu/px4/mavsdk/case_study/boundary_runaway/main/model/run_original.stl,src/main/java/edu/cmu/px4/mavsdk/case_study/boundary_runaway/main/model/runbound.stl,2,2
09-27-2022_13-37-40,09-27-2022_13-39-36,WEAKENING - PRIORITY - RUNAWAY,1,experiments/config/bound_run/randomized_config/config_21.ini,,-9,76,4.48241206,892,-4,18,12.28643216,2445,16.76884422,0.268666667,0.834666667,32.1884984,6.52088439,1.014748099,3.098351748,9.295055245,2.336874362,0,0.778958121,2.336874362,3,3,0,100,131,8,45,0,5,9,1,3,-5,-15,WEAKENING - PRIORITY - RUNAWAY,200,src/main/java/edu/cmu/px4/mavsdk/case_study/boundary_runaway/main/model/bound_original.stl,src/main/java/edu/cmu/px4/mavsdk/case_study/boundary_runaway/main/model/run_original.stl,src/main/java/edu/cmu/px4/mavsdk/case_study/boundary_runaway/main/model/runbound.stl,2,2
09-27-2022_13-42-39,09-27-2022_13-44-40,WEAKENING - PRIORITY - RUNAWAY,2,experiments/config/bound_run/randomized_config/config_22.ini,,-9,36,10.56281407,2102,-37,17,-1.874371859,-373,8.688442211,0.238952381,0.817714286,29.22198928,5.912805115,0,1.83491383,27.52370746,11.97048187,0,2.744970067,41.174551,21,15,6,71.42857143,22,81,33,6,14,9,10,11,-2,3,WEAKENING - PRIORITY - RUNAWAY,200,src/main/java/edu/cmu/px4/mavsdk/case_study/boundary_runaway/main/model/bound_original.stl,src/main/java/edu/cmu/px4/mavsdk/case_study/boundary_runaway/main/model/run_original.stl,src/main/java/edu/cmu/px4/mavsdk/case_study/boundary_runaway/main/model/runbound.stl,2,2
09-26-2022_01-57-25,09-26-2022_01-59-31,WEAKENING - PRIORITY - RUNAWAY,4,experiments/config/bound_run/randomized_config/config_24.ini,,-9,50,3.130653266,623,-22,16,-1.48241206,-295,1.648241206,0.2507,0.82495,30.38972059,6.054908373,0,2.389048724,59.72621809,14.60095225,0,3.633314968,90.83287421,40,25,15,62.5,55,60,16,2,10,9,5,8,7,-20,WEAKENING - PRIORITY - RUNAWAY,200,src/main/java/edu/cmu/px4/mavsdk/case_study/boundary_runaway/main/model/bound_original.stl,src/main/java/edu/cmu/px4/mavsdk/case_study/boundary_runaway/main/model/run_original.stl,src/main/java/edu/cmu/px4/mavsdk/case_study/boundary_runaway/main/model/runbound.stl,2,2
09-26-2022_02-56-34,09-26-2022_02-58-38,WEAKENING - PRIORITY - BOUNDARY,2,experiments/config/bound_run/randomized_config/config_32.ini,,-9,58,5.331658291,1061,-17,16,0.708542714,141,6.040201005,0.267586207,0.842827586,31.74862941,6.088943429,0,2.787063534,64.10246128,11.74607611,0,2.18495911,50.25405954,29,23,6,79.31034483,29,60,24,4,10,9,6,9,-7,-14,WEAKENING - PRIORITY - BOUNDARY,200,src/main/java/edu/cmu/px4/mavsdk/case_study/boundary_runaway/main/model/bound_original.stl,src/main/java/edu/cmu/px4/mavsdk/case_study/boundary_runaway/main/model/run_original.stl,src/main/java/edu/cmu/px4/mavsdk/case_study/boundary_runaway/main/model/runbound.stl,2,2
09-26-2022_04-11-15,09-26-2022_04-13-22,WEAKENING - PRIORITY - BOUNDARY,2,experiments/config/bound_run/randomized_config/config_42.ini,,-9,32,2.75879397,549,-26,17,-0.663316583,-132,2.095477387,0.282,0.856051282,32.94195172,5.57076335,0,3.056324251,88.63340329,15.6104996,0,4.037718605,117.0938396,39,29,10,74.35897436,42,60,24,4,10,9,4,9,11,19,WEAKENING - PRIORITY - BOUNDARY,200,src/main/java/edu/cmu/px4/mavsdk/case_study/boundary_runaway/main/model/bound_original.stl,src/main/java/edu/cmu/px4/mavsdk/case_study/boundary_runaway/main/model/run_original.stl,src/main/java/edu/cmu/px4/mavsdk/case_study/boundary_runaway/main/model/runbound.stl,2,2
09-26-2022_04-23-51,09-26-2022_04-25-56,WEAKENING - PRIORITY - BOUNDARY,4,experiments/config/bound_run/randomized_config/config_44.ini,,-8,56,5.814070352,1157,-19,17,3.793969849,755,9.608040201,0.351714286,0.928428571,37.88275119,7.303255641,0,3.19416594,63.88331879,15.068856,0,3.686145597,73.72291193,21,20,1,95.23809524,64,31,21,2,6,9,2,4,0,11,WEAKENING - PRIORITY - BOUNDARY,200,src/main/java/edu/cmu/px4/mavsdk/case_study/boundary_runaway/main/model/bound_original.stl,src/main/java/edu/cmu/px4/mavsdk/case_study/boundary_runaway/main/model/run_original.stl,src/main/java/edu/cmu/px4/mavsdk/case_study/boundary_runaway/main/model/runbound.stl,2,2
09-26-2022_04-51-59,09-26-2022_04-53-58,WEAKENING - PRIORITY - BOUNDARY,8,experiments/config/bound_run/randomized_config/config_48.ini,,-8,70,12.85929648,2559,-11,19,5.331658291,1061,18.19095477,0.365428571,0.941428571,38.81638847,3.211565414,0,0.978828986,6.8518029,4.788411696,0,1.288696242,9.020873696,7,7,0,100,43,26,20,1,11,9,2,3,-15,-2,WEAKENING - PRIORITY - BOUNDARY,200,src/main/java/edu/cmu/px4/mavsdk/case_study/boundary_runaway/main/model/bound_original.stl,src/main/java/edu/cmu/px4/mavsdk/case_study/boundary_runaway/main/model/run_original.stl,src/main/java/edu/cmu/px4/mavsdk/case_study/boundary_runaway/main/model/runbound.stl,2,2
09-26-2022_05-04-31,09-26-2022_05-06-31,WEAKENING - PRIORITY - BOUNDARY,0,experiments/config/bound_run/randomized_config/config_50.ini,,-9,41,7.226130653,1438,-15,17,1.743718593,347,8.969849246,0.290272727,0.86,33.75264271,4.257830427,0,1.774734678,17.74734678,5.570656333,0,0.910090939,9.100909391,11,10,1,90.90909091,39,69,29,4,13,9,8,10,6,-18,WEAKENING - PRIORITY - BOUNDARY,200,src/main/java/edu/cmu/px4/mavsdk/case_study/boundary_runaway/main/model/bound_original.stl,src/main/java/edu/cmu/px4/mavsdk/case_study/boundary_runaway/main/model/run_original.stl,src/main/java/edu/cmu/px4/mavsdk/case_study/boundary_runaway/main/model/runbound.stl,2,2
09-26-2022_05-09-17,09-26-2022_05-11-13,PRIORITY - RUNAWAY,1,experiments/config/bound_run/randomized_config/config_51.ini,,-10,63,5.557788945,1106,-36,15,-2.417085427,-481,3.140703518,NaN,NaN,NaN,-99999,99999,NaN,0,-99999,99999,NaN,0,0,0,0,0,75,61,26,2,10,9,3,8,-5,-13,PRIORITY - RUNAWAY,200,src/main/java/edu/cmu/px4/mavsdk/case_study/boundary_runaway/main/model/bound_original.stl,src/main/java/edu/cmu/px4/mavsdk/case_study/boundary_runaway/main/model/run_original.stl,src/main/java/edu/cmu/px4/mavsdk/case_study/boundary_runaway/main/model/runbound.stl,2,2
09-26-2022_06-08-20,09-26-2022_06-10-16,PRIORITY - RUNAWAY,9,experiments/config/bound_run/randomized_config/config_59.ini,,-7,61,8.909547739,1773,-23,17,1.728643216,344,10.63819095,NaN,NaN,NaN,-99999,99999,NaN,0,-99999,99999,NaN,0,0,0,0,0,58,43,13,1,14,9,2,4,3,0,PRIORITY - RUNAWAY,200,src/main/java/edu/cmu/px4/mavsdk/case_study/boundary_runaway/main/model/bound_original.stl,src/main/java/edu/cmu/px4/mavsdk/case_study/boundary_runaway/main/model/run_original.stl,src/main/java/edu/cmu/px4/mavsdk/case_study/boundary_runaway/main/model/runbound.stl,2,2
09-26-2022_06-12-59,09-26-2022_06-14-55,PRIORITY - RUNAWAY,0,experiments/config/bound_run/randomized_config/config_60.ini,,-9,33,9.246231156,1840,-19,17,0.085427136,17,9.331658291,NaN,NaN,NaN,-99999,99999,NaN,0,-99999,99999,NaN,0,0,0,0,0,41,66,15,8,14,9,8,13,-3,7,PRIORITY - RUNAWAY,200,src/main/java/edu/cmu/px4/mavsdk/case_study/boundary_runaway/main/model/bound_original.stl,src/main/java/edu/cmu/px4/mavsdk/case_study/boundary_runaway/main/model/run_original.stl,src/main/java/edu/cmu/px4/mavsdk/case_study/boundary_runaway/main/model/runbound.stl,2,2
09-26-2022_06-25-25,09-26-2022_06-27-20,PRIORITY - RUNAWAY,2,experiments/config/bound_run/randomized_config/config_62.ini,,-10,33,5.969849246,1188,-16,15,1,199,6.969849246,NaN,NaN,NaN,-99999,99999,NaN,0,-99999,99999,NaN,0,0,0,0,0,52,60,28,5,12,9,6,11,13,-4,PRIORITY - RUNAWAY,200,src/main/java/edu/cmu/px4/mavsdk/case_study/boundary_runaway/main/model/bound_original.stl,src/main/java/edu/cmu/px4/mavsdk/case_study/boundary_runaway/main/model/run_original.stl,src/main/java/edu/cmu/px4/mavsdk/case_study/boundary_runaway/main/model/runbound.stl,2,2
09-26-2022_06-30-08,09-26-2022_06-32-05,PRIORITY - RUNAWAY,3,experiments/config/bound_run/randomized_config/config_63.ini,,-9,51,3.175879397,632,-29,17,-2.16080402,-430,1.015075377,NaN,NaN,NaN,-99999,99999,NaN,0,-99999,99999,NaN,0,0,0,0,0,82,51,15,2,9,9,3,7,9,-12,PRIORITY - RUNAWAY,200,src/main/java/edu/cmu/px4/mavsdk/case_study/boundary_runaway/main/model/bound_original.stl,src/main/java/edu/cmu/px4/mavsdk/case_study/boundary_runaway/main/model/run_original.stl,src/main/java/edu/cmu/px4/mavsdk/case_study/boundary_runaway/main/model/runbound.stl,2,2
09-26-2022_06-58-06,09-26-2022_07-00-01,PRIORITY - RUNAWAY,7,experiments/config/bound_run/randomized_config/config_67.ini,,-10,34,5.105527638,1016,-63,17,-3.547738693,-706,1.557788945,NaN,NaN,NaN,-99999,99999,NaN,0,-99999,99999,NaN,0,0,0,0,0,72,58,29,2,10,9,4,9,11,19,PRIORITY - RUNAWAY,200,src/main/java/edu/cmu/px4/mavsdk/case_study/boundary_runaway/main/model/bound_original.stl,src/main/java/edu/cmu/px4/mavsdk/case_study/boundary_runaway/main/model/run_original.stl,src/main/java/edu/cmu/px4/mavsdk/case_study/boundary_runaway/main/model/runbound.stl,2,2
09-26-2022_07-10-34,09-26-2022_07-12-30,PRIORITY - RUNAWAY,9,experiments/config/bound_run/randomized_config/config_69.ini,,-9,57,5.125628141,1020,-15,18,2.371859296,472,7.497487437,NaN,NaN,NaN,-99999,99999,NaN,0,-99999,99999,NaN,0,0,0,0,0,100,34,18,1,6,9,2,4,0,11,PRIORITY - RUNAWAY,200,src/main/java/edu/cmu/px4/mavsdk/case_study/boundary_runaway/main/model/bound_original.stl,src/main/java/edu/cmu/px4/mavsdk/case_study/boundary_runaway/main/model/run_original.stl,src/main/java/edu/cmu/px4/mavsdk/case_study/boundary_runaway/main/model/runbound.stl,2,2
09-26-2022_07-38-36,09-26-2022_07-40-32,PRIORITY - RUNAWAY,3,experiments/config/bound_run/randomized_config/config_73.ini,,-9,74,12.71356784,2530,-20,19,3.105527638,618,15.81909548,NaN,NaN,NaN,-99999,99999,NaN,0,-99999,99999,NaN,0,0,0,0,0,50,33,20,1,11,9,2,3,-15,-2,PRIORITY - RUNAWAY,200,src/main/java/edu/cmu/px4/mavsdk/case_study/boundary_runaway/main/model/bound_original.stl,src/main/java/edu/cmu/px4/mavsdk/case_study/boundary_runaway/main/model/run_original.stl,src/main/java/edu/cmu/px4/mavsdk/case_study/boundary_runaway/main/model/runbound.stl,2,2
09-26-2022_07-46-25,09-26-2022_07-48-22,PRIORITY - RUNAWAY,4,experiments/config/bound_run/randomized_config/config_74.ini,,-9,50,6.155778894,1225,-35,17,-5.487437186,-1092,0.668341709,NaN,NaN,NaN,-99999,99999,NaN,0,-99999,99999,NaN,0,0,0,0,0,61,76,13,4,10,9,5,8,7,-20,PRIORITY - RUNAWAY,200,src/main/java/edu/cmu/px4/mavsdk/case_study/boundary_runaway/main/model/bound_original.stl,src/main/java/edu/cmu/px4/mavsdk/case_study/boundary_runaway/main/model/run_original.stl,src/main/java/edu/cmu/px4/mavsdk/case_study/boundary_runaway/main/model/runbound.stl,2,2
09-26-2022_07-51-08,09-26-2022_07-53-05,PRIORITY - RUNAWAY,5,experiments/config/bound_run/randomized_config/config_75.ini,,-9,41,8.391959799,1670,-14,17,1.286432161,256,9.67839196,NaN,NaN,NaN,-99999,99999,NaN,0,-99999,99999,NaN,0,0,0,0,0,46,66,28,5,13,9,8,10,6,-18,PRIORITY - RUNAWAY,200,src/main/java/edu/cmu/px4/mavsdk/case_study/boundary_runaway/main/model/bound_original.stl,src/main/java/edu/cmu/px4/mavsdk/case_study/boundary_runaway/main/model/run_original.stl,src/main/java/edu/cmu/px4/mavsdk/case_study/boundary_runaway/main/model/runbound.stl,2,2
09-26-2022_07-55-57,09-26-2022_07-57-54,PRIORITY - BOUNDARY,6,experiments/config/bound_run/randomized_config/config_76.ini,,-10,50,3.884422111,773,-14,19,3.065326633,610,6.949748744,NaN,NaN,NaN,-99999,99999,NaN,0,-99999,99999,NaN,0,0,0,0,0,52,62,29,2,10,9,3,8,-5,-13,PRIORITY - BOUNDARY,200,src/main/java/edu/cmu/px4/mavsdk/case_study/boundary_runaway/main/model/bound_original.stl,src/main/java/edu/cmu/px4/mavsdk/case_study/boundary_runaway/main/model/run_original.stl,src/main/java/edu/cmu/px4/mavsdk/case_study/boundary_runaway/main/model/runbound.stl,2,2
09-26-2022_08-00-45,09-26-2022_08-02-43,PRIORITY - BOUNDARY,7,experiments/config/bound_run/randomized_config/config_77.ini,,-9,57,3.477386935,692,-8,18,4.145728643,825,7.623115578,NaN,NaN,NaN,-99999,99999,NaN,0,-99999,99999,NaN,0,0,0,0,0,68,51,29,2,7,9,4,6,20,-9,PRIORITY - BOUNDARY,200,src/main/java/edu/cmu/px4/mavsdk/case_study/boundary_runaway/main/model/bound_original.stl,src/main/java/edu/cmu/px4/mavsdk/case_study/boundary_runaway/main/model/run_original.stl,src/main/java/edu/cmu/px4/mavsdk/case_study/boundary_runaway/main/model/runbound.stl,2,2
09-26-2022_08-13-19,09-26-2022_08-15-16,PRIORITY - BOUNDARY,9,experiments/config/bound_run/randomized_config/config_79.ini,,-9,38,11.01507538,2192,-9,17,2.27638191,453,13.29145729,NaN,NaN,NaN,-99999,99999,NaN,0,-99999,99999,NaN,0,0,0,0,0,32,76,24,9,14,9,9,11,0,-19,PRIORITY - BOUNDARY,200,src/main/java/edu/cmu/px4/mavsdk/case_study/boundary_runaway/main/model/bound_original.stl,src/main/java/edu/cmu/px4/mavsdk/case_study/boundary_runaway/main/model/run_original.stl,src/main/java/edu/cmu/px4/mavsdk/case_study/boundary_runaway/main/model/runbound.stl,2,2
09-26-2022_08-25-48,09-26-2022_08-27-45,PRIORITY - BOUNDARY,1,experiments/config/bound_run/randomized_config/config_81.ini,,-9,52,6.030150754,1200,-15,18,3.477386935,692,9.507537688,NaN,NaN,NaN,-99999,99999,NaN,0,-99999,99999,NaN,0,0,0,0,0,45,52,22,5,13,9,3,5,-1,5,PRIORITY - BOUNDARY,200,src/main/java/edu/cmu/px4/mavsdk/case_study/boundary_runaway/main/model/bound_original.stl,src/main/java/edu/cmu/px4/mavsdk/case_study/boundary_runaway/main/model/run_original.stl,src/main/java/edu/cmu/px4/mavsdk/case_study/boundary_runaway/main/model/runbound.stl,2,2
09-26-2022_08-46-06,09-26-2022_08-48-02,PRIORITY - BOUNDARY,4,experiments/config/bound_run/randomized_config/config_84.ini,,-8,61,8.010050251,1594,-12,18,5.195979899,1034,13.20603015,NaN,NaN,NaN,-99999,99999,NaN,0,-99999,99999,NaN,0,0,0,0,0,49,39,20,1,14,9,2,4,3,0,PRIORITY - BOUNDARY,200,src/main/java/edu/cmu/px4/mavsdk/case_study/boundary_runaway/main/model/bound_original.stl,src/main/java/edu/cmu/px4/mavsdk/case_study/boundary_runaway/main/model/run_original.stl,src/main/java/edu/cmu/px4/mavsdk/case_study/boundary_runaway/main/model/runbound.stl,2,2
09-26-2022_09-06-23,09-26-2022_09-08-19,PRIORITY - BOUNDARY,7,experiments/config/bound_run/randomized_config/config_87.ini,,-10,32,6.211055276,1236,-12,15,3.055276382,608,9.266331658,NaN,NaN,NaN,-99999,99999,NaN,0,-99999,99999,NaN,0,0,0,0,0,33,60,24,7,12,9,6,11,13,-4,PRIORITY - BOUNDARY,200,src/main/java/edu/cmu/px4/mavsdk/case_study/boundary_runaway/main/model/bound_original.stl,src/main/java/edu/cmu/px4/mavsdk/case_study/boundary_runaway/main/model/run_original.stl,src/main/java/edu/cmu/px4/mavsdk/case_study/boundary_runaway/main/model/runbound.stl,2,2
09-26-2022_09-11-06,09-26-2022_09-13-04,PRIORITY - BOUNDARY,8,experiments/config/bound_run/randomized_config/config_88.ini,,-10,52,2.984924623,594,-10,18,5.24120603,1043,8.226130653,NaN,NaN,NaN,-99999,99999,NaN,0,-99999,99999,NaN,0,0,0,0,0,72,41,30,2,9,9,3,7,9,-12,PRIORITY - BOUNDARY,200,src/main/java/edu/cmu/px4/mavsdk/case_study/boundary_runaway/main/model/bound_original.stl,src/main/java/edu/cmu/px4/mavsdk/case_study/boundary_runaway/main/model/run_original.stl,src/main/java/edu/cmu/px4/mavsdk/case_study/boundary_runaway/main/model/runbound.stl,2,2
09-26-2022_09-15-56,09-26-2022_09-17-53,PRIORITY - BOUNDARY,9,experiments/config/bound_run/randomized_config/config_89.ini,,-9,71,5.346733668,1064,-6,18,4.959798995,987,10.30653266,NaN,NaN,NaN,-99999,99999,NaN,0,-99999,99999,NaN,0,0,0,0,0,63,42,23,3,8,9,3,4,10,-14,PRIORITY - BOUNDARY,200,src/main/java/edu/cmu/px4/mavsdk/case_study/boundary_runaway/main/model/bound_original.stl,src/main/java/edu/cmu/px4/mavsdk/case_study/boundary_runaway/main/model/run_original.stl,src/main/java/edu/cmu/px4/mavsdk/case_study/boundary_runaway/main/model/runbound.stl,2,2
09-26-2022_09-20-44,09-26-2022_09-22-41,PRIORITY - BOUNDARY,0,experiments/config/bound_run/randomized_config/config_90.ini,,-9,71,6.361809045,1266,-6,19,5.432160804,1081,11.79396985,NaN,NaN,NaN,-99999,99999,NaN,0,-99999,99999,NaN,0,0,0,0,0,67,35,22,1,8,9,2,4,4,-15,PRIORITY - BOUNDARY,200,src/main/java/edu/cmu/px4/mavsdk/case_study/boundary_runaway/main/model/bound_original.stl,src/main/java/edu/cmu/px4/mavsdk/case_study/boundary_runaway/main/model/run_original.stl,src/main/java/edu/cmu/px4/mavsdk/case_study/boundary_runaway/main/model/runbound.stl,2,2
09-26-2022_09-25-33,09-26-2022_09-27-30,PRIORITY - BOUNDARY,1,experiments/config/bound_run/randomized_config/config_91.ini,,-7,81,13.15577889,2618,-3,15,4.623115578,920,17.77889447,NaN,NaN,NaN,-99999,99999,NaN,0,-99999,99999,NaN,0,0,0,0,0,68,19,14,2,4,9,1,2,5,-10,PRIORITY - BOUNDARY,200,src/main/java/edu/cmu/px4/mavsdk/case_study/boundary_runaway/main/model/bound_original.stl,src/main/java/edu/cmu/px4/mavsdk/case_study/boundary_runaway/main/model/run_original.stl,src/main/java/edu/cmu/px4/mavsdk/case_study/boundary_runaway/main/model/runbound.stl,2,2
09-26-2022_09-30-19,09-26-2022_09-32-16,PRIORITY - BOUNDARY,2,experiments/config/bound_run/randomized_config/config_92.ini,,-10,32,4.331658291,862,-8,16,4.206030151,837,8.537688442,NaN,NaN,NaN,-99999,99999,NaN,0,-99999,99999,NaN,0,0,0,0,0,51,50,31,3,10,9,4,9,11,19,PRIORITY - BOUNDARY,200,src/main/java/edu/cmu/px4/mavsdk/case_study/boundary_runaway/main/model/bound_original.stl,src/main/java/edu/cmu/px4/mavsdk/case_study/boundary_runaway/main/model/run_original.stl,src/main/java/edu/cmu/px4/mavsdk/case_study/boundary_runaway/main/model/runbound.stl,2,2
09-26-2022_09-35-06,09-26-2022_09-37-01,PRIORITY - BOUNDARY,3,experiments/config/bound_run/randomized_config/config_93.ini,,-10,41,7.703517588,1533,-14,18,2.492462312,496,10.1959799,NaN,NaN,NaN,-99999,99999,NaN,0,-99999,99999,NaN,0,0,0,0,0,36,74,26,4,12,9,8,11,-5,-15,PRIORITY - BOUNDARY,200,src/main/java/edu/cmu/px4/mavsdk/case_study/boundary_runaway/main/model/bound_original.stl,src/main/java/edu/cmu/px4/mavsdk/case_study/boundary_runaway/main/model/run_original.stl,src/main/java/edu/cmu/px4/mavsdk/case_study/boundary_runaway/main/model/runbound.stl,2,2
09-26-2022_09-39-47,09-26-2022_09-41-44,PRIORITY - BOUNDARY,4,experiments/config/bound_run/randomized_config/config_94.ini,,-10,56,5.366834171,1068,-7,17,6.015075377,1197,11.38190955,NaN,NaN,NaN,-99999,99999,NaN,0,-99999,99999,NaN,0,0,0,0,0,72,30,26,1,6,9,2,4,0,11,PRIORITY - BOUNDARY,200,src/main/java/edu/cmu/px4/mavsdk/case_study/boundary_runaway/main/model/bound_original.stl,src/main/java/edu/cmu/px4/mavsdk/case_study/boundary_runaway/main/model/run_original.stl,src/main/java/edu/cmu/px4/mavsdk/case_study/boundary_runaway/main/model/runbound.stl,2,2
09-26-2022_10-00-04,09-26-2022_10-02-01,PRIORITY - BOUNDARY,7,experiments/config/bound_run/randomized_config/config_97.ini,,-8,37,11.39698492,2268,-12,18,1.949748744,388,13.34673367,NaN,NaN,NaN,-99999,99999,NaN,0,-99999,99999,NaN,0,0,0,0,0,24,82,22,9,14,9,10,11,-2,3,PRIORITY - BOUNDARY,200,src/main/java/edu/cmu/px4/mavsdk/case_study/boundary_runaway/main/model/bound_original.stl,src/main/java/edu/cmu/px4/mavsdk/case_study/boundary_runaway/main/model/run_original.stl,src/main/java/edu/cmu/px4/mavsdk/case_study/boundary_runaway/main/model/runbound.stl,2,2
09-26-2022_10-04-51,09-26-2022_10-06-48,PRIORITY - BOUNDARY,8,experiments/config/bound_run/randomized_config/config_98.ini,,-9,71,11.90954774,2370,-15,19,5.115577889,1018,17.02512563,NaN,NaN,NaN,-99999,99999,NaN,0,-99999,99999,NaN,0,0,0,0,0,44,36,18,1,11,9,2,3,-15,-2,PRIORITY - BOUNDARY,200,src/main/java/edu/cmu/px4/mavsdk/case_study/boundary_runaway/main/model/bound_original.stl,src/main/java/edu/cmu/px4/mavsdk/case_study/boundary_runaway/main/model/run_original.stl,src/main/java/edu/cmu/px4/mavsdk/case_study/boundary_runaway/main/model/runbound.stl,2,2
09-26-2022_10-09-39,09-26-2022_10-11-35,PRIORITY - BOUNDARY,9,experiments/config/bound_run/randomized_config/config_99.ini,,-9,51,3.150753769,627,-12,18,2.75879397,549,5.909547739,NaN,NaN,NaN,-99999,99999,NaN,0,-99999,99999,NaN,0,0,0,0,0,59,68,31,1,10,9,5,8,7,-20,PRIORITY - BOUNDARY,200,src/main/java/edu/cmu/px4/mavsdk/case_study/boundary_runaway/main/model/bound_original.stl,src/main/java/edu/cmu/px4/mavsdk/case_study/boundary_runaway/main/model/run_original.stl,src/main/java/edu/cmu/px4/mavsdk/case_study/boundary_runaway/main/model/runbound.stl,2,2
09-26-2022_15-34-21,09-26-2022_15-36-16,PRIORITY - RUNAWAY,0,experiments/config/bound_run/randomized_config/config_100.ini,,-10,41,6.51758794,1297,-19,18,0.261306533,52,6.778894472,NaN,NaN,NaN,-99999,99999,NaN,0,-99999,99999,NaN,0,0,0,0,0,47,74,35,4,13,9,8,10,6,-18,PRIORITY - RUNAWAY,200,src/main/java/edu/cmu/px4/mavsdk/case_study/boundary_runaway/main/model/bound_original.stl,src/main/java/edu/cmu/px4/mavsdk/case_study/boundary_runaway/main/model/run_original.stl,src/main/java/edu/cmu/px4/mavsdk/case_study/boundary_runaway/main/model/runbound.stl,2,2
09-26-2022_15-43-36,09-26-2022_15-45-33,WEAKENING - PRIORITY - RUNAWAY,1,experiments/config/bound_run/randomized_config/config_101.ini,,44,97,71.23232323,14104,8,20,12.42424242,2460,83.65656566,NaN,NaN,NaN,-99999,99999,NaN,0,-99999,99999,NaN,0,0,0,0,0,0,36,0,7,10,9,3,8,-5,-13,WEAKENING - PRIORITY - RUNAWAY,200,src/main/java/edu/cmu/px4/mavsdk/case_study/boundary_runaway/main/model/bound_eventually_original.stl,src/main/java/edu/cmu/px4/mavsdk/case_study/boundary_runaway/main/model/run_eventually_original.stl,src/main/java/edu/cmu/px4/mavsdk/case_study/boundary_runaway/main/model/runbound_eventually.stl,3,3
09-26-2022_20-12-56,09-26-2022_20-15-03,WEAKENING - PRIORITY - RUNAWAY,2,experiments/config/bound_run/randomized_config/config_102.ini,,-8,58,4.126262626,817,-20,27,10.03535354,1987,14.16161616,0.33803125,0.9199375,36.74502344,6.074543145,0,1.584175428,23.76263143,8.186103917,0,1.671640399,25.07460599,32,15,17,46.875,68,42,33,4,7,9,4,6,20,-9,WEAKENING - PRIORITY - RUNAWAY,200,src/main/java/edu/cmu/px4/mavsdk/case_study/boundary_runaway/main/model/bound_eventually_original.stl,src/main/java/edu/cmu/px4/mavsdk/case_study/boundary_runaway/main/model/run_eventually_original.stl,src/main/java/edu/cmu/px4/mavsdk/case_study/boundary_runaway/main/model/runbound_eventually.stl,3,3
09-26-2022_20-18-59,09-26-2022_20-21-01,WEAKENING - PRIORITY - RUNAWAY,3,experiments/config/bound_run/randomized_config/config_103.ini,,-7,58,7.929292929,1570,-29,27,11.24242424,2226,19.17171717,0.3570625,0.93825,38.05622169,3.481613597,-1.49E-12,0.93687173,9.3687173,3.650618052,0,0.365061805,3.650618052,16,10,6,62.5,47,55,33,6,8,9,6,7,-7,17,WEAKENING - PRIORITY - RUNAWAY,200,src/main/java/edu/cmu/px4/mavsdk/case_study/boundary_runaway/main/model/bound_eventually_original.stl,src/main/java/edu/cmu/px4/mavsdk/case_study/boundary_runaway/main/model/run_eventually_original.stl,src/main/java/edu/cmu/px4/mavsdk/case_study/boundary_runaway/main/model/runbound_eventually.stl,3,3
09-26-2022_20-49-24,09-26-2022_20-51-24,WEAKENING - PRIORITY - RUNAWAY,4,experiments/config/bound_run/randomized_config/config_104.ini,,-5,40,8.666666667,1716,0,27,11.93939394,2364,20.60606061,0.350090909,0.930545455,37.62211801,1.88725662,-7.11E-15,0.36384693,2.18308158,0,0,0,0,11,6,5,54.54545455,34,68,31,8,14,9,9,11,0,-19,WEAKENING - PRIORITY - RUNAWAY,200,src/main/java/edu/cmu/px4/mavsdk/case_study/boundary_runaway/main/model/bound_eventually_original.stl,src/main/java/edu/cmu/px4/mavsdk/case_study/boundary_runaway/main/model/run_eventually_original.stl,src/main/java/edu/cmu/px4/mavsdk/case_study/boundary_runaway/main/model/runbound_eventually.stl,3,3
09-26-2022_20-54-07,09-26-2022_20-56-09,WEAKENING - PRIORITY - RUNAWAY,5,experiments/config/bound_run/randomized_config/config_105.ini,,-2,39,13.00505051,2575,-5,26,9.51010101,1883,22.51515152,0.3555,0.92845,38.28962249,1.965486195,-2.66E-15,0.420099649,5.461295432,0.089402653,0,0.006877127,0.089402653,20,13,7,65,14,84,23,9,14,9,11,12,-15,14,WEAKENING - PRIORITY - RUNAWAY,200,src/main/java/edu/cmu/px4/mavsdk/case_study/boundary_runaway/main/model/bound_eventually_original.stl,src/main/java/edu/cmu/px4/mavsdk/case_study/boundary_runaway/main/model/run_eventually_original.stl,src/main/java/edu/cmu/px4/mavsdk/case_study/boundary_runaway/main/model/runbound_eventually.stl,3,3
09-26-2022_20-59-05,09-26-2022_21-01-05,WEAKENING - PRIORITY - RUNAWAY,6,experiments/config/bound_run/randomized_config/config_106.ini,,-7,54,6.727272727,1332,-11,29,12.22222222,2420,18.94949495,0.372416667,0.945,39.40917108,1.707196584,-2.66E-15,0.515262924,5.667892166,9.55E-13,-2.84E-14,8.39E-14,9.23E-13,12,11,1,91.66666667,47,56,29,1,13,9,3,5,-1,5,WEAKENING - PRIORITY - RUNAWAY,200,src/main/java/edu/cmu/px4/mavsdk/case_study/boundary_runaway/main/model/bound_eventually_original.stl,src/main/java/edu/cmu/px4/mavsdk/case_study/boundary_runaway/main/model/run_eventually_original.stl,src/main/java/edu/cmu/px4/mavsdk/case_study/boundary_runaway/main/model/runbound_eventually.stl,3,3
09-26-2022_21-52-20,09-26-2022_21-54-20,WEAKENING - PRIORITY - RUNAWAY,7,experiments/config/bound_run/randomized_config/config_107.ini,,-7,61,7.267676768,1439,2,28,13.2979798,2633,20.56565657,0.497875,1.076125,46.26553607,1.751206848,0,1.03961899,7.277332928,0,0,0,0,8,7,1,87.5,43,51,40,5,10,9,6,9,-7,-14,WEAKENING - PRIORITY - RUNAWAY,200,src/main/java/edu/cmu/px4/mavsdk/case_study/boundary_runaway/main/model/bound_eventually_original.stl,src/main/java/edu/cmu/px4/mavsdk/case_study/boundary_runaway/main/model/run_eventually_original.stl,src/main/java/edu/cmu/px4/mavsdk/case_study/boundary_runaway/main/model/runbound_eventually.stl,3,3
09-26-2022_21-57-26,09-26-2022_21-59-28,WEAKENING - PRIORITY - RUNAWAY,8,experiments/config/bound_run/randomized_config/config_108.ini,,-8,61,5.974747475,1183,-5,26,13.2020202,2614,19.17676768,0.4222,0.9975,42.32581454,3.689769642,-8.88E-16,1.052195075,9.469755677,0.90047631,0,0.100052923,0.90047631,10,9,1,90,40,43,13,6,12,9,5,6,11,-18,WEAKENING - PRIORITY - RUNAWAY,200,src/main/java/edu/cmu/px4/mavsdk/case_study/boundary_runaway/main/model/bound_eventually_original.stl,src/main/java/edu/cmu/px4/mavsdk/case_study/boundary_runaway/main/model/run_eventually_original.stl,src/main/java/edu/cmu/px4/mavsdk/case_study/boundary_runaway/main/model/runbound_eventually.stl,3,3
09-26-2022_22-03-34,09-26-2022_22-05-36,WEAKENING - PRIORITY - RUNAWAY,9,experiments/config/bound_run/randomized_config/config_109.ini,,-6,63,8.595959596,1702,-9,28,13.56565657,2686,22.16161616,0.434769231,1.004307692,43.29044118,2.094371643,-2.22E-16,0.354109893,4.249318718,3.537876396,0,0.294823033,3.537876396,13,12,1,92.30769231,44,32,28,1,14,9,2,4,3,0,WEAKENING - PRIORITY - RUNAWAY,200,src/main/java/edu/cmu/px4/mavsdk/case_study/boundary_runaway/main/model/bound_eventually_original.stl,src/main/java/edu/cmu/px4/mavsdk/case_study/boundary_runaway/main/model/run_eventually_original.stl,src/main/java/edu/cmu/px4/mavsdk/case_study/boundary_runaway/main/model/runbound_eventually.stl,3,3
09-26-2022_22-13-13,09-26-2022_22-15-14,WEAKENING - PRIORITY - RUNAWAY,0,experiments/config/bound_run/randomized_config/config_110.ini,,-6,35,7.404040404,1466,0,28,12.05050505,2386,19.45454545,0.28,0.864357143,32.39401702,2.015730221,0,0.403146044,2.015730221,0,0,0,0,14,5,9,35.71428571,34,60,26,8,14,9,8,13,-3,7,WEAKENING - PRIORITY - RUNAWAY,200,src/main/java/edu/cmu/px4/mavsdk/case_study/boundary_runaway/main/model/bound_eventually_original.stl,src/main/java/edu/cmu/px4/mavsdk/case_study/boundary_runaway/main/model/run_eventually_original.stl,src/main/java/edu/cmu/px4/mavsdk/case_study/boundary_runaway/main/model/runbound_eventually.stl,3,3
09-26-2022_22-19-11,09-26-2022_22-21-15,WEAKENING - PRIORITY - RUNAWAY,1,experiments/config/bound_run/randomized_config/config_111.ini,,-6,39,10.54040404,2087,-16,26,7.707070707,1526,18.24747475,0.32775,0.91175,35.94735399,2.42921439,-2.66E-15,0.545518093,6.000699028,1.41E-04,0,1.29E-05,1.41E-04,24,11,13,45.83333333,21,86,22,9,14,9,11,12,-16,-15,WEAKENING - PRIORITY - RUNAWAY,200,src/main/java/edu/cmu/px4/mavsdk/case_study/boundary_runaway/main/model/bound_eventually_original.stl,src/main/java/edu/cmu/px4/mavsdk/case_study/boundary_runaway/main/model/run_eventually_original.stl,src/main/java/edu/cmu/px4/mavsdk/case_study/boundary_runaway/main/model/runbound_eventually.stl,3,3
09-26-2022_22-23-57,09-26-2022_22-25-57,WEAKENING - PRIORITY - RUNAWAY,2,experiments/config/bound_run/randomized_config/config_112.ini,,-6,33,7.898989899,1564,-31,27,11.13131313,2204,19.03030303,0.278692308,0.872153846,31.95448933,1.374740978,-1.60E-12,0.371915772,1.487663087,0,-7.11E-15,-1.78E-15,-7.11E-15,13,4,9,30.76923077,40,49,31,6,12,9,6,11,13,-4,WEAKENING - PRIORITY - RUNAWAY,200,src/main/java/edu/cmu/px4/mavsdk/case_study/boundary_runaway/main/model/bound_eventually_original.stl,src/main/java/edu/cmu/px4/mavsdk/case_study/boundary_runaway/main/model/run_eventually_original.stl,src/main/java/edu/cmu/px4/mavsdk/case_study/boundary_runaway/main/model/runbound_eventually.stl,3,3
09-26-2022_22-46-41,09-26-2022_22-48-41,WEAKENING - PRIORITY - RUNAWAY,3,experiments/config/bound_run/randomized_config/config_113.ini,,-7,52,3.994949495,791,-10,26,13.1969697,2613,17.19191919,0.305666667,0.882666667,34.62990937,2.721778834,0,0.600921148,3.605526889,3.73E-14,0,6.22E-15,3.73E-14,12,6,6,50,70,47,23,2,9,9,3,7,9,-12,WEAKENING - PRIORITY - RUNAWAY,200,src/main/java/edu/cmu/px4/mavsdk/case_study/boundary_runaway/main/model/bound_eventually_original.stl,src/main/java/edu/cmu/px4/mavsdk/case_study/boundary_runaway/main/model/run_eventually_original.stl,src/main/java/edu/cmu/px4/mavsdk/case_study/boundary_runaway/main/model/runbound_eventually.stl,3,3
09-26-2022_22-51-28,09-26-2022_22-53-29,WEAKENING - PRIORITY - RUNAWAY,4,experiments/config/bound_run/randomized_config/config_114.ini,,-7,72,6.368686869,1261,-7,27,13.06060606,2586,19.42929293,0.432833333,1.007666667,42.95401919,5.702539105,-3.02E-14,2.430696538,24.30696538,3.300653074,-5.19E-13,0.617809571,6.178095707,12,10,2,83.33333333,61,35,20,3,8,9,3,4,10,-14,WEAKENING - PRIORITY - RUNAWAY,200,src/main/java/edu/cmu/px4/mavsdk/case_study/boundary_runaway/main/model/bound_eventually_original.stl,src/main/java/edu/cmu/px4/mavsdk/case_study/boundary_runaway/main/model/run_eventually_original.stl,src/main/java/edu/cmu/px4/mavsdk/case_study/boundary_runaway/main/model/runbound_eventually.stl,3,3
09-26-2022_23-02-59,09-26-2022_23-05-01,WEAKENING - PRIORITY - RUNAWAY,5,experiments/config/bound_run/randomized_config/config_115.ini,,-8,71,6.782828283,1343,-1,28,14.24242424,2820,21.02525253,0.431923077,0.994307692,43.43957914,4.515020509,0,1.650788269,19.80945922,0,-3.55E-15,-5.18E-16,-6.22E-15,13,12,1,92.30769231,60,35,19,2,8,9,2,4,4,-15,WEAKENING - PRIORITY - RUNAWAY,200,src/main/java/edu/cmu/px4/mavsdk/case_study/boundary_runaway/main/model/bound_eventually_original.stl,src/main/java/edu/cmu/px4/mavsdk/case_study/boundary_runaway/main/model/run_eventually_original.stl,src/main/java/edu/cmu/px4/mavsdk/case_study/boundary_runaway/main/model/runbound_eventually.stl,3,3
09-26-2022_23-07-43,09-26-2022_23-09-41,WEAKENING - PRIORITY - RUNAWAY,6,experiments/config/bound_run/randomized_config/config_116.ini,,-6,76,13.4040404,2654,5,28,14.74747475,2920,28.15151515,0.3788,0.9424,40.19524618,2.184189722,0,0.567460986,2.837304929,2.13E-14,0,4.26E-15,2.13E-14,5,5,0,100,70,16,14,2,4,9,1,2,5,-10,WEAKENING - PRIORITY - RUNAWAY,200,src/main/java/edu/cmu/px4/mavsdk/case_study/boundary_runaway/main/model/bound_eventually_original.stl,src/main/java/edu/cmu/px4/mavsdk/case_study/boundary_runaway/main/model/run_eventually_original.stl,src/main/java/edu/cmu/px4/mavsdk/case_study/boundary_runaway/main/model/runbound_eventually.stl,3,3
09-26-2022_23-12-22,09-26-2022_23-14-28,WEAKENING - PRIORITY - RUNAWAY,7,experiments/config/bound_run/randomized_config/config_117.ini,,-8,32,4.590909091,909,-13,29,10.13131313,2006,14.72222222,0.346464286,0.925321429,37.44258752,4.576300586,-6.66E-16,0.888750448,15.10875762,3.617079492,0,0.212769382,3.617079492,28,17,11,60.71428571,51,52,27,2,10,9,4,9,11,19,WEAKENING - PRIORITY - RUNAWAY,200,src/main/java/edu/cmu/px4/mavsdk/case_study/boundary_runaway/main/model/bound_eventually_original.stl,src/main/java/edu/cmu/px4/mavsdk/case_study/boundary_runaway/main/model/run_eventually_original.stl,src/main/java/edu/cmu/px4/mavsdk/case_study/boundary_runaway/main/model/runbound_eventually.stl,3,3
09-26-2022_23-24-56,09-26-2022_23-27-03,WEAKENING - PRIORITY - RUNAWAY,9,experiments/config/bound_run/randomized_config/config_119.ini,,-9,54,5.54040404,1097,-5,26,12.19191919,2414,17.73232323,0.423347826,1.006086957,42.07865169,3.500804211,0,1.511949475,24.1911916,0.734309704,-8.88E-16,0.072756605,1.164105679,23,16,7,69.56521739,69,29,20,1,6,9,2,4,0,11,WEAKENING - PRIORITY - RUNAWAY,200,src/main/java/edu/cmu/px4/mavsdk/case_study/boundary_runaway/main/model/bound_eventually_original.stl,src/main/java/edu/cmu/px4/mavsdk/case_study/boundary_runaway/main/model/run_eventually_original.stl,src/main/java/edu/cmu/px4/mavsdk/case_study/boundary_runaway/main/model/runbound_eventually.stl,3,3
09-26-2022_23-45-17,09-26-2022_23-47-20,WEAKENING - PRIORITY - RUNAWAY,2,experiments/config/bound_run/randomized_config/config_122.ini,,-6,37,11.17171717,2212,-7,28,9.782828283,1937,20.95454545,0.324666667,0.907444444,35.7781315,1.939216484,0,0.685382128,4.797674897,0,-8.88E-16,-1.27E-16,-8.88E-16,18,7,11,38.88888889,22,78,20,10,14,9,10,11,-2,3,WEAKENING - PRIORITY - RUNAWAY,200,src/main/java/edu/cmu/px4/mavsdk/case_study/boundary_runaway/main/model/bound_eventually_original.stl,src/main/java/edu/cmu/px4/mavsdk/case_study/boundary_runaway/main/model/run_eventually_original.stl,src/main/java/edu/cmu/px4/mavsdk/case_study/boundary_runaway/main/model/runbound_eventually.stl,3,3
09-26-2022_23-50-02,09-26-2022_23-52-02,WEAKENING - PRIORITY - RUNAWAY,3,experiments/config/bound_run/randomized_config/config_123.ini,,-5,74,13.71212121,2715,-8,29,14.73737374,2918,28.44949495,0.3576,0.9326,38.34441347,0.569966207,-4.44E-16,0.113993241,0.569966207,0,0,0,0,5,5,0,100,39,30,20,2,11,9,2,3,-15,-2,WEAKENING - PRIORITY - RUNAWAY,200,src/main/java/edu/cmu/px4/mavsdk/case_study/boundary_runaway/main/model/bound_eventually_original.stl,src/main/java/edu/cmu/px4/mavsdk/case_study/boundary_runaway/main/model/run_eventually_original.stl,src/main/java/edu/cmu/px4/mavsdk/case_study/boundary_runaway/main/model/runbound_eventually.stl,3,3
09-26-2022_23-54-46,09-26-2022_23-56-50,WEAKENING - PRIORITY - RUNAWAY,4,experiments/config/bound_run/randomized_config/config_124.ini,,-8,51,4.297979798,851,-9,27,12.81818182,2538,17.11616162,0.418941176,0.999941176,41.89658215,4.056339031,0,1.728018843,22.46424496,3.088643889,-2.05E-12,0.455757646,5.9248494,17,13,4,76.47058824,59,53,24,2,10,9,5,8,7,-20,WEAKENING - PRIORITY - RUNAWAY,200,src/main/java/edu/cmu/px4/mavsdk/case_study/boundary_runaway/main/model/bound_eventually_original.stl,src/main/java/edu/cmu/px4/mavsdk/case_study/boundary_runaway/main/model/run_eventually_original.stl,src/main/java/edu/cmu/px4/mavsdk/case_study/boundary_runaway/main/model/runbound_eventually.stl,3,3
09-27-2022_00-22-51,09-27-2022_00-24-51,WEAKENING - PRIORITY - BOUNDARY,8,experiments/config/bound_run/randomized_config/config_128.ini,,-6,58,7.848484848,1554,-6,28,12.95959596,2566,20.80808081,0.338615385,0.912769231,37.09758975,5.626129974,0,1.410125628,9.870879394,0.267972329,0,0.038281761,0.267972329,13,7,6,53.84615385,47,56,24,6,8,9,6,7,-7,17,WEAKENING - PRIORITY - BOUNDARY,200,src/main/java/edu/cmu/px4/mavsdk/case_study/boundary_runaway/main/model/bound_eventually_original.stl,src/main/java/edu/cmu/px4/mavsdk/case_study/boundary_runaway/main/model/run_eventually_original.stl,src/main/java/edu/cmu/px4/mavsdk/case_study/boundary_runaway/main/model/runbound_eventually.stl,3,3
09-27-2022_02-00-55,09-27-2022_02-02-57,WEAKENING - PRIORITY - BOUNDARY,1,experiments/config/bound_run/randomized_config/config_141.ini,,-6,79,13.43939394,2661,3,24,14.18181818,2808,27.62121212,0.400181818,0.973636364,41.10177404,4.910598504,-3.14E-12,1.15290059,12.68190649,0,0,0,0,11,11,0,100,66,12,13,1,4,9,1,2,5,-10,WEAKENING - PRIORITY - BOUNDARY,200,src/main/java/edu/cmu/px4/mavsdk/case_study/boundary_runaway/main/model/bound_eventually_original.stl,src/main/java/edu/cmu/px4/mavsdk/case_study/boundary_runaway/main/model/run_eventually_original.stl,src/main/java/edu/cmu/px4/mavsdk/case_study/boundary_runaway/main/model/runbound_eventually.stl,3,3
09-27-2022_04-49-19,09-27-2022_04-51-18,PRIORITY - RUNAWAY,3,experiments/config/bound_run/randomized_config/config_163.ini,,-8,51,4.126262626,817,-38,28,5.949494949,1178,10.07575758,NaN,NaN,NaN,-99999,99999,NaN,0,-99999,99999,NaN,0,0,0,0,0,86,56,22,1,9,9,3,7,9,-12,PRIORITY - RUNAWAY,200,src/main/java/edu/cmu/px4/mavsdk/case_study/boundary_runaway/main/model/bound_eventually_original.stl,src/main/java/edu/cmu/px4/mavsdk/case_study/boundary_runaway/main/model/run_eventually_original.stl,src/main/java/edu/cmu/px4/mavsdk/case_study/boundary_runaway/main/model/runbound_eventually.stl,3,3
09-27-2022_05-25-13,09-27-2022_05-27-09,PRIORITY - RUNAWAY,8,experiments/config/bound_run/randomized_config/config_168.ini,,-5,40,9.01010101,1784,-5,27,11.4040404,2258,20.41414141,NaN,NaN,NaN,-99999,99999,NaN,0,-99999,99999,NaN,0,0,0,0,0,44,69,25,5,12,9,8,11,-5,-15,PRIORITY - RUNAWAY,200,src/main/java/edu/cmu/px4/mavsdk/case_study/boundary_runaway/main/model/bound_eventually_original.stl,src/main/java/edu/cmu/px4/mavsdk/case_study/boundary_runaway/main/model/run_eventually_original.stl,src/main/java/edu/cmu/px4/mavsdk/case_study/boundary_runaway/main/model/runbound_eventually.stl,3,3
09-27-2022_05-53-15,09-27-2022_05-55-11,PRIORITY - RUNAWAY,2,experiments/config/bound_run/randomized_config/config_172.ini,,-6,39,10.8989899,2158,-7,28,9.838383838,1948,20.73737374,NaN,NaN,NaN,-99999,99999,NaN,0,-99999,99999,NaN,0,0,0,0,0,37,79,27,9,14,9,10,11,-2,3,PRIORITY - RUNAWAY,200,src/main/java/edu/cmu/px4/mavsdk/case_study/boundary_runaway/main/model/bound_eventually_original.stl,src/main/java/edu/cmu/px4/mavsdk/case_study/boundary_runaway/main/model/run_eventually_original.stl,src/main/java/edu/cmu/px4/mavsdk/case_study/boundary_runaway/main/model/runbound_eventually.stl,3,3
09-27-2022_06-05-43,09-27-2022_06-07-40,PRIORITY - RUNAWAY,4,experiments/config/bound_run/randomized_config/config_174.ini,,-8,50,5.025252525,995,-25,28,7.106060606,1407,12.13131313,NaN,NaN,NaN,-99999,99999,NaN,0,-99999,99999,NaN,0,0,0,0,0,60,72,21,5,10,9,5,8,7,-20,PRIORITY - RUNAWAY,200,src/main/java/edu/cmu/px4/mavsdk/case_study/boundary_runaway/main/model/bound_eventually_original.stl,src/main/java/edu/cmu/px4/mavsdk/case_study/boundary_runaway/main/model/run_eventually_original.stl,src/main/java/edu/cmu/px4/mavsdk/case_study/boundary_runaway/main/model/runbound_eventually.stl,3,3
09-27-2022_06-18-10,09-27-2022_06-20-06,PRIORITY - BOUNDARY,6,experiments/config/bound_run/randomized_config/config_176.ini,,-8,50,3.909090909,774,2,26,13.34343434,2642,17.25252525,NaN,NaN,NaN,-99999,99999,NaN,0,-99999,99999,NaN,0,0,0,0,0,60,53,30,1,10,9,3,8,-5,-13,PRIORITY - BOUNDARY,200,src/main/java/edu/cmu/px4/mavsdk/case_study/boundary_runaway/main/model/bound_eventually_original.stl,src/main/java/edu/cmu/px4/mavsdk/case_study/boundary_runaway/main/model/run_eventually_original.stl,src/main/java/edu/cmu/px4/mavsdk/case_study/boundary_runaway/main/model/runbound_eventually.stl,3,3
09-27-2022_07-25-16,09-27-2022_07-27-12,PRIORITY - BOUNDARY,5,experiments/config/bound_run/randomized_config/config_185.ini,,-6,34,8.828282828,1748,-1,29,12.64646465,2504,21.47474747,NaN,NaN,NaN,-99999,99999,NaN,0,-99999,99999,NaN,0,0,0,0,0,23,69,25,8,14,9,8,13,-3,7,PRIORITY - BOUNDARY,200,src/main/java/edu/cmu/px4/mavsdk/case_study/boundary_runaway/main/model/bound_eventually_original.stl,src/main/java/edu/cmu/px4/mavsdk/case_study/boundary_runaway/main/model/run_eventually_original.stl,src/main/java/edu/cmu/px4/mavsdk/case_study/boundary_runaway/main/model/runbound_eventually.stl,3,3
09-27-2022_07-45-34,09-27-2022_07-47-30,PRIORITY - BOUNDARY,8,experiments/config/bound_run/randomized_config/config_188.ini,,-8,51,3.828282828,758,0,27,14.07575758,2787,17.9040404,NaN,NaN,NaN,-99999,99999,NaN,0,-99999,99999,NaN,0,0,0,0,0,59,55,27,3,9,9,3,7,9,-12,PRIORITY - BOUNDARY,200,src/main/java/edu/cmu/px4/mavsdk/case_study/boundary_runaway/main/model/bound_eventually_original.stl,src/main/java/edu/cmu/px4/mavsdk/case_study/boundary_runaway/main/model/run_eventually_original.stl,src/main/java/edu/cmu/px4/mavsdk/case_study/boundary_runaway/main/model/runbound_eventually.stl,3,3
09-27-2022_09-07-53,09-27-2022_09-09-49,PRIORITY - BOUNDARY,9,experiments/config/bound_run/randomized_config/config_189.ini,,-6,114,12.74747475,2524,6,24,14.84343434,2939,27.59090909,NaN,NaN,NaN,-99999,99999,NaN,0,-99999,99999,NaN,0,0,0,0,0,66,30,29,3,8,9,3,4,10,-14,PRIORITY - BOUNDARY,200,src/main/java/edu/cmu/px4/mavsdk/case_study/boundary_runaway/main/model/bound_eventually_original.stl,src/main/java/edu/cmu/px4/mavsdk/case_study/boundary_runaway/main/model/run_eventually_original.stl,src/main/java/edu/cmu/px4/mavsdk/case_study/boundary_runaway/main/model/runbound_eventually.stl,3,3
09-27-2022_09-23-36,09-27-2022_09-25-33,PRIORITY - BOUNDARY,0,experiments/config/bound_run/randomized_config/config_190.ini,,-7,72,6.752525253,1337,-1,29,15.64646465,3098,22.3989899,NaN,NaN,NaN,-99999,99999,NaN,0,-99999,99999,NaN,0,0,0,0,0,61,38,30,1,8,9,2,4,4,-15,PRIORITY - BOUNDARY,200,src/main/java/edu/cmu/px4/mavsdk/case_study/boundary_runaway/main/model/bound_eventually_original.stl,src/main/java/edu/cmu/px4/mavsdk/case_study/boundary_runaway/main/model/run_eventually_original.stl,src/main/java/edu/cmu/px4/mavsdk/case_study/boundary_runaway/main/model/runbound_eventually.stl,3,3
09-27-2022_09-29-32,09-27-2022_09-31-29,PRIORITY - BOUNDARY,1,experiments/config/bound_run/randomized_config/config_191.ini,,-6,76,13.38383838,2650,7,24,13.71212121,2715,27.0959596,NaN,NaN,NaN,-99999,99999,NaN,0,-99999,99999,NaN,0,0,0,0,0,70,18,23,1,4,9,1,2,5,-10,PRIORITY - BOUNDARY,200,src/main/java/edu/cmu/px4/mavsdk/case_study/boundary_runaway/main/model/bound_eventually_original.stl,src/main/java/edu/cmu/px4/mavsdk/case_study/boundary_runaway/main/model/run_eventually_original.stl,src/main/java/edu/cmu/px4/mavsdk/case_study/boundary_runaway/main/model/runbound_eventually.stl,3,3
09-27-2022_09-36-46,09-27-2022_09-38-43,PRIORITY - BOUNDARY,2,experiments/config/bound_run/randomized_config/config_192.ini,,-8,33,3.954545455,783,-3,24,13.35858586,2645,17.31313131,NaN,NaN,NaN,-99999,99999,NaN,0,-99999,99999,NaN,0,0,0,0,0,58,58,39,1,10,9,4,9,11,19,PRIORITY - BOUNDARY,200,src/main/java/edu/cmu/px4/mavsdk/case_study/boundary_runaway/main/model/bound_eventually_original.stl,src/main/java/edu/cmu/px4/mavsdk/case_study/boundary_runaway/main/model/run_eventually_original.stl,src/main/java/edu/cmu/px4/mavsdk/case_study/boundary_runaway/main/model/runbound_eventually.stl,3,3
09-27-2022_09-42-31,09-27-2022_09-44-28,PRIORITY - BOUNDARY,3,experiments/config/bound_run/randomized_config/config_193.ini,,-8,40,8.388888889,1661,-2,25,11.93434343,2363,20.32323232,NaN,NaN,NaN,-99999,99999,NaN,0,-99999,99999,NaN,0,0,0,0,0,35,75,26,6,12,9,8,11,-5,-15,PRIORITY - BOUNDARY,200,src/main/java/edu/cmu/px4/mavsdk/case_study/boundary_runaway/main/model/bound_eventually_original.stl,src/main/java/edu/cmu/px4/mavsdk/case_study/boundary_runaway/main/model/run_eventually_original.stl,src/main/java/edu/cmu/px4/mavsdk/case_study/boundary_runaway/main/model/runbound_eventually.stl,3,3
09-27-2022_09-47-24,09-27-2022_09-49-21,PRIORITY - BOUNDARY,4,experiments/config/bound_run/randomized_config/config_194.ini,,-8,54,5.358585859,1061,5,27,16.25757576,3219,21.61616162,NaN,NaN,NaN,-99999,99999,NaN,0,-99999,99999,NaN,0,0,0,0,0,71,30,32,1,6,9,2,4,0,11,PRIORITY - BOUNDARY,200,src/main/java/edu/cmu/px4/mavsdk/case_study/boundary_runaway/main/model/bound_eventually_original.stl,src/main/java/edu/cmu/px4/mavsdk/case_study/boundary_runaway/main/model/run_eventually_original.stl,src/main/java/edu/cmu/px4/mavsdk/case_study/boundary_runaway/main/model/runbound_eventually.stl,3,3
09-27-2022_09-55-07,09-27-2022_09-57-04,PRIORITY - BOUNDARY,5,experiments/config/bound_run/randomized_config/config_195.ini,,-5,37,7.575757576,1500,-4,28,13.91414141,2755,21.48989899,NaN,NaN,NaN,-99999,99999,NaN,0,-99999,99999,NaN,0,0,0,0,0,39,62,25,7,12,9,7,10,18,-12,PRIORITY - BOUNDARY,200,src/main/java/edu/cmu/px4/mavsdk/case_study/boundary_runaway/main/model/bound_eventually_original.stl,src/main/java/edu/cmu/px4/mavsdk/case_study/boundary_runaway/main/model/run_eventually_original.stl,src/main/java/edu/cmu/px4/mavsdk/case_study/boundary_runaway/main/model/runbound_eventually.stl,3,3
09-27-2022_10-12-47,09-27-2022_10-14-46,PRIORITY - BOUNDARY,6,experiments/config/bound_run/randomized_config/config_196.ini,,-6,76,17.25757576,3417,2,26,15.33333333,3036,32.59090909,NaN,NaN,NaN,-99999,99999,NaN,0,-99999,99999,NaN,0,0,0,0,0,25,18,24,1,5,9,1,3,-5,-15,PRIORITY - BOUNDARY,200,src/main/java/edu/cmu/px4/mavsdk/case_study/boundary_runaway/main/model/bound_eventually_original.stl,src/main/java/edu/cmu/px4/mavsdk/case_study/boundary_runaway/main/model/run_eventually_original.stl,src/main/java/edu/cmu/px4/mavsdk/case_study/boundary_runaway/main/model/runbound_eventually.stl,3,3
09-27-2022_11-04-13,09-27-2022_11-06-09,PRIORITY - BOUNDARY,7,experiments/config/bound_run/randomized_config/config_197.ini,,-5,52,11.68686869,2314,1,28,12.13131313,2402,23.81818182,NaN,NaN,NaN,-99999,99999,NaN,0,-99999,99999,NaN,0,0,0,0,0,22,80,35,9,14,9,10,11,-2,3,PRIORITY - BOUNDARY,200,src/main/java/edu/cmu/px4/mavsdk/case_study/boundary_runaway/main/model/bound_eventually_original.stl,src/main/java/edu/cmu/px4/mavsdk/case_study/boundary_runaway/main/model/run_eventually_original.stl,src/main/java/edu/cmu/px4/mavsdk/case_study/boundary_runaway/main/model/runbound_eventually.stl,3,3
09-27-2022_11-09-12,09-27-2022_11-11-09,PRIORITY - BOUNDARY,8,experiments/config/bound_run/randomized_config/config_198.ini,,-7,73,12.6969697,2514,-3,28,13.64646465,2702,26.34343434,NaN,NaN,NaN,-99999,99999,NaN,0,-99999,99999,NaN,0,0,0,0,0,34,37,25,4,11,9,2,3,-15,-2,PRIORITY - BOUNDARY,200,src/main/java/edu/cmu/px4/mavsdk/case_study/boundary_runaway/main/model/bound_eventually_original.stl,src/main/java/edu/cmu/px4/mavsdk/case_study/boundary_runaway/main/model/run_eventually_original.stl,src/main/java/edu/cmu/px4/mavsdk/case_study/boundary_runaway/main/model/runbound_eventually.stl,3,3