start_time,finish_time,experiment_item,method_boolean,method,feature_boolean,feature,parameter_configuration_number,parameter_configuration_file_name,stl_requirement,runaway_min_robustness,runaway_max_robustness,runaway_average_robustness,runaway_cumulative_robustness,boundary_min_robustness,boundary_max_robustness,boundary_average_robustness,boundary_cumulative_robustness,avg_resolution_time,avg_cycle_time,resolution_time_percentage,max_runaway_requirement_weakening_parameter,min_runaway_requirement_weakening_parameter,average_runaway_requirement_weakening_parameter,cumulative_runaway_requirement_weakening_parameter,cumulative_robustness_sum,average_robustness_sum,min_robustness_sum,max_boundary_requirement_weakening_parameter,min_boundary_requirement_weakening_parameter,average_boundary_requirement_weakening_parameter,cumulative_boundary_requirement_weakening_parameter,total_resolution_count,resolution_success_count,resolution_failure_count,resolution_success_percentage,runaway_activated_count,boundary_activated_count,follower_caught_ego_count,mission_waypoints_completed_count,EGO_AVOID_SPEED,EGO_BOUND_ENFORCER_SPEED,EGO_DRONE_MAX_SPEED,FOLLOWER_DRONE_MAX_SPEED,EGO_DRONE_START_LOCATION_NORTH,EGO_DRONE_START_LOCATION_EAST,RESOLVER,MAX_EGO_DRONE_CYCLE,STL_BOUNDARY_ORIGINAL_REQUIREMENT_FILE_PATH,STL_RUNAWAY_ORIGINAL_REQUIREMENT_FILE_PATH,MAIN_STL_FILE_FOR_RESOLVER,STL_BOUNDARY_REQUIREMENT_SIGNAL_LENGTH,STL_RUNAWAY_REQUIREMENT_SIGNAL_LENGTH
09-25-2022_16-39-03,09-25-2022_16-41-09,WEAKENING - PRIORITY - RUNAWAY,TRUE,weakening,TRUE,runaway,1,experiments/config/bound_run/randomized_config/config_1.ini,,-8,48,3.974874372,791,-28,19,-1.814070352,-361,0.266972973,0.838864865,31.82550422,5.976090701,0,2.378349621,68.97213901,430,2.16080402,-28,16.16298826,0,6.295339224,182.5648375,37,29,8,78.37837838,58,57,22,2,10,9,3,8,-5,-13,WEAKENING - PRIORITY - RUNAWAY,200,src/main/java/edu/cmu/px4/mavsdk/case_study/boundary_runaway/main/model/bound_original.stl,src/main/java/edu/cmu/px4/mavsdk/case_study/boundary_runaway/main/model/run_original.stl,src/main/java/edu/cmu/px4/mavsdk/case_study/boundary_runaway/main/model/runbound.stl,2,2
09-25-2022_16-43-50,09-25-2022_16-45-53,WEAKENING - PRIORITY - RUNAWAY,TRUE,weakening,TRUE,runaway,2,experiments/config/bound_run/randomized_config/config_2.ini,,-9,56,3.381909548,673,-20,17,2.24120603,446,0.3132,0.88204,35.50859371,6.994623962,0.431560556,3.292266538,75.72213036,1119,5.623115578,-20,15.37068308,0,3.588346282,82.5319645,25,23,2,92,63,41,24,4,7,9,4,6,20,-9,WEAKENING - PRIORITY - RUNAWAY,200,src/main/java/edu/cmu/px4/mavsdk/case_study/boundary_runaway/main/model/bound_original.stl,src/main/java/edu/cmu/px4/mavsdk/case_study/boundary_runaway/main/model/run_original.stl,src/main/java/edu/cmu/px4/mavsdk/case_study/boundary_runaway/main/model/runbound.stl,2,2
09-25-2022_17-32-09,09-25-2022_17-34-15,WEAKENING - PRIORITY - RUNAWAY,TRUE,weakening,TRUE,runaway,3,experiments/config/bound_run/randomized_config/config_3.ini,,-9,39,4.668341709,929,-24,16,0.804020101,160,0.339846154,0.913615385,37.19794561,5.473842174,0,2.907073167,66.86268283,1089,5.47236181,-24,15.83167609,0,6.376882855,146.6683057,26,23,3,88.46153846,49,51,22,4,8,9,6,7,-7,17,WEAKENING - PRIORITY - RUNAWAY,200,src/main/java/edu/cmu/px4/mavsdk/case_study/boundary_runaway/main/model/bound_original.stl,src/main/java/edu/cmu/px4/mavsdk/case_study/boundary_runaway/main/model/run_original.stl,src/main/java/edu/cmu/px4/mavsdk/case_study/boundary_runaway/main/model/runbound.stl,2,2
09-25-2022_23-31-02,09-25-2022_23-33-02,WEAKENING - PRIORITY - RUNAWAY,TRUE,weakening,TRUE,runaway,4,experiments/config/bound_run/randomized_config/config_4.ini,,-10,36,7.015075377,1396,-8,15,1.507537688,300,0.237789474,0.806315789,29.49086162,4.703328901,0,1.803871407,28.8619425,1696,8.522613065,-10,6.315332085,0,0.769744122,12.31590595,19,16,3,84.21052632,29,66,22,9,14,9,9,11,0,-19,WEAKENING - PRIORITY - RUNAWAY,200,src/main/java/edu/cmu/px4/mavsdk/case_study/boundary_runaway/main/model/bound_original.stl,src/main/java/edu/cmu/px4/mavsdk/case_study/boundary_runaway/main/model/run_original.stl,src/main/java/edu/cmu/px4/mavsdk/case_study/boundary_runaway/main/model/runbound.stl,2,2
09-25-2022_23-51-18,09-25-2022_23-53-29,WEAKENING - PRIORITY - RUNAWAY,TRUE,weakening,TRUE,runaway,7,experiments/config/bound_run/randomized_config/config_7.ini,,-9,45,3.381909548,673,-33,12,-3.879396985,-772,0.269188679,0.848320755,31.73194546,6.631055498,0,2.637877821,100.2393572,-99,-0.497487437,-33,14.85458595,0,3.882991083,147.5536611,53,38,15,71.69811321,36,64,14,2,10,9,6,9,-7,-14,WEAKENING - PRIORITY - RUNAWAY,200,src/main/java/edu/cmu/px4/mavsdk/case_study/boundary_runaway/main/model/bound_original.stl,src/main/java/edu/cmu/px4/mavsdk/case_study/boundary_runaway/main/model/run_original.stl,src/main/java/edu/cmu/px4/mavsdk/case_study/boundary_runaway/main/model/runbound.stl,2,2
09-26-2022_01-13-51,09-26-2022_01-15-50,WEAKENING - PRIORITY - RUNAWAY,TRUE,weakening,TRUE,runaway,8,experiments/config/bound_run/randomized_config/config_18.ini,,-10,37,6.618090452,1317,-38,15,0.165829146,33,0.233076923,0.815153846,28.59299802,5.979919779,0,2.80029702,19.60207914,1350,6.783919598,-38,11.34657996,0,1.730685908,12.11480135,13,7,6,53.84615385,35,70,25,7,12,9,8,11,-5,-15,WEAKENING - PRIORITY - RUNAWAY,200,src/main/java/edu/cmu/px4/mavsdk/case_study/boundary_runaway/main/model/bound_original.stl,src/main/java/edu/cmu/px4/mavsdk/case_study/boundary_runaway/main/model/run_original.stl,src/main/java/edu/cmu/px4/mavsdk/case_study/boundary_runaway/main/model/runbound.stl,2,2
09-26-2022_01-57-25,09-26-2022_01-59-31,WEAKENING - PRIORITY - RUNAWAY,TRUE,weakening,TRUE,runaway,4,experiments/config/bound_run/randomized_config/config_24.ini,,-9,50,3.130653266,623,-22,16,-1.48241206,-295,0.2507,0.82495,30.38972059,6.054908373,0,2.389048724,59.72621809,328,1.648241206,-22,14.60095225,0,3.633314968,90.83287421,40,25,15,62.5,55,60,16,2,10,9,5,8,7,-20,WEAKENING - PRIORITY - RUNAWAY,200,src/main/java/edu/cmu/px4/mavsdk/case_study/boundary_runaway/main/model/bound_original.stl,src/main/java/edu/cmu/px4/mavsdk/case_study/boundary_runaway/main/model/run_original.stl,src/main/java/edu/cmu/px4/mavsdk/case_study/boundary_runaway/main/model/runbound.stl,2,2
09-26-2022_02-56-34,09-26-2022_02-58-38,WEAKENING - PRIORITY - BOUNDARY,TRUE,weakening,FALSE,boundary,2,experiments/config/bound_run/randomized_config/config_32.ini,,-9,58,5.331658291,1061,-17,16,0.708542714,141,0.267586207,0.842827586,31.74862941,6.088943429,0,2.787063534,64.10246128,1202,6.040201005,-17,11.74607611,0,2.18495911,50.25405954,29,23,6,79.31034483,29,60,24,4,10,9,6,9,-7,-14,WEAKENING - PRIORITY - BOUNDARY,200,src/main/java/edu/cmu/px4/mavsdk/case_study/boundary_runaway/main/model/bound_original.stl,src/main/java/edu/cmu/px4/mavsdk/case_study/boundary_runaway/main/model/run_original.stl,src/main/java/edu/cmu/px4/mavsdk/case_study/boundary_runaway/main/model/runbound.stl,2,2
09-26-2022_04-11-15,09-26-2022_04-13-22,WEAKENING - PRIORITY - BOUNDARY,TRUE,weakening,FALSE,boundary,2,experiments/config/bound_run/randomized_config/config_42.ini,,-9,32,2.75879397,549,-26,17,-0.663316583,-132,0.282,0.856051282,32.94195172,5.57076335,0,3.056324251,88.63340329,417,2.095477387,-26,15.6104996,0,4.037718605,117.0938396,39,29,10,74.35897436,42,60,24,4,10,9,4,9,11,19,WEAKENING - PRIORITY - BOUNDARY,200,src/main/java/edu/cmu/px4/mavsdk/case_study/boundary_runaway/main/model/bound_original.stl,src/main/java/edu/cmu/px4/mavsdk/case_study/boundary_runaway/main/model/run_original.stl,src/main/java/edu/cmu/px4/mavsdk/case_study/boundary_runaway/main/model/runbound.stl,2,2
09-26-2022_04-23-51,09-26-2022_04-25-56,WEAKENING - PRIORITY - BOUNDARY,TRUE,weakening,FALSE,boundary,4,experiments/config/bound_run/randomized_config/config_44.ini,,-8,56,5.814070352,1157,-19,17,3.793969849,755,0.351714286,0.928428571,37.88275119,7.303255641,0,3.19416594,63.88331879,1912,9.608040201,-19,15.068856,0,3.686145597,73.72291193,21,20,1,95.23809524,64,31,21,2,6,9,2,4,0,11,WEAKENING - PRIORITY - BOUNDARY,200,src/main/java/edu/cmu/px4/mavsdk/case_study/boundary_runaway/main/model/bound_original.stl,src/main/java/edu/cmu/px4/mavsdk/case_study/boundary_runaway/main/model/run_original.stl,src/main/java/edu/cmu/px4/mavsdk/case_study/boundary_runaway/main/model/runbound.stl,2,2
09-26-2022_04-51-59,09-26-2022_04-53-58,WEAKENING - PRIORITY - BOUNDARY,TRUE,weakening,FALSE,boundary,8,experiments/config/bound_run/randomized_config/config_48.ini,,-8,70,12.85929648,2559,-11,19,5.331658291,1061,0.365428571,0.941428571,38.81638847,3.211565414,0,0.978828986,6.8518029,3620,18.19095477,-11,4.788411696,0,1.288696242,9.020873696,7,7,0,100,43,26,20,1,11,9,2,3,-15,-2,WEAKENING - PRIORITY - BOUNDARY,200,src/main/java/edu/cmu/px4/mavsdk/case_study/boundary_runaway/main/model/bound_original.stl,src/main/java/edu/cmu/px4/mavsdk/case_study/boundary_runaway/main/model/run_original.stl,src/main/java/edu/cmu/px4/mavsdk/case_study/boundary_runaway/main/model/runbound.stl,2,2
09-26-2022_05-04-31,09-26-2022_05-06-31,WEAKENING - PRIORITY - BOUNDARY,TRUE,weakening,FALSE,boundary,0,experiments/config/bound_run/randomized_config/config_50.ini,,-9,41,7.226130653,1438,-15,17,1.743718593,347,0.290272727,0.86,33.75264271,4.257830427,0,1.774734678,17.74734678,1785,8.969849246,-15,5.570656333,0,0.910090939,9.100909391,11,10,1,90.90909091,39,69,29,4,13,9,8,10,6,-18,WEAKENING - PRIORITY - BOUNDARY,200,src/main/java/edu/cmu/px4/mavsdk/case_study/boundary_runaway/main/model/bound_original.stl,src/main/java/edu/cmu/px4/mavsdk/case_study/boundary_runaway/main/model/run_original.stl,src/main/java/edu/cmu/px4/mavsdk/case_study/boundary_runaway/main/model/runbound.stl,2,2
09-26-2022_05-09-17,09-26-2022_05-11-13,PRIORITY - RUNAWAY,FALSE,priority,TRUE,runaway,1,experiments/config/bound_run/randomized_config/config_51.ini,,-10,63,5.557788945,1106,-36,15,-2.417085427,-481,NaN,NaN,NaN,-99999,99999,NaN,0,625,3.140703518,-36,-99999,99999,NaN,0,0,0,0,0,75,61,26,2,10,9,3,8,-5,-13,PRIORITY - RUNAWAY,200,src/main/java/edu/cmu/px4/mavsdk/case_study/boundary_runaway/main/model/bound_original.stl,src/main/java/edu/cmu/px4/mavsdk/case_study/boundary_runaway/main/model/run_original.stl,src/main/java/edu/cmu/px4/mavsdk/case_study/boundary_runaway/main/model/runbound.stl,2,2
09-26-2022_06-08-20,09-26-2022_06-10-16,PRIORITY - RUNAWAY,FALSE,priority,TRUE,runaway,9,experiments/config/bound_run/randomized_config/config_59.ini,,-7,61,8.909547739,1773,-23,17,1.728643216,344,NaN,NaN,NaN,-99999,99999,NaN,0,2117,10.63819096,-23,-99999,99999,NaN,0,0,0,0,0,58,43,13,1,14,9,2,4,3,0,PRIORITY - RUNAWAY,200,src/main/java/edu/cmu/px4/mavsdk/case_study/boundary_runaway/main/model/bound_original.stl,src/main/java/edu/cmu/px4/mavsdk/case_study/boundary_runaway/main/model/run_original.stl,src/main/java/edu/cmu/px4/mavsdk/case_study/boundary_runaway/main/model/runbound.stl,2,2
09-26-2022_06-12-59,09-26-2022_06-14-55,PRIORITY - RUNAWAY,FALSE,priority,TRUE,runaway,0,experiments/config/bound_run/randomized_config/config_60.ini,,-9,33,9.246231156,1840,-19,17,0.085427136,17,NaN,NaN,NaN,-99999,99999,NaN,0,1857,9.331658292,-19,-99999,99999,NaN,0,0,0,0,0,41,66,15,8,14,9,8,13,-3,7,PRIORITY - RUNAWAY,200,src/main/java/edu/cmu/px4/mavsdk/case_study/boundary_runaway/main/model/bound_original.stl,src/main/java/edu/cmu/px4/mavsdk/case_study/boundary_runaway/main/model/run_original.stl,src/main/java/edu/cmu/px4/mavsdk/case_study/boundary_runaway/main/model/runbound.stl,2,2
09-26-2022_06-25-25,09-26-2022_06-27-20,PRIORITY - RUNAWAY,FALSE,priority,TRUE,runaway,2,experiments/config/bound_run/randomized_config/config_62.ini,,-10,33,5.969849246,1188,-16,15,1,199,NaN,NaN,NaN,-99999,99999,NaN,0,1387,6.969849246,-16,-99999,99999,NaN,0,0,0,0,0,52,60,28,5,12,9,6,11,13,-4,PRIORITY - RUNAWAY,200,src/main/java/edu/cmu/px4/mavsdk/case_study/boundary_runaway/main/model/bound_original.stl,src/main/java/edu/cmu/px4/mavsdk/case_study/boundary_runaway/main/model/run_original.stl,src/main/java/edu/cmu/px4/mavsdk/case_study/boundary_runaway/main/model/runbound.stl,2,2
09-26-2022_06-30-08,09-26-2022_06-32-05,PRIORITY - RUNAWAY,FALSE,priority,TRUE,runaway,3,experiments/config/bound_run/randomized_config/config_63.ini,,-9,51,3.175879397,632,-29,17,-2.16080402,-430,NaN,NaN,NaN,-99999,99999,NaN,0,202,1.015075377,-29,-99999,99999,NaN,0,0,0,0,0,82,51,15,2,9,9,3,7,9,-12,PRIORITY - RUNAWAY,200,src/main/java/edu/cmu/px4/mavsdk/case_study/boundary_runaway/main/model/bound_original.stl,src/main/java/edu/cmu/px4/mavsdk/case_study/boundary_runaway/main/model/run_original.stl,src/main/java/edu/cmu/px4/mavsdk/case_study/boundary_runaway/main/model/runbound.stl,2,2
09-26-2022_06-58-06,09-26-2022_07-00-01,PRIORITY - RUNAWAY,FALSE,priority,TRUE,runaway,7,experiments/config/bound_run/randomized_config/config_67.ini,,-10,34,5.105527638,1016,-63,17,-3.547738693,-706,NaN,NaN,NaN,-99999,99999,NaN,0,310,1.557788945,-63,-99999,99999,NaN,0,0,0,0,0,72,58,29,2,10,9,4,9,11,19,PRIORITY - RUNAWAY,200,src/main/java/edu/cmu/px4/mavsdk/case_study/boundary_runaway/main/model/bound_original.stl,src/main/java/edu/cmu/px4/mavsdk/case_study/boundary_runaway/main/model/run_original.stl,src/main/java/edu/cmu/px4/mavsdk/case_study/boundary_runaway/main/model/runbound.stl,2,2
09-26-2022_07-10-34,09-26-2022_07-12-30,PRIORITY - RUNAWAY,FALSE,priority,TRUE,runaway,9,experiments/config/bound_run/randomized_config/config_69.ini,,-9,57,5.125628141,1020,-15,18,2.371859296,472,NaN,NaN,NaN,-99999,99999,NaN,0,1492,7.497487437,-15,-99999,99999,NaN,0,0,0,0,0,100,34,18,1,6,9,2,4,0,11,PRIORITY - RUNAWAY,200,src/main/java/edu/cmu/px4/mavsdk/case_study/boundary_runaway/main/model/bound_original.stl,src/main/java/edu/cmu/px4/mavsdk/case_study/boundary_runaway/main/model/run_original.stl,src/main/java/edu/cmu/px4/mavsdk/case_study/boundary_runaway/main/model/runbound.stl,2,2
09-26-2022_07-38-36,09-26-2022_07-40-32,PRIORITY - RUNAWAY,FALSE,priority,TRUE,runaway,3,experiments/config/bound_run/randomized_config/config_73.ini,,-9,74,12.71356784,2530,-20,19,3.105527638,618,NaN,NaN,NaN,-99999,99999,NaN,0,3148,15.81909548,-20,-99999,99999,NaN,0,0,0,0,0,50,33,20,1,11,9,2,3,-15,-2,PRIORITY - RUNAWAY,200,src/main/java/edu/cmu/px4/mavsdk/case_study/boundary_runaway/main/model/bound_original.stl,src/main/java/edu/cmu/px4/mavsdk/case_study/boundary_runaway/main/model/run_original.stl,src/main/java/edu/cmu/px4/mavsdk/case_study/boundary_runaway/main/model/runbound.stl,2,2
09-26-2022_07-46-25,09-26-2022_07-48-22,PRIORITY - RUNAWAY,FALSE,priority,TRUE,runaway,4,experiments/config/bound_run/randomized_config/config_74.ini,,-9,50,6.155778894,1225,-35,17,-5.487437186,-1092,NaN,NaN,NaN,-99999,99999,NaN,0,133,0.668341708,-35,-99999,99999,NaN,0,0,0,0,0,61,76,13,4,10,9,5,8,7,-20,PRIORITY - RUNAWAY,200,src/main/java/edu/cmu/px4/mavsdk/case_study/boundary_runaway/main/model/bound_original.stl,src/main/java/edu/cmu/px4/mavsdk/case_study/boundary_runaway/main/model/run_original.stl,src/main/java/edu/cmu/px4/mavsdk/case_study/boundary_runaway/main/model/runbound.stl,2,2
09-26-2022_07-51-08,09-26-2022_07-53-05,PRIORITY - RUNAWAY,FALSE,priority,TRUE,runaway,5,experiments/config/bound_run/randomized_config/config_75.ini,,-9,41,8.391959799,1670,-14,17,1.286432161,256,NaN,NaN,NaN,-99999,99999,NaN,0,1926,9.67839196,-14,-99999,99999,NaN,0,0,0,0,0,46,66,28,5,13,9,8,10,6,-18,PRIORITY - RUNAWAY,200,src/main/java/edu/cmu/px4/mavsdk/case_study/boundary_runaway/main/model/bound_original.stl,src/main/java/edu/cmu/px4/mavsdk/case_study/boundary_runaway/main/model/run_original.stl,src/main/java/edu/cmu/px4/mavsdk/case_study/boundary_runaway/main/model/runbound.stl,2,2
09-26-2022_07-55-57,09-26-2022_07-57-54,PRIORITY - BOUNDARY,FALSE,priority,FALSE,boundary,6,experiments/config/bound_run/randomized_config/config_76.ini,,-10,50,3.884422111,773,-14,19,3.065326633,610,NaN,NaN,NaN,-99999,99999,NaN,0,1383,6.949748744,-14,-99999,99999,NaN,0,0,0,0,0,52,62,29,2,10,9,3,8,-5,-13,PRIORITY - BOUNDARY,200,src/main/java/edu/cmu/px4/mavsdk/case_study/boundary_runaway/main/model/bound_original.stl,src/main/java/edu/cmu/px4/mavsdk/case_study/boundary_runaway/main/model/run_original.stl,src/main/java/edu/cmu/px4/mavsdk/case_study/boundary_runaway/main/model/runbound.stl,2,2
09-26-2022_08-00-45,09-26-2022_08-02-43,PRIORITY - BOUNDARY,FALSE,priority,FALSE,boundary,7,experiments/config/bound_run/randomized_config/config_77.ini,,-9,57,3.477386935,692,-8,18,4.145728643,825,NaN,NaN,NaN,-99999,99999,NaN,0,1517,7.623115578,-9,-99999,99999,NaN,0,0,0,0,0,68,51,29,2,7,9,4,6,20,-9,PRIORITY - BOUNDARY,200,src/main/java/edu/cmu/px4/mavsdk/case_study/boundary_runaway/main/model/bound_original.stl,src/main/java/edu/cmu/px4/mavsdk/case_study/boundary_runaway/main/model/run_original.stl,src/main/java/edu/cmu/px4/mavsdk/case_study/boundary_runaway/main/model/runbound.stl,2,2
09-26-2022_08-13-19,09-26-2022_08-15-16,PRIORITY - BOUNDARY,FALSE,priority,FALSE,boundary,9,experiments/config/bound_run/randomized_config/config_79.ini,,-9,38,11.01507538,2192,-9,17,2.27638191,453,NaN,NaN,NaN,-99999,99999,NaN,0,2645,13.29145729,-9,-99999,99999,NaN,0,0,0,0,0,32,76,24,9,14,9,9,11,0,-19,PRIORITY - BOUNDARY,200,src/main/java/edu/cmu/px4/mavsdk/case_study/boundary_runaway/main/model/bound_original.stl,src/main/java/edu/cmu/px4/mavsdk/case_study/boundary_runaway/main/model/run_original.stl,src/main/java/edu/cmu/px4/mavsdk/case_study/boundary_runaway/main/model/runbound.stl,2,2
09-26-2022_08-25-48,09-26-2022_08-27-45,PRIORITY - BOUNDARY,FALSE,priority,FALSE,boundary,1,experiments/config/bound_run/randomized_config/config_81.ini,,-9,52,6.030150754,1200,-15,18,3.477386935,692,NaN,NaN,NaN,-99999,99999,NaN,0,1892,9.507537689,-15,-99999,99999,NaN,0,0,0,0,0,45,52,22,5,13,9,3,5,-1,5,PRIORITY - BOUNDARY,200,src/main/java/edu/cmu/px4/mavsdk/case_study/boundary_runaway/main/model/bound_original.stl,src/main/java/edu/cmu/px4/mavsdk/case_study/boundary_runaway/main/model/run_original.stl,src/main/java/edu/cmu/px4/mavsdk/case_study/boundary_runaway/main/model/runbound.stl,2,2
09-26-2022_08-46-06,09-26-2022_08-48-02,PRIORITY - BOUNDARY,FALSE,priority,FALSE,boundary,4,experiments/config/bound_run/randomized_config/config_84.ini,,-8,61,8.010050251,1594,-12,18,5.195979899,1034,NaN,NaN,NaN,-99999,99999,NaN,0,2628,13.20603015,-12,-99999,99999,NaN,0,0,0,0,0,49,39,20,1,14,9,2,4,3,0,PRIORITY - BOUNDARY,200,src/main/java/edu/cmu/px4/mavsdk/case_study/boundary_runaway/main/model/bound_original.stl,src/main/java/edu/cmu/px4/mavsdk/case_study/boundary_runaway/main/model/run_original.stl,src/main/java/edu/cmu/px4/mavsdk/case_study/boundary_runaway/main/model/runbound.stl,2,2
09-26-2022_09-06-23,09-26-2022_09-08-19,PRIORITY - BOUNDARY,FALSE,priority,FALSE,boundary,7,experiments/config/bound_run/randomized_config/config_87.ini,,-10,32,6.211055276,1236,-12,15,3.055276382,608,NaN,NaN,NaN,-99999,99999,NaN,0,1844,9.266331658,-12,-99999,99999,NaN,0,0,0,0,0,33,60,24,7,12,9,6,11,13,-4,PRIORITY - BOUNDARY,200,src/main/java/edu/cmu/px4/mavsdk/case_study/boundary_runaway/main/model/bound_original.stl,src/main/java/edu/cmu/px4/mavsdk/case_study/boundary_runaway/main/model/run_original.stl,src/main/java/edu/cmu/px4/mavsdk/case_study/boundary_runaway/main/model/runbound.stl,2,2
09-26-2022_09-11-06,09-26-2022_09-13-04,PRIORITY - BOUNDARY,FALSE,priority,FALSE,boundary,8,experiments/config/bound_run/randomized_config/config_88.ini,,-10,52,2.984924623,594,-10,18,5.24120603,1043,NaN,NaN,NaN,-99999,99999,NaN,0,1637,8.226130653,-10,-99999,99999,NaN,0,0,0,0,0,72,41,30,2,9,9,3,7,9,-12,PRIORITY - BOUNDARY,200,src/main/java/edu/cmu/px4/mavsdk/case_study/boundary_runaway/main/model/bound_original.stl,src/main/java/edu/cmu/px4/mavsdk/case_study/boundary_runaway/main/model/run_original.stl,src/main/java/edu/cmu/px4/mavsdk/case_study/boundary_runaway/main/model/runbound.stl,2,2
09-26-2022_09-15-56,09-26-2022_09-17-53,PRIORITY - BOUNDARY,FALSE,priority,FALSE,boundary,9,experiments/config/bound_run/randomized_config/config_89.ini,,-9,71,5.346733668,1064,-6,18,4.959798995,987,NaN,NaN,NaN,-99999,99999,NaN,0,2051,10.30653266,-9,-99999,99999,NaN,0,0,0,0,0,63,42,23,3,8,9,3,4,10,-14,PRIORITY - BOUNDARY,200,src/main/java/edu/cmu/px4/mavsdk/case_study/boundary_runaway/main/model/bound_original.stl,src/main/java/edu/cmu/px4/mavsdk/case_study/boundary_runaway/main/model/run_original.stl,src/main/java/edu/cmu/px4/mavsdk/case_study/boundary_runaway/main/model/runbound.stl,2,2
09-26-2022_09-20-44,09-26-2022_09-22-41,PRIORITY - BOUNDARY,FALSE,priority,FALSE,boundary,0,experiments/config/bound_run/randomized_config/config_90.ini,,-9,71,6.361809045,1266,-6,19,5.432160804,1081,NaN,NaN,NaN,-99999,99999,NaN,0,2347,11.79396985,-9,-99999,99999,NaN,0,0,0,0,0,67,35,22,1,8,9,2,4,4,-15,PRIORITY - BOUNDARY,200,src/main/java/edu/cmu/px4/mavsdk/case_study/boundary_runaway/main/model/bound_original.stl,src/main/java/edu/cmu/px4/mavsdk/case_study/boundary_runaway/main/model/run_original.stl,src/main/java/edu/cmu/px4/mavsdk/case_study/boundary_runaway/main/model/runbound.stl,2,2
09-26-2022_09-25-33,09-26-2022_09-27-30,PRIORITY - BOUNDARY,FALSE,priority,FALSE,boundary,1,experiments/config/bound_run/randomized_config/config_91.ini,,-7,81,13.15577889,2618,-3,15,4.623115578,920,NaN,NaN,NaN,-99999,99999,NaN,0,3538,17.77889447,-7,-99999,99999,NaN,0,0,0,0,0,68,19,14,2,4,9,1,2,5,-10,PRIORITY - BOUNDARY,200,src/main/java/edu/cmu/px4/mavsdk/case_study/boundary_runaway/main/model/bound_original.stl,src/main/java/edu/cmu/px4/mavsdk/case_study/boundary_runaway/main/model/run_original.stl,src/main/java/edu/cmu/px4/mavsdk/case_study/boundary_runaway/main/model/runbound.stl,2,2
09-26-2022_09-30-19,09-26-2022_09-32-16,PRIORITY - BOUNDARY,FALSE,priority,FALSE,boundary,2,experiments/config/bound_run/randomized_config/config_92.ini,,-10,32,4.331658291,862,-8,16,4.206030151,837,NaN,NaN,NaN,-99999,99999,NaN,0,1699,8.537688442,-10,-99999,99999,NaN,0,0,0,0,0,51,50,31,3,10,9,4,9,11,19,PRIORITY - BOUNDARY,200,src/main/java/edu/cmu/px4/mavsdk/case_study/boundary_runaway/main/model/bound_original.stl,src/main/java/edu/cmu/px4/mavsdk/case_study/boundary_runaway/main/model/run_original.stl,src/main/java/edu/cmu/px4/mavsdk/case_study/boundary_runaway/main/model/runbound.stl,2,2
09-26-2022_09-35-06,09-26-2022_09-37-01,PRIORITY - BOUNDARY,FALSE,priority,FALSE,boundary,3,experiments/config/bound_run/randomized_config/config_93.ini,,-10,41,7.703517588,1533,-14,18,2.492462312,496,NaN,NaN,NaN,-99999,99999,NaN,0,2029,10.1959799,-14,-99999,99999,NaN,0,0,0,0,0,36,74,26,4,12,9,8,11,-5,-15,PRIORITY - BOUNDARY,200,src/main/java/edu/cmu/px4/mavsdk/case_study/boundary_runaway/main/model/bound_original.stl,src/main/java/edu/cmu/px4/mavsdk/case_study/boundary_runaway/main/model/run_original.stl,src/main/java/edu/cmu/px4/mavsdk/case_study/boundary_runaway/main/model/runbound.stl,2,2
09-26-2022_09-39-47,09-26-2022_09-41-44,PRIORITY - BOUNDARY,FALSE,priority,FALSE,boundary,4,experiments/config/bound_run/randomized_config/config_94.ini,,-10,56,5.366834171,1068,-7,17,6.015075377,1197,NaN,NaN,NaN,-99999,99999,NaN,0,2265,11.38190955,-10,-99999,99999,NaN,0,0,0,0,0,72,30,26,1,6,9,2,4,0,11,PRIORITY - BOUNDARY,200,src/main/java/edu/cmu/px4/mavsdk/case_study/boundary_runaway/main/model/bound_original.stl,src/main/java/edu/cmu/px4/mavsdk/case_study/boundary_runaway/main/model/run_original.stl,src/main/java/edu/cmu/px4/mavsdk/case_study/boundary_runaway/main/model/runbound.stl,2,2
09-26-2022_10-00-04,09-26-2022_10-02-01,PRIORITY - BOUNDARY,FALSE,priority,FALSE,boundary,7,experiments/config/bound_run/randomized_config/config_97.ini,,-8,37,11.39698492,2268,-12,18,1.949748744,388,NaN,NaN,NaN,-99999,99999,NaN,0,2656,13.34673366,-12,-99999,99999,NaN,0,0,0,0,0,24,82,22,9,14,9,10,11,-2,3,PRIORITY - BOUNDARY,200,src/main/java/edu/cmu/px4/mavsdk/case_study/boundary_runaway/main/model/bound_original.stl,src/main/java/edu/cmu/px4/mavsdk/case_study/boundary_runaway/main/model/run_original.stl,src/main/java/edu/cmu/px4/mavsdk/case_study/boundary_runaway/main/model/runbound.stl,2,2
09-26-2022_10-04-51,09-26-2022_10-06-48,PRIORITY - BOUNDARY,FALSE,priority,FALSE,boundary,8,experiments/config/bound_run/randomized_config/config_98.ini,,-9,71,11.90954774,2370,-15,19,5.115577889,1018,NaN,NaN,NaN,-99999,99999,NaN,0,3388,17.02512563,-15,-99999,99999,NaN,0,0,0,0,0,44,36,18,1,11,9,2,3,-15,-2,PRIORITY - BOUNDARY,200,src/main/java/edu/cmu/px4/mavsdk/case_study/boundary_runaway/main/model/bound_original.stl,src/main/java/edu/cmu/px4/mavsdk/case_study/boundary_runaway/main/model/run_original.stl,src/main/java/edu/cmu/px4/mavsdk/case_study/boundary_runaway/main/model/runbound.stl,2,2
09-26-2022_10-09-39,09-26-2022_10-11-35,PRIORITY - BOUNDARY,FALSE,priority,FALSE,boundary,9,experiments/config/bound_run/randomized_config/config_99.ini,,-9,51,3.150753769,627,-12,18,2.75879397,549,NaN,NaN,NaN,-99999,99999,NaN,0,1176,5.909547739,-12,-99999,99999,NaN,0,0,0,0,0,59,68,31,1,10,9,5,8,7,-20,PRIORITY - BOUNDARY,200,src/main/java/edu/cmu/px4/mavsdk/case_study/boundary_runaway/main/model/bound_original.stl,src/main/java/edu/cmu/px4/mavsdk/case_study/boundary_runaway/main/model/run_original.stl,src/main/java/edu/cmu/px4/mavsdk/case_study/boundary_runaway/main/model/runbound.stl,2,2