start_time,finish_time,experiment_item,parameter_configuration_number,parameter_configuration_file_name,,,config file number,,stl_requirement,runaway_min_robustness,runaway_max_robustness,runaway_average_robustness,runaway_cumulative_robustness,boundary_min_robustness,boundary_max_robustness,boundary_average_robustness,boundary_cumulative_robustness,average_robustness_sum,avg_resolution_time,avg_cycle_time,resolution_time_percentage,max_runaway_requirement_weakening_parameter,min_runaway_requirement_weakening_parameter,average_runaway_requirement_weakening_parameter,cumulative_runaway_requirement_weakening_parameter,max_boundary_requirement_weakening_parameter,min_boundary_requirement_weakening_parameter,average_boundary_requirement_weakening_parameter,cumulative_boundary_requirement_weakening_parameter,total_resolution_count,resolution_success_count,resolution_failure_count,resolution_success_percentage,runaway_activated_count,boundary_activated_count,follower_caught_ego_count,mission_waypoints_completed_count,EGO_AVOID_SPEED,EGO_BOUND_ENFORCER_SPEED,EGO_DRONE_MAX_SPEED,FOLLOWER_DRONE_MAX_SPEED,EGO_DRONE_START_LOCATION_NORTH,EGO_DRONE_START_LOCATION_EAST,RESOLVER,MAX_EGO_DRONE_CYCLE,STL_BOUNDARY_ORIGINAL_REQUIREMENT_FILE_PATH,STL_RUNAWAY_ORIGINAL_REQUIREMENT_FILE_PATH,MAIN_STL_FILE_FOR_RESOLVER,STL_BOUNDARY_REQUIREMENT_SIGNAL_LENGTH,STL_RUNAWAY_REQUIREMENT_SIGNAL_LENGTH
09-25-2022_16-39-03,09-25-2022_16-41-09,WEAKENING - PRIORITY - RUNAWAY,1,experiments/config/bound,run/randomized,config/config,1,ini,,-8,48,3.974874372,791,-28,19,-1.814070352,-361,2.16080402,0.266972973,0.838864865,31.82550422,5.976090701,0,2.378349621,68.97213901,16.16298826,0,6.295339224,182.5648375,37,29,8,78.37837838,58,57,22,2,10,9,3,8,-5,-13,WEAKENING - PRIORITY - RUNAWAY,200,src/main/java/edu/cmu/px4/mavsdk/case_study/boundary_runaway/main/model/bound_original.stl,src/main/java/edu/cmu/px4/mavsdk/case_study/boundary_runaway/main/model/run_original.stl,src/main/java/edu/cmu/px4/mavsdk/case_study/boundary_runaway/main/model/runbound.stl,2,2
09-25-2022_16-43-50,09-25-2022_16-45-53,WEAKENING - PRIORITY - RUNAWAY,2,experiments/config/bound,run/randomized,config/config,2,ini,,-9,56,3.381909548,673,-20,17,2.24120603,446,5.623115578,0.3132,0.88204,35.50859371,6.994623962,0.431560556,3.292266538,75.72213036,15.37068308,0,3.588346282,82.5319645,25,23,2,92,63,41,24,4,7,9,4,6,20,-9,WEAKENING - PRIORITY - RUNAWAY,200,src/main/java/edu/cmu/px4/mavsdk/case_study/boundary_runaway/main/model/bound_original.stl,src/main/java/edu/cmu/px4/mavsdk/case_study/boundary_runaway/main/model/run_original.stl,src/main/java/edu/cmu/px4/mavsdk/case_study/boundary_runaway/main/model/runbound.stl,2,2
09-25-2022_17-32-09,09-25-2022_17-34-15,WEAKENING - PRIORITY - RUNAWAY,3,experiments/config/bound,run/randomized,config/config,3,ini,,-9,39,4.668341709,929,-24,16,0.804020101,160,5.47236181,0.339846154,0.913615385,37.19794561,5.473842174,0,2.907073167,66.86268283,15.83167609,0,6.376882855,146.6683057,26,23,3,88.46153846,49,51,22,4,8,9,6,7,-7,17,WEAKENING - PRIORITY - RUNAWAY,200,src/main/java/edu/cmu/px4/mavsdk/case_study/boundary_runaway/main/model/bound_original.stl,src/main/java/edu/cmu/px4/mavsdk/case_study/boundary_runaway/main/model/run_original.stl,src/main/java/edu/cmu/px4/mavsdk/case_study/boundary_runaway/main/model/runbound.stl,2,2
09-25-2022_23-31-02,09-25-2022_23-33-02,WEAKENING - PRIORITY - RUNAWAY,4,experiments/config/bound,run/randomized,config/config,4,ini,,-10,36,7.015075377,1396,-8,15,1.507537688,300,8.522613065,0.237789474,0.806315789,29.49086162,4.703328901,0,1.803871407,28.8619425,6.315332085,0,0.769744122,12.31590595,19,16,3,84.21052632,29,66,22,9,14,9,9,11,0,-19,WEAKENING - PRIORITY - RUNAWAY,200,src/main/java/edu/cmu/px4/mavsdk/case_study/boundary_runaway/main/model/bound_original.stl,src/main/java/edu/cmu/px4/mavsdk/case_study/boundary_runaway/main/model/run_original.stl,src/main/java/edu/cmu/px4/mavsdk/case_study/boundary_runaway/main/model/runbound.stl,2,2
09-27-2022_11-26-49,09-27-2022_11-28-49,WEAKENING - PRIORITY - RUNAWAY,5,experiments/config/bound,run/randomized,config/config,5,ini,,-8,47,11.6080402,2310,-19,17,-0.281407035,-56,11.32663317,0.227470588,0.799529412,28.45055915,4.862700258,0,1.64272089,21.35537157,6.906282188,0,1.01461248,13.18996224,17,13,4,76.47058824,17,80,30,9,14,9,11,12,-15,14,WEAKENING - PRIORITY - RUNAWAY,200,src/main/java/edu/cmu/px4/mavsdk/case_study/boundary_runaway/main/model/bound_original.stl,src/main/java/edu/cmu/px4/mavsdk/case_study/boundary_runaway/main/model/run_original.stl,src/main/java/edu/cmu/px4/mavsdk/case_study/boundary_runaway/main/model/runbound.stl,2,2
09-27-2022_12-03-40,09-27-2022_12-05-40,WEAKENING - PRIORITY - RUNAWAY,6,experiments/config/bound,run/randomized,config/config,6,ini,,-8,53,7.08040201,1409,-19,19,3.728643216,742,10.80904523,0.256642857,0.824571429,31.12439362,5.113053436,0,1.288111976,16.74545569,7.742782421,0,1.165355575,15.14962247,14,13,1,92.85714286,48,31,17,1,13,9,3,5,-1,5,WEAKENING - PRIORITY - RUNAWAY,200,src/main/java/edu/cmu/px4/mavsdk/case_study/boundary_runaway/main/model/bound_original.stl,src/main/java/edu/cmu/px4/mavsdk/case_study/boundary_runaway/main/model/run_original.stl,src/main/java/edu/cmu/px4/mavsdk/case_study/boundary_runaway/main/model/runbound.stl,2,2
09-25-2022_23-51-18,09-25-2022_23-53-29,WEAKENING - PRIORITY - RUNAWAY,7,experiments/config/bound,run/randomized,config/config,7,ini,,-9,45,3.381909548,673,-33,12,-3.879396985,-772,-0.497487437,0.269188679,0.848320755,31.73194546,6.631055498,0,2.637877821,100.2393572,14.85458595,0,3.882991083,147.5536611,53,38,15,71.69811321,36,64,14,2,10,9,6,9,-7,-14,WEAKENING - PRIORITY - RUNAWAY,200,src/main/java/edu/cmu/px4/mavsdk/case_study/boundary_runaway/main/model/bound_original.stl,src/main/java/edu/cmu/px4/mavsdk/case_study/boundary_runaway/main/model/run_original.stl,src/main/java/edu/cmu/px4/mavsdk/case_study/boundary_runaway/main/model/runbound.stl,2,2
09-27-2022_12-11-57,09-27-2022_12-14-18,WEAKENING - PRIORITY - RUNAWAY,8,experiments/config/bound,run/randomized,config/config,8,ini,,-9,62,7.899497487,1572,-12,18,4.050251256,806,11.94974874,0.281,0.8489,33.10166097,4.650777216,0,1.555150158,13.99635143,6.41669449,0,1.415078838,12.73570954,10,9,1,90,46,41,13,5,12,9,5,6,11,-18,WEAKENING - PRIORITY - RUNAWAY,200,src/main/java/edu/cmu/px4/mavsdk/case_study/boundary_runaway/main/model/bound_original.stl,src/main/java/edu/cmu/px4/mavsdk/case_study/boundary_runaway/main/model/run_original.stl,src/main/java/edu/cmu/px4/mavsdk/case_study/boundary_runaway/main/model/runbound.stl,2,2
09-27-2022_12-17-28,09-27-2022_12-19-28,WEAKENING - PRIORITY - RUNAWAY,9,experiments/config/bound,run/randomized,config/config,9,ini,,-7,61,9.135678392,1818,-21,17,2.271356784,452,11.40703518,0.314153846,0.887538462,35.39608251,4.576083784,0,1.231922697,16.01499506,10.60230276,0,2.885135068,37.50675588,13,13,0,100,43,35,29,1,14,9,2,4,3,0,WEAKENING - PRIORITY - RUNAWAY,200,src/main/java/edu/cmu/px4/mavsdk/case_study/boundary_runaway/main/model/bound_original.stl,src/main/java/edu/cmu/px4/mavsdk/case_study/boundary_runaway/main/model/run_original.stl,src/main/java/edu/cmu/px4/mavsdk/case_study/boundary_runaway/main/model/runbound.stl,2,2
09-27-2022_12-22-19,09-27-2022_12-24-20,WEAKENING - PRIORITY - RUNAWAY,0,experiments/config/bound,run/randomized,config/config,10,ini,,-9,35,9.844221106,1959,-25,17,-0.412060302,-82,9.432160804,0.228913043,0.804173913,28.46561419,4.632522459,0,1.610143371,24.15215057,8.137560733,0,1.424882049,21.37323074,23,15,8,65.2173913,22,70,32,8,14,9,8,13,-3,7,WEAKENING - PRIORITY - RUNAWAY,200,src/main/java/edu/cmu/px4/mavsdk/case_study/boundary_runaway/main/model/bound_original.stl,src/main/java/edu/cmu/px4/mavsdk/case_study/boundary_runaway/main/model/run_original.stl,src/main/java/edu/cmu/px4/mavsdk/case_study/boundary_runaway/main/model/runbound.stl,2,2
09-27-2022_12-27-41,09-27-2022_12-29-42,WEAKENING - PRIORITY - RUNAWAY,1,experiments/config/bound,run/randomized,config/config,11,ini,,-7,45,9.708542714,1932,-52,15,-1.150753769,-229,8.557788945,0.207652174,0.798217391,26.01448881,4.486147657,0,1.142028799,12.56231679,8.86255155,0,2.527823006,27.80605307,23,11,12,47.82608696,34,77,29,9,14,9,11,12,-16,-15,WEAKENING - PRIORITY - RUNAWAY,200,src/main/java/edu/cmu/px4/mavsdk/case_study/boundary_runaway/main/model/bound_original.stl,src/main/java/edu/cmu/px4/mavsdk/case_study/boundary_runaway/main/model/run_original.stl,src/main/java/edu/cmu/px4/mavsdk/case_study/boundary_runaway/main/model/runbound.stl,2,2
09-27-2022_12-44-08,09-27-2022_12-47-40,WEAKENING - PRIORITY - RUNAWAY,2,experiments/config/bound,run/randomized,config/config,12,ini,,-10,34,8.301507538,1652,-33,19,1.035175879,206,9.336683417,0.218666667,0.802166667,27.25950551,4.860081802,0,2.30288025,20.72592225,9.547306212,0,1.28166709,11.53500381,18,9,9,50,31,53,17,8,12,9,6,11,13,-4,WEAKENING - PRIORITY - RUNAWAY,200,src/main/java/edu/cmu/px4/mavsdk/case_study/boundary_runaway/main/model/bound_original.stl,src/main/java/edu/cmu/px4/mavsdk/case_study/boundary_runaway/main/model/run_original.stl,src/main/java/edu/cmu/px4/mavsdk/case_study/boundary_runaway/main/model/runbound.stl,2,2
09-27-2022_12-54-42,09-27-2022_12-56-46,WEAKENING - PRIORITY - RUNAWAY,3,experiments/config/bound,run/randomized,config/config,13,ini,,-9,52,3.572864322,711,-21,19,1.748743719,348,5.321608041,0.286321429,0.857214286,33.40138322,7.018988672,0,2.905253992,72.6313498,15.31346059,0,4.361766698,109.0441675,28,25,3,89.28571429,54,47,36,2,9,9,3,7,9,-12,WEAKENING - PRIORITY - RUNAWAY,200,src/main/java/edu/cmu/px4/mavsdk/case_study/boundary_runaway/main/model/bound_original.stl,src/main/java/edu/cmu/px4/mavsdk/case_study/boundary_runaway/main/model/run_original.stl,src/main/java/edu/cmu/px4/mavsdk/case_study/boundary_runaway/main/model/runbound.stl,2,2
09-27-2022_12-59-09,09-27-2022_13-01-11,WEAKENING - PRIORITY - RUNAWAY,4,experiments/config/bound,run/randomized,config/config,14,ini,,-8,72,5.457286432,1086,-19,16,3.879396985,772,9.336683417,0.30552381,0.873047619,34.99509109,3.829890494,0,1.869040939,39.24985972,9.016886026,0,1.949664213,40.94294846,21,21,0,100,60,28,29,1,8,9,3,4,10,-14,WEAKENING - PRIORITY - RUNAWAY,200,src/main/java/edu/cmu/px4/mavsdk/case_study/boundary_runaway/main/model/bound_original.stl,src/main/java/edu/cmu/px4/mavsdk/case_study/boundary_runaway/main/model/run_original.stl,src/main/java/edu/cmu/px4/mavsdk/case_study/boundary_runaway/main/model/runbound.stl,2,2
09-27-2022_13-05-16,09-27-2022_13-07-17,WEAKENING - PRIORITY - RUNAWAY,5,experiments/config/bound,run/randomized,config/config,15,ini,,-9,71,6.703517588,1334,-22,19,5.40201005,1075,12.10552764,0.3291875,0.89475,36.79100307,5.270097815,0,2.410842131,38.5734741,12.33050284,0,2.708222801,43.33156482,16,16,0,100,59,27,27,1,8,9,2,4,4,-15,WEAKENING - PRIORITY - RUNAWAY,200,src/main/java/edu/cmu/px4/mavsdk/case_study/boundary_runaway/main/model/bound_original.stl,src/main/java/edu/cmu/px4/mavsdk/case_study/boundary_runaway/main/model/run_original.stl,src/main/java/edu/cmu/px4/mavsdk/case_study/boundary_runaway/main/model/runbound.stl,2,2
09-27-2022_13-10-40,09-27-2022_13-12-40,WEAKENING - PRIORITY - RUNAWAY,6,experiments/config/bound,run/randomized,config/config,16,ini,,-5,77,13.48743719,2684,-5,12,2.683417085,534,16.17085428,0.293909091,0.862454545,34.07821229,3.698575666,0.434314348,1.624085751,17.86494326,2.67699179,0,0.994618681,10.94080549,11,11,0,100,70,10,13,1,4,9,1,2,5,-10,WEAKENING - PRIORITY - RUNAWAY,200,src/main/java/edu/cmu/px4/mavsdk/case_study/boundary_runaway/main/model/bound_original.stl,src/main/java/edu/cmu/px4/mavsdk/case_study/boundary_runaway/main/model/run_original.stl,src/main/java/edu/cmu/px4/mavsdk/case_study/boundary_runaway/main/model/runbound.stl,2,2
09-27-2022_13-22-44,09-27-2022_13-24-50,WEAKENING - PRIORITY - RUNAWAY,7,experiments/config/bound,run/randomized,config/config,17,ini,,-9,32,3.286432161,654,-28,15,-3.110552764,-619,0.175879397,0.275351351,0.847243243,32.499681,5.879761861,0,2.737811872,79.39654429,15.89921127,0,5.706192404,165.4795797,37,29,8,78.37837838,48,67,31,2,10,9,4,9,11,19,WEAKENING - PRIORITY - RUNAWAY,200,src/main/java/edu/cmu/px4/mavsdk/case_study/boundary_runaway/main/model/bound_original.stl,src/main/java/edu/cmu/px4/mavsdk/case_study/boundary_runaway/main/model/run_original.stl,src/main/java/edu/cmu/px4/mavsdk/case_study/boundary_runaway/main/model/runbound.stl,2,2
09-26-2022_01-13-51,09-26-2022_01-15-50,WEAKENING - PRIORITY - RUNAWAY,8,experiments/config/bound,run/randomized,config/config,18,ini,,-10,37,6.618090452,1317,-38,15,0.165829146,33,6.783919598,0.233076923,0.815153846,28.59299802,5.979919779,0,2.80029702,19.60207914,11.34657996,0,1.730685908,12.11480135,13,7,6,53.84615385,35,70,25,7,12,9,8,11,-5,-15,WEAKENING - PRIORITY - RUNAWAY,200,src/main/java/edu/cmu/px4/mavsdk/case_study/boundary_runaway/main/model/bound_original.stl,src/main/java/edu/cmu/px4/mavsdk/case_study/boundary_runaway/main/model/run_original.stl,src/main/java/edu/cmu/px4/mavsdk/case_study/boundary_runaway/main/model/runbound.stl,2,2
09-27-2022_13-28-20,09-27-2022_13-30-24,WEAKENING - PRIORITY - RUNAWAY,9,experiments/config/bound,run/randomized,config/config,19,ini,,-8,54,5.010050251,997,-12,19,5.623115578,1119,10.63316583,0.3557,0.9324,38.14886315,7.418946812,0.947358496,2.788105881,52.97401175,9.564562065,0,3.423506718,65.04662765,20,19,1,95,81,16,24,1,6,9,2,4,0,11,WEAKENING - PRIORITY - RUNAWAY,200,src/main/java/edu/cmu/px4/mavsdk/case_study/boundary_runaway/main/model/bound_original.stl,src/main/java/edu/cmu/px4/mavsdk/case_study/boundary_runaway/main/model/run_original.stl,src/main/java/edu/cmu/px4/mavsdk/case_study/boundary_runaway/main/model/runbound.stl,2,2
09-27-2022_13-32-54,09-27-2022_13-34-52,WEAKENING - PRIORITY - RUNAWAY,0,experiments/config/bound,run/randomized,config/config,20,ini,,-10,38,7.201005025,1433,-11,15,3.231155779,643,10.4321608,0.212,0.7951,26.66331279,3.948677713,0,1.355355218,6.776776092,2.769333764,0,0.94802858,4.7401429,10,5,5,50,40,56,32,8,12,9,7,10,18,-12,WEAKENING - PRIORITY - RUNAWAY,200,src/main/java/edu/cmu/px4/mavsdk/case_study/boundary_runaway/main/model/bound_original.stl,src/main/java/edu/cmu/px4/mavsdk/case_study/boundary_runaway/main/model/run_original.stl,src/main/java/edu/cmu/px4/mavsdk/case_study/boundary_runaway/main/model/runbound.stl,2,2
09-27-2022_13-37-40,09-27-2022_13-39-36,WEAKENING - PRIORITY - RUNAWAY,1,experiments/config/bound,run/randomized,config/config,21,ini,,-9,76,4.48241206,892,-4,18,12.28643216,2445,16.76884422,0.268666667,0.834666667,32.1884984,6.52088439,1.014748099,3.098351748,9.295055245,2.336874362,0,0.778958121,2.336874362,3,3,0,100,131,8,45,0,5,9,1,3,-5,-15,WEAKENING - PRIORITY - RUNAWAY,200,src/main/java/edu/cmu/px4/mavsdk/case_study/boundary_runaway/main/model/bound_original.stl,src/main/java/edu/cmu/px4/mavsdk/case_study/boundary_runaway/main/model/run_original.stl,src/main/java/edu/cmu/px4/mavsdk/case_study/boundary_runaway/main/model/runbound.stl,2,2
09-27-2022_13-42-39,09-27-2022_13-44-40,WEAKENING - PRIORITY - RUNAWAY,2,experiments/config/bound,run/randomized,config/config,22,ini,,-9,36,10.56281407,2102,-37,17,-1.874371859,-373,8.688442211,0.238952381,0.817714286,29.22198928,5.912805115,0,1.83491383,27.52370746,11.97048187,0,2.744970067,41.174551,21,15,6,71.42857143,22,81,33,6,14,9,10,11,-2,3,WEAKENING - PRIORITY - RUNAWAY,200,src/main/java/edu/cmu/px4/mavsdk/case_study/boundary_runaway/main/model/bound_original.stl,src/main/java/edu/cmu/px4/mavsdk/case_study/boundary_runaway/main/model/run_original.stl,src/main/java/edu/cmu/px4/mavsdk/case_study/boundary_runaway/main/model/runbound.stl,2,2
09-27-2022_14-20-05,09-27-2022_14-22-04,WEAKENING - PRIORITY - RUNAWAY,3,experiments/config/bound,run/randomized,config/config,23,ini,,-8,74,13.11557789,2610,-18,17,4.462311558,888,17.57788945,0.45125,1.028,43.8959144,2.804580635,0.067506429,1.465503563,5.86201425,4.435084181,0,1.817497545,7.26999018,4,4,0,100,40,30,28,2,11,9,2,3,-15,-2,WEAKENING - PRIORITY - RUNAWAY,200,src/main/java/edu/cmu/px4/mavsdk/case_study/boundary_runaway/main/model/bound_original.stl,src/main/java/edu/cmu/px4/mavsdk/case_study/boundary_runaway/main/model/run_original.stl,src/main/java/edu/cmu/px4/mavsdk/case_study/boundary_runaway/main/model/runbound.stl,2,2
09-26-2022_01-57-25,09-26-2022_01-59-31,WEAKENING - PRIORITY - RUNAWAY,4,experiments/config/bound,run/randomized,config/config,24,ini,,-9,50,3.130653266,623,-22,16,-1.48241206,-295,1.648241206,0.2507,0.82495,30.38972059,6.054908373,0,2.389048724,59.72621809,14.60095225,0,3.633314968,90.83287421,40,25,15,62.5,55,60,16,2,10,9,5,8,7,-20,WEAKENING - PRIORITY - RUNAWAY,200,src/main/java/edu/cmu/px4/mavsdk/case_study/boundary_runaway/main/model/bound_original.stl,src/main/java/edu/cmu/px4/mavsdk/case_study/boundary_runaway/main/model/run_original.stl,src/main/java/edu/cmu/px4/mavsdk/case_study/boundary_runaway/main/model/runbound.stl,2,2
09-27-2022_14-38-08,09-27-2022_14-40-08,WEAKENING - PRIORITY - RUNAWAY,5,experiments/config/bound,run/randomized,config/config,25,ini,,-9,41,7.381909548,1469,-15,17,1.914572864,381,9.296482412,0.295928571,0.868928571,34.0567201,2.949293623,0,1.418699713,14.18699713,4.544729288,0,0.880089106,8.800891058,14,10,4,71.42857143,43,66,38,6,13,9,8,10,6,-18,WEAKENING - PRIORITY - RUNAWAY,200,src/main/java/edu/cmu/px4/mavsdk/case_study/boundary_runaway/main/model/bound_original.stl,src/main/java/edu/cmu/px4/mavsdk/case_study/boundary_runaway/main/model/run_original.stl,src/main/java/edu/cmu/px4/mavsdk/case_study/boundary_runaway/main/model/runbound.stl,2,2
09-27-2022_15-37-16,09-27-2022_15-39-19,WEAKENING - PRIORITY - BOUNDARY,6,experiments/config/bound,run/randomized,config/config,26,ini,,-10,49,3.552763819,707,-19,16,1.683417085,335,5.236180904,0.334782609,0.905434783,36.97478992,6.305667342,0,2.634475738,42.15161181,9.538344753,0,1.428648878,22.85838204,23,16,7,69.56521739,49,47,43,3,10,9,3,8,-5,-13,WEAKENING - PRIORITY - BOUNDARY,200,src/main/java/edu/cmu/px4/mavsdk/case_study/boundary_runaway/main/model/bound_original.stl,src/main/java/edu/cmu/px4/mavsdk/case_study/boundary_runaway/main/model/run_original.stl,src/main/java/edu/cmu/px4/mavsdk/case_study/boundary_runaway/main/model/runbound.stl,2,2
09-27-2022_15-42-23,09-27-2022_15-44-29,WEAKENING - PRIORITY - BOUNDARY,7,experiments/config/bound,run/randomized,config/config,27,ini,,-9,57,3.879396985,772,-23,14,0.693467337,138,4.572864322,0.365103448,0.932241379,39.16404661,6.228453656,0,3.062482204,73.49957289,15.30588049,0,5.258116083,126.194786,29,24,5,82.75862069,55,44,11,3,7,9,4,6,20,-9,WEAKENING - PRIORITY - BOUNDARY,200,src/main/java/edu/cmu/px4/mavsdk/case_study/boundary_runaway/main/model/bound_original.stl,src/main/java/edu/cmu/px4/mavsdk/case_study/boundary_runaway/main/model/run_original.stl,src/main/java/edu/cmu/px4/mavsdk/case_study/boundary_runaway/main/model/runbound.stl,2,2
09-27-2022_15-47-42,09-27-2022_15-49-43,WEAKENING - PRIORITY - BOUNDARY,8,experiments/config/bound,run/randomized,config/config,28,ini,,-9,44,4.673366834,930,-17,17,2.869346734,571,7.542713568,0.314352941,0.885764706,35.48944083,6.90607672,0.47322842,2.980354351,41.72496091,12.91219853,0,4.007401622,56.10362271,17,14,3,82.35294118,55,46,34,5,8,9,6,7,-7,17,WEAKENING - PRIORITY - BOUNDARY,200,src/main/java/edu/cmu/px4/mavsdk/case_study/boundary_runaway/main/model/bound_original.stl,src/main/java/edu/cmu/px4/mavsdk/case_study/boundary_runaway/main/model/run_original.stl,src/main/java/edu/cmu/px4/mavsdk/case_study/boundary_runaway/main/model/runbound.stl,2,2
09-27-2022_15-52-28,09-27-2022_15-54-27,WEAKENING - PRIORITY - BOUNDARY,9,experiments/config/bound,run/randomized,config/config,29,ini,,-9,39,6.095477387,1213,-21,16,0.688442211,137,6.783919598,0.3155,0.885357143,35.63533683,3.891997942,0,1.220847143,15.87101286,12.44308725,0,3.437450726,44.68685943,14,13,1,92.85714286,36,74,38,4,14,9,9,11,0,-19,WEAKENING - PRIORITY - BOUNDARY,200,src/main/java/edu/cmu/px4/mavsdk/case_study/boundary_runaway/main/model/bound_original.stl,src/main/java/edu/cmu/px4/mavsdk/case_study/boundary_runaway/main/model/run_original.stl,src/main/java/edu/cmu/px4/mavsdk/case_study/boundary_runaway/main/model/runbound.stl,2,2
09-27-2022_16-10-01,09-27-2022_16-12-04,WEAKENING - PRIORITY - BOUNDARY,0,experiments/config/bound,run/randomized,config/config,30,ini,,-10,37,11.94472362,2377,-24,17,-1.286432161,-256,10.65829146,0.310947368,0.887421053,35.03944013,5.134527784,0,1.702602281,27.2416365,8.659043968,0,2.36146101,37.78337616,19,16,3,84.21052632,9,87,30,10,14,9,11,12,-15,14,WEAKENING - PRIORITY - BOUNDARY,200,src/main/java/edu/cmu/px4/mavsdk/case_study/boundary_runaway/main/model/bound_original.stl,src/main/java/edu/cmu/px4/mavsdk/case_study/boundary_runaway/main/model/run_original.stl,src/main/java/edu/cmu/px4/mavsdk/case_study/boundary_runaway/main/model/runbound.stl,2,2
09-27-2022_16-14-17,09-27-2022_16-16-20,WEAKENING - PRIORITY - BOUNDARY,1,experiments/config/bound,run/randomized,config/config,31,ini,,-8,53,6.879396985,1369,-23,19,1.165829146,232,8.045226131,0.332166667,0.908555556,36.55986303,5.588180717,0,1.213934774,20.63689117,10.48792394,0,2.464146697,41.89049385,18,17,1,94.44444444,41,44,30,3,13,9,3,5,-1,5,WEAKENING - PRIORITY - BOUNDARY,200,src/main/java/edu/cmu/px4/mavsdk/case_study/boundary_runaway/main/model/bound_original.stl,src/main/java/edu/cmu/px4/mavsdk/case_study/boundary_runaway/main/model/run_original.stl,src/main/java/edu/cmu/px4/mavsdk/case_study/boundary_runaway/main/model/runbound.stl,2,2
09-26-2022_02-56-34,09-26-2022_02-58-38,WEAKENING - PRIORITY - BOUNDARY,2,experiments/config/bound,run/randomized,config/config,32,ini,,-9,58,5.331658291,1061,-17,16,0.708542714,141,6.040201005,0.267586207,0.842827586,31.74862941,6.088943429,0,2.787063534,64.10246128,11.74607611,0,2.18495911,50.25405954,29,23,6,79.31034483,29,60,24,4,10,9,6,9,-7,-14,WEAKENING - PRIORITY - BOUNDARY,200,src/main/java/edu/cmu/px4/mavsdk/case_study/boundary_runaway/main/model/bound_original.stl,src/main/java/edu/cmu/px4/mavsdk/case_study/boundary_runaway/main/model/run_original.stl,src/main/java/edu/cmu/px4/mavsdk/case_study/boundary_runaway/main/model/runbound.stl,2,2
09-27-2022_16-18-35,09-27-2022_16-20-35,WEAKENING - PRIORITY - BOUNDARY,3,experiments/config/bound,run/randomized,config/config,33,ini,,-10,61,6.005025126,1195,-13,19,3.83919598,764,9.844221106,0.326,0.895636364,36.39870077,5.048530867,0,1.807005203,18.07005203,6.237404826,0,1.053624745,10.53624745,11,10,1,90.90909091,48,46,35,3,12,9,5,6,11,-18,WEAKENING - PRIORITY - BOUNDARY,200,src/main/java/edu/cmu/px4/mavsdk/case_study/boundary_runaway/main/model/bound_original.stl,src/main/java/edu/cmu/px4/mavsdk/case_study/boundary_runaway/main/model/run_original.stl,src/main/java/edu/cmu/px4/mavsdk/case_study/boundary_runaway/main/model/runbound.stl,2,2
09-27-2022_16-22-51,09-27-2022_16-24-50,WEAKENING - PRIORITY - BOUNDARY,4,experiments/config/bound,run/randomized,config/config,34,ini,,-8,62,9.271356784,1845,-19,19,4.703517588,936,13.97487437,0.321857143,0.890571429,36.14051973,1.732351613,0,0.603364041,3.620184244,6.831809625,0,1.881064313,11.28638588,7,6,1,85.71428571,46,40,29,2,14,9,2,4,3,0,WEAKENING - PRIORITY - BOUNDARY,200,src/main/java/edu/cmu/px4/mavsdk/case_study/boundary_runaway/main/model/bound_original.stl,src/main/java/edu/cmu/px4/mavsdk/case_study/boundary_runaway/main/model/run_original.stl,src/main/java/edu/cmu/px4/mavsdk/case_study/boundary_runaway/main/model/runbound.stl,2,2
09-27-2022_16-27-06,09-27-2022_16-29-08,WEAKENING - PRIORITY - BOUNDARY,5,experiments/config/bound,run/randomized,config/config,35,ini,,-9,33,7.683417085,1529,-18,17,0.994974874,198,8.678391959,0.246333333,0.818722222,30.08753478,4.823976858,0,1.776510449,19.54161494,5.620123382,0,1.658687247,18.24555972,18,11,7,61.11111111,34,71,19,5,14,9,8,13,-3,7,WEAKENING - PRIORITY - BOUNDARY,200,src/main/java/edu/cmu/px4/mavsdk/case_study/boundary_runaway/main/model/bound_original.stl,src/main/java/edu/cmu/px4/mavsdk/case_study/boundary_runaway/main/model/run_original.stl,src/main/java/edu/cmu/px4/mavsdk/case_study/boundary_runaway/main/model/runbound.stl,2,2
09-27-2022_16-43-03,09-27-2022_16-45-04,WEAKENING - PRIORITY - BOUNDARY,6,experiments/config/bound,run/randomized,config/config,36,ini,,-9,41,9.979899497,1986,-20,17,0.522613065,104,10.50251256,0.273823529,0.842705882,32.4933687,5.027246381,0,1.696321996,23.74850794,12.26296994,0,2.236023552,31.30432973,17,14,3,82.35294118,25,80,37,5,14,9,11,12,-16,-15,WEAKENING - PRIORITY - BOUNDARY,200,src/main/java/edu/cmu/px4/mavsdk/case_study/boundary_runaway/main/model/bound_original.stl,src/main/java/edu/cmu/px4/mavsdk/case_study/boundary_runaway/main/model/run_original.stl,src/main/java/edu/cmu/px4/mavsdk/case_study/boundary_runaway/main/model/runbound.stl,2,2
09-27-2022_16-47-20,09-27-2022_16-49-18,WEAKENING - PRIORITY - BOUNDARY,7,experiments/config/bound,run/randomized,config/config,37,ini,,-8,33,6.015075377,1197,-8,18,4.467336683,889,10.48241206,0.258428571,0.830857143,31.10385144,3.104082506,0,0.961036708,3.844146831,1.188897993,0,0.297224498,1.188897993,7,4,3,57.14285714,48,45,37,4,12,9,6,11,13,-4,WEAKENING - PRIORITY - BOUNDARY,200,src/main/java/edu/cmu/px4/mavsdk/case_study/boundary_runaway/main/model/bound_original.stl,src/main/java/edu/cmu/px4/mavsdk/case_study/boundary_runaway/main/model/run_original.stl,src/main/java/edu/cmu/px4/mavsdk/case_study/boundary_runaway/main/model/runbound.stl,2,2
09-27-2022_16-51-36,09-27-2022_16-53-38,WEAKENING - PRIORITY - BOUNDARY,8,experiments/config/bound,run/randomized,config/config,38,ini,,-9,52,3.542713568,705,-23,19,3.095477387,616,6.638190955,0.271,0.840941176,32.22579743,6.083121092,0,3.391742518,37.3091677,6.377606641,0,2.739688427,30.13657269,17,11,6,64.70588235,64,44,37,1,9,9,3,7,9,-12,WEAKENING - PRIORITY - BOUNDARY,200,src/main/java/edu/cmu/px4/mavsdk/case_study/boundary_runaway/main/model/bound_original.stl,src/main/java/edu/cmu/px4/mavsdk/case_study/boundary_runaway/main/model/run_original.stl,src/main/java/edu/cmu/px4/mavsdk/case_study/boundary_runaway/main/model/runbound.stl,2,2
09-27-2022_19-11-05,09-27-2022_19-13-07,WEAKENING - PRIORITY - BOUNDARY,9,experiments/config/bound,run/randomized,config/config,39,ini,,-9,72,5.507537688,1096,-12,18,3.949748744,786,9.457286432,0.3450625,0.912,37.83580044,5.082037447,0,2.269568649,36.31309838,7.859311548,0,1.987882073,31.80611318,16,16,0,100,61,25,31,2,8,9,3,4,10,-14,WEAKENING - PRIORITY - BOUNDARY,200,src/main/java/edu/cmu/px4/mavsdk/case_study/boundary_runaway/main/model/bound_original.stl,src/main/java/edu/cmu/px4/mavsdk/case_study/boundary_runaway/main/model/run_original.stl,src/main/java/edu/cmu/px4/mavsdk/case_study/boundary_runaway/main/model/runbound.stl,2,2
09-27-2022_19-15-20,09-27-2022_19-17-20,WEAKENING - PRIORITY - BOUNDARY,0,experiments/config/bound,run/randomized,config/config,40,ini,,-9,70,6.653266332,1324,-12,18,3.653266332,727,10.30653266,0.290363636,0.856545455,33.89938442,3.866531906,0,1.942046918,17.47842226,8.618172823,0,2.536472566,22.8282531,11,9,2,81.81818182,63,31,30,1,8,9,2,4,4,-15,WEAKENING - PRIORITY - BOUNDARY,200,src/main/java/edu/cmu/px4/mavsdk/case_study/boundary_runaway/main/model/bound_original.stl,src/main/java/edu/cmu/px4/mavsdk/case_study/boundary_runaway/main/model/run_original.stl,src/main/java/edu/cmu/px4/mavsdk/case_study/boundary_runaway/main/model/runbound.stl,2,2
09-27-2022_19-19-31,09-27-2022_19-21-30,WEAKENING - PRIORITY - BOUNDARY,1,experiments/config/bound,run/randomized,config/config,41,ini,,-8,76,12.98492462,2584,-10,16,3.959798995,788,16.94472362,0.2975,0.867375,34.29889033,6.808891265,0,1.868653793,14.94923034,6.209592299,0,1.395175571,11.16140456,8,8,0,100,69,13,25,1,4,9,1,2,5,-10,WEAKENING - PRIORITY - BOUNDARY,200,src/main/java/edu/cmu/px4/mavsdk/case_study/boundary_runaway/main/model/bound_original.stl,src/main/java/edu/cmu/px4/mavsdk/case_study/boundary_runaway/main/model/run_original.stl,src/main/java/edu/cmu/px4/mavsdk/case_study/boundary_runaway/main/model/runbound.stl,2,2
09-26-2022_04-11-15,09-26-2022_04-13-22,WEAKENING - PRIORITY - BOUNDARY,2,experiments/config/bound,run/randomized,config/config,42,ini,,-9,32,2.75879397,549,-26,17,-0.663316583,-132,2.095477387,0.282,0.856051282,32.94195172,5.57076335,0,3.056324251,88.63340329,15.6104996,0,4.037718605,117.0938396,39,29,10,74.35897436,42,60,24,4,10,9,4,9,11,19,WEAKENING - PRIORITY - BOUNDARY,200,src/main/java/edu/cmu/px4/mavsdk/case_study/boundary_runaway/main/model/bound_original.stl,src/main/java/edu/cmu/px4/mavsdk/case_study/boundary_runaway/main/model/run_original.stl,src/main/java/edu/cmu/px4/mavsdk/case_study/boundary_runaway/main/model/runbound.stl,2,2
09-27-2022_19-23-43,09-27-2022_19-25-44,WEAKENING - PRIORITY - BOUNDARY,3,experiments/config/bound,run/randomized,config/config,43,ini,,-10,41,7.251256281,1443,-21,16,1.281407035,255,8.532663316,0.258111111,0.830166667,31.09148096,4.5701313,0,2.62257839,36.71609746,13.48573142,0,2.426826577,33.97557208,18,14,4,77.77777778,33,66,40,6,12,9,8,11,-5,-15,WEAKENING - PRIORITY - BOUNDARY,200,src/main/java/edu/cmu/px4/mavsdk/case_study/boundary_runaway/main/model/bound_original.stl,src/main/java/edu/cmu/px4/mavsdk/case_study/boundary_runaway/main/model/run_original.stl,src/main/java/edu/cmu/px4/mavsdk/case_study/boundary_runaway/main/model/runbound.stl,2,2
09-26-2022_04-23-51,09-26-2022_04-25-56,WEAKENING - PRIORITY - BOUNDARY,4,experiments/config/bound,run/randomized,config/config,44,ini,,-8,56,5.814070352,1157,-19,17,3.793969849,755,9.608040201,0.351714286,0.928428571,37.88275119,7.303255641,0,3.19416594,63.88331879,15.068856,0,3.686145597,73.72291193,21,20,1,95.23809524,64,31,21,2,6,9,2,4,0,11,WEAKENING - PRIORITY - BOUNDARY,200,src/main/java/edu/cmu/px4/mavsdk/case_study/boundary_runaway/main/model/bound_original.stl,src/main/java/edu/cmu/px4/mavsdk/case_study/boundary_runaway/main/model/run_original.stl,src/main/java/edu/cmu/px4/mavsdk/case_study/boundary_runaway/main/model/runbound.stl,2,2
09-27-2022_19-34-37,09-27-2022_19-37-03,WEAKENING - PRIORITY - BOUNDARY,6,experiments/config/bound,run/randomized,config/config,46,ini,,-9,76,6.331658291,1260,-6,18,1.251256281,249,7.582914572,0.375407895,0.951736842,39.44450589,6.863452047,1.980045588,6.453551291,451.7485903,5.34420768,0,4.332359593,303.2651715,76,70,6,92.10526316,42,30,38,1,5,9,1,3,-5,-15,WEAKENING - PRIORITY - BOUNDARY,200,src/main/java/edu/cmu/px4/mavsdk/case_study/boundary_runaway/main/model/bound_original.stl,src/main/java/edu/cmu/px4/mavsdk/case_study/boundary_runaway/main/model/run_original.stl,src/main/java/edu/cmu/px4/mavsdk/case_study/boundary_runaway/main/model/runbound.stl,2,2
09-27-2022_19-39-13,09-27-2022_19-41-12,WEAKENING - PRIORITY - BOUNDARY,7,experiments/config/bound,run/randomized,config/config,47,ini,,-9,37,8.165829146,1625,-10,18,1.346733668,268,9.512562814,0.243857143,0.810142857,30.10051137,4.789873183,0,1.157415767,13.8889892,3.496622904,0,0.469072173,5.62886608,14,12,2,85.71428571,27,73,34,5,14,9,10,11,-2,3,WEAKENING - PRIORITY - BOUNDARY,200,src/main/java/edu/cmu/px4/mavsdk/case_study/boundary_runaway/main/model/bound_original.stl,src/main/java/edu/cmu/px4/mavsdk/case_study/boundary_runaway/main/model/run_original.stl,src/main/java/edu/cmu/px4/mavsdk/case_study/boundary_runaway/main/model/runbound.stl,2,2
09-26-2022_04-51-59,09-26-2022_04-53-58,WEAKENING - PRIORITY - BOUNDARY,8,experiments/config/bound,run/randomized,config/config,48,ini,,-8,70,12.85929648,2559,-11,19,5.331658291,1061,18.19095477,0.365428571,0.941428571,38.81638847,3.211565414,0,0.978828986,6.8518029,4.788411696,0,1.288696242,9.020873696,7,7,0,100,43,26,20,1,11,9,2,3,-15,-2,WEAKENING - PRIORITY - BOUNDARY,200,src/main/java/edu/cmu/px4/mavsdk/case_study/boundary_runaway/main/model/bound_original.stl,src/main/java/edu/cmu/px4/mavsdk/case_study/boundary_runaway/main/model/run_original.stl,src/main/java/edu/cmu/px4/mavsdk/case_study/boundary_runaway/main/model/runbound.stl,2,2
09-27-2022_19-43-25,09-27-2022_19-45-29,WEAKENING - PRIORITY - BOUNDARY,9,experiments/config/bound,run/randomized,config/config,49,ini,,-9,51,3.658291457,728,-20,19,1.346733668,268,5.005025125,0.280857143,0.857464286,32.75438377,4.950488454,0,2.353825755,51.78416661,14.40489323,0,4.480149168,98.5632817,28,22,6,78.57142857,40,60,37,2,10,9,5,8,7,-20,WEAKENING - PRIORITY - BOUNDARY,200,src/main/java/edu/cmu/px4/mavsdk/case_study/boundary_runaway/main/model/bound_original.stl,src/main/java/edu/cmu/px4/mavsdk/case_study/boundary_runaway/main/model/run_original.stl,src/main/java/edu/cmu/px4/mavsdk/case_study/boundary_runaway/main/model/runbound.stl,2,2
09-26-2022_05-04-31,09-26-2022_05-06-31,WEAKENING - PRIORITY - BOUNDARY,0,experiments/config/bound,run/randomized,config/config,50,ini,,-9,41,7.226130653,1438,-15,17,1.743718593,347,8.969849246,0.290272727,0.86,33.75264271,4.257830427,0,1.774734678,17.74734678,5.570656333,0,0.910090939,9.100909391,11,10,1,90.90909091,39,69,29,4,13,9,8,10,6,-18,WEAKENING - PRIORITY - BOUNDARY,200,src/main/java/edu/cmu/px4/mavsdk/case_study/boundary_runaway/main/model/bound_original.stl,src/main/java/edu/cmu/px4/mavsdk/case_study/boundary_runaway/main/model/run_original.stl,src/main/java/edu/cmu/px4/mavsdk/case_study/boundary_runaway/main/model/runbound.stl,2,2
09-26-2022_05-09-17,09-26-2022_05-11-13,PRIORITY - RUNAWAY,1,experiments/config/bound,run/randomized,config/config,51,ini,,-10,63,5.557788945,1106,-36,15,-2.417085427,-481,3.140703518,NaN,NaN,NaN,-99999,99999,NaN,0,-99999,99999,NaN,0,0,0,0,0,75,61,26,2,10,9,3,8,-5,-13,PRIORITY - RUNAWAY,200,src/main/java/edu/cmu/px4/mavsdk/case_study/boundary_runaway/main/model/bound_original.stl,src/main/java/edu/cmu/px4/mavsdk/case_study/boundary_runaway/main/model/run_original.stl,src/main/java/edu/cmu/px4/mavsdk/case_study/boundary_runaway/main/model/runbound.stl,2,2
09-27-2022_20-04-43,09-27-2022_20-06-39,PRIORITY - RUNAWAY,2,experiments/config/bound,run/randomized,config/config,52,ini,,-9,59,3.718592965,740,-33,13,-4.603015075,-916,-0.88442211,NaN,NaN,NaN,-99999,99999,NaN,0,-99999,99999,NaN,0,0,0,0,0,83,63,32,1,7,9,4,6,20,-9,PRIORITY - RUNAWAY,200,src/main/java/edu/cmu/px4/mavsdk/case_study/boundary_runaway/main/model/bound_original.stl,src/main/java/edu/cmu/px4/mavsdk/case_study/boundary_runaway/main/model/run_original.stl,src/main/java/edu/cmu/px4/mavsdk/case_study/boundary_runaway/main/model/runbound.stl,2,2
09-27-2022_19-54-20,09-27-2022_19-56-16,PRIORITY - RUNAWAY,3,experiments/config/bound,run/randomized,config/config,53,ini,,-10,42,5.145728643,1024,-74,19,-11.15075377,-2219,-6.005025127,NaN,NaN,NaN,-99999,99999,NaN,0,-99999,99999,NaN,0,0,0,0,0,84,60,30,2,8,9,6,7,-7,17,PRIORITY - RUNAWAY,200,src/main/java/edu/cmu/px4/mavsdk/case_study/boundary_runaway/main/model/bound_original.stl,src/main/java/edu/cmu/px4/mavsdk/case_study/boundary_runaway/main/model/run_original.stl,src/main/java/edu/cmu/px4/mavsdk/case_study/boundary_runaway/main/model/runbound.stl,2,2
09-27-2022_20-53-16,09-27-2022_20-55-12,PRIORITY - RUNAWAY,4,experiments/config/bound,run/randomized,config/config,54,ini,,-10,38,6.849246231,1363,-66,18,-5.442211055,-1083,1.407035176,NaN,NaN,NaN,-99999,99999,NaN,0,-99999,99999,NaN,0,0,0,0,0,56,70,29,6,14,9,9,11,0,-19,PRIORITY - RUNAWAY,200,src/main/java/edu/cmu/px4/mavsdk/case_study/boundary_runaway/main/model/bound_original.stl,src/main/java/edu/cmu/px4/mavsdk/case_study/boundary_runaway/main/model/run_original.stl,src/main/java/edu/cmu/px4/mavsdk/case_study/boundary_runaway/main/model/runbound.stl,2,2
09-27-2022_20-22-25,09-27-2022_20-24-21,PRIORITY - RUNAWAY,5,experiments/config/bound,run/randomized,config/config,55,ini,,-9,37,11.22110553,2233,-22,16,-1.175879397,-234,10.04522613,NaN,NaN,NaN,-99999,99999,NaN,0,-99999,99999,NaN,0,0,0,0,0,37,80,29,10,14,9,11,12,-15,14,PRIORITY - RUNAWAY,200,src/main/java/edu/cmu/px4/mavsdk/case_study/boundary_runaway/main/model/bound_original.stl,src/main/java/edu/cmu/px4/mavsdk/case_study/boundary_runaway/main/model/run_original.stl,src/main/java/edu/cmu/px4/mavsdk/case_study/boundary_runaway/main/model/runbound.stl,2,2
09-27-2022_20-32-19,09-27-2022_20-34-15,PRIORITY - RUNAWAY,7,experiments/config/bound,run/randomized,config/config,56,ini,,-10,59,5.718592965,1138,-71,16,-5.618090452,-1118,0.100502513,NaN,NaN,NaN,-99999,99999,NaN,0,-99999,99999,NaN,0,0,0,0,0,58,64,32,5,10,9,6,9,-7,-14,PRIORITY - RUNAWAY,200,src/main/java/edu/cmu/px4/mavsdk/case_study/boundary_runaway/main/model/bound_original.stl,src/main/java/edu/cmu/px4/mavsdk/case_study/boundary_runaway/main/model/run_original.stl,src/main/java/edu/cmu/px4/mavsdk/case_study/boundary_runaway/main/model/runbound.stl,2,2
09-27-2022_20-36-21,09-27-2022_20-38-17,PRIORITY - RUNAWAY,8,experiments/config/bound,run/randomized,config/config,57,ini,,-8,62,5.286432161,1052,-27,17,0.603015075,120,5.889447236,NaN,NaN,NaN,-99999,99999,NaN,0,-99999,99999,NaN,0,0,0,0,0,57,62,27,7,12,9,5,6,11,-18,PRIORITY - RUNAWAY,200,src/main/java/edu/cmu/px4/mavsdk/case_study/boundary_runaway/main/model/bound_original.stl,src/main/java/edu/cmu/px4/mavsdk/case_study/boundary_runaway/main/model/run_original.stl,src/main/java/edu/cmu/px4/mavsdk/case_study/boundary_runaway/main/model/runbound.stl,2,2
09-27-2022_20-40-22,09-27-2022_20-42-18,PRIORITY - RUNAWAY,1,experiments/config/bound,run/randomized,config/config,58,ini,,-9,47,10.2160804,2033,-19,11,-2.246231156,-447,7.969849244,NaN,NaN,NaN,-99999,99999,NaN,0,-99999,99999,NaN,0,0,0,0,0,34,87,31,10,14,9,11,12,-16,-15,PRIORITY - RUNAWAY,200,src/main/java/edu/cmu/px4/mavsdk/case_study/boundary_runaway/main/model/bound_original.stl,src/main/java/edu/cmu/px4/mavsdk/case_study/boundary_runaway/main/model/run_original.stl,src/main/java/edu/cmu/px4/mavsdk/case_study/boundary_runaway/main/model/runbound.stl,2,2
09-27-2022_20-44-22,09-27-2022_20-46-18,PRIORITY - RUNAWAY,4,experiments/config/bound,run/randomized,config/config,59,ini,,-9,72,6.155778894,1225,-20,18,1.502512563,299,7.658291457,NaN,NaN,NaN,-99999,99999,NaN,0,-99999,99999,NaN,0,0,0,0,0,74,42,29,1,8,9,3,4,10,-14,PRIORITY - RUNAWAY,200,src/main/java/edu/cmu/px4/mavsdk/case_study/boundary_runaway/main/model/bound_original.stl,src/main/java/edu/cmu/px4/mavsdk/case_study/boundary_runaway/main/model/run_original.stl,src/main/java/edu/cmu/px4/mavsdk/case_study/boundary_runaway/main/model/runbound.stl,2,2
09-27-2022_21-02-39,09-27-2022_21-04-35,PRIORITY - RUNAWAY,6,experiments/config/bound,run/randomized,config/config,60,ini,,-8,53,6.457286432,1285,-14,19,3.366834171,670,9.824120603,NaN,NaN,NaN,-99999,99999,NaN,0,-99999,99999,NaN,0,0,0,0,0,67,45,30,1,13,9,3,5,-1,5,PRIORITY - RUNAWAY,200,src/main/java/edu/cmu/px4/mavsdk/case_study/boundary_runaway/main/model/bound_original.stl,src/main/java/edu/cmu/px4/mavsdk/case_study/boundary_runaway/main/model/run_original.stl,src/main/java/edu/cmu/px4/mavsdk/case_study/boundary_runaway/main/model/runbound.stl,2,2
09-27-2022_21-06-36,09-27-2022_21-08-33,PRIORITY - RUNAWAY,5,experiments/config/bound,run/randomized,config/config,61,ini,,-10,71,6.010050251,1196,-15,18,3.663316583,729,9.673366834,NaN,NaN,NaN,-99999,99999,NaN,0,-99999,99999,NaN,0,0,0,0,0,77,33,28,1,8,9,2,4,4,-15,PRIORITY - RUNAWAY,200,src/main/java/edu/cmu/px4/mavsdk/case_study/boundary_runaway/main/model/bound_original.stl,src/main/java/edu/cmu/px4/mavsdk/case_study/boundary_runaway/main/model/run_original.stl,src/main/java/edu/cmu/px4/mavsdk/case_study/boundary_runaway/main/model/runbound.stl,2,2
09-27-2022_21-10-34,09-27-2022_21-12-31,PRIORITY - RUNAWAY,6,experiments/config/bound,run/randomized,config/config,62,ini,,-6,76,13.01507538,2590,-6,18,3.271356784,651,16.28643216,NaN,NaN,NaN,-99999,99999,NaN,0,-99999,99999,NaN,0,0,0,0,0,73,19,21,2,4,9,1,2,5,-10,PRIORITY - RUNAWAY,200,src/main/java/edu/cmu/px4/mavsdk/case_study/boundary_runaway/main/model/bound_original.stl,src/main/java/edu/cmu/px4/mavsdk/case_study/boundary_runaway/main/model/run_original.stl,src/main/java/edu/cmu/px4/mavsdk/case_study/boundary_runaway/main/model/runbound.stl,2,2
09-27-2022_21-14-33,09-27-2022_21-16-29,PRIORITY - RUNAWAY,8,experiments/config/bound,run/randomized,config/config,63,ini,,-9,54,5.155778894,1026,-44,15,-4.040201005,-804,1.115577889,NaN,NaN,NaN,-99999,99999,NaN,0,-99999,99999,NaN,0,0,0,0,0,64,68,29,4,12,9,8,11,-5,-15,PRIORITY - RUNAWAY,200,src/main/java/edu/cmu/px4/mavsdk/case_study/boundary_runaway/main/model/bound_original.stl,src/main/java/edu/cmu/px4/mavsdk/case_study/boundary_runaway/main/model/run_original.stl,src/main/java/edu/cmu/px4/mavsdk/case_study/boundary_runaway/main/model/runbound.stl,2,2
09-27-2022_21-18-30,09-27-2022_21-20-27,PRIORITY - RUNAWAY,0,experiments/config/bound,run/randomized,config/config,64,ini,,39,108,75.03517588,14932,-6,8,1.236180905,246,76.27135679,NaN,NaN,NaN,-99999,99999,NaN,0,-99999,99999,NaN,0,0,0,0,0,0,78,0,9,12,9,7,10,18,-12,PRIORITY - RUNAWAY,200,src/main/java/edu/cmu/px4/mavsdk/case_study/boundary_runaway/main/model/bound_original.stl,src/main/java/edu/cmu/px4/mavsdk/case_study/boundary_runaway/main/model/run_original.stl,src/main/java/edu/cmu/px4/mavsdk/case_study/boundary_runaway/main/model/runbound.stl,2,2
09-27-2022_21-22-29,09-27-2022_21-24-28,PRIORITY - RUNAWAY,1,experiments/config/bound,run/randomized,config/config,65,ini,,-9,76,8.668341709,1725,-10,16,3.211055276,639,11.87939699,NaN,NaN,NaN,-99999,99999,NaN,0,-99999,99999,NaN,0,0,0,0,0,77,30,24,0,5,9,1,3,-5,-15,PRIORITY - RUNAWAY,200,src/main/java/edu/cmu/px4/mavsdk/case_study/boundary_runaway/main/model/bound_original.stl,src/main/java/edu/cmu/px4/mavsdk/case_study/boundary_runaway/main/model/run_original.stl,src/main/java/edu/cmu/px4/mavsdk/case_study/boundary_runaway/main/model/runbound.stl,2,2
09-27-2022_21-26-27,09-27-2022_21-28-24,PRIORITY - RUNAWAY,2,experiments/config/bound,run/randomized,config/config,66,ini,,-9,35,10.59798995,2109,-17,18,-0.271356784,-54,10.32663317,NaN,NaN,NaN,-99999,99999,NaN,0,-99999,99999,NaN,0,0,0,0,0,38,76,26,8,14,9,10,11,-2,3,PRIORITY - RUNAWAY,200,src/main/java/edu/cmu/px4/mavsdk/case_study/boundary_runaway/main/model/bound_original.stl,src/main/java/edu/cmu/px4/mavsdk/case_study/boundary_runaway/main/model/run_original.stl,src/main/java/edu/cmu/px4/mavsdk/case_study/boundary_runaway/main/model/runbound.stl,2,2
09-27-2022_21-37-07,09-27-2022_21-39-04,PRIORITY - BOUNDARY,8,experiments/config/bound,run/randomized,config/config,67,ini,,-10,42,4.492462312,894,-6,18,3.964824121,789,8.457286433,NaN,NaN,NaN,-99999,99999,NaN,0,-99999,99999,NaN,0,0,0,0,0,48,55,29,4,8,9,6,7,-7,17,PRIORITY - BOUNDARY,200,src/main/java/edu/cmu/px4/mavsdk/case_study/boundary_runaway/main/model/bound_original.stl,src/main/java/edu/cmu/px4/mavsdk/case_study/boundary_runaway/main/model/run_original.stl,src/main/java/edu/cmu/px4/mavsdk/case_study/boundary_runaway/main/model/runbound.stl,2,2
09-27-2022_21-51-50,09-27-2022_21-53-46,PRIORITY - BOUNDARY,0,experiments/config/bound,run/randomized,config/config,68,ini,,-8,35,9.442211055,1879,-12,18,1.939698492,386,11.38190955,NaN,NaN,NaN,-99999,99999,NaN,0,-99999,99999,NaN,0,0,0,0,0,29,80,25,6,14,9,11,12,-15,14,PRIORITY - BOUNDARY,200,src/main/java/edu/cmu/px4/mavsdk/case_study/boundary_runaway/main/model/bound_original.stl,src/main/java/edu/cmu/px4/mavsdk/case_study/boundary_runaway/main/model/run_original.stl,src/main/java/edu/cmu/px4/mavsdk/case_study/boundary_runaway/main/model/runbound.stl,2,2
09-26-2022_08-25-48,09-26-2022_08-27-45,PRIORITY - BOUNDARY,1,experiments/config/bound,run/randomized,config/config,69,ini,,-9,52,6.030150754,1200,-15,18,3.477386935,692,9.507537689,NaN,NaN,NaN,-99999,99999,NaN,0,-99999,99999,NaN,0,0,0,0,0,45,52,22,5,13,9,3,5,-1,5,PRIORITY - BOUNDARY,200,src/main/java/edu/cmu/px4/mavsdk/case_study/boundary_runaway/main/model/bound_original.stl,src/main/java/edu/cmu/px4/mavsdk/case_study/boundary_runaway/main/model/run_original.stl,src/main/java/edu/cmu/px4/mavsdk/case_study/boundary_runaway/main/model/runbound.stl,2,2
09-27-2022_21-55-48,09-27-2022_21-57-44,PRIORITY - BOUNDARY,2,experiments/config/bound,run/randomized,config/config,70,ini,,-10,46,5.391959799,1073,-11,18,3.371859296,671,8.763819095,NaN,NaN,NaN,-99999,99999,NaN,0,-99999,99999,NaN,0,0,0,0,0,49,55,37,6,10,9,6,9,-7,-14,PRIORITY - BOUNDARY,200,src/main/java/edu/cmu/px4/mavsdk/case_study/boundary_runaway/main/model/bound_original.stl,src/main/java/edu/cmu/px4/mavsdk/case_study/boundary_runaway/main/model/run_original.stl,src/main/java/edu/cmu/px4/mavsdk/case_study/boundary_runaway/main/model/runbound.stl,2,2
09-27-2022_21-59-47,09-27-2022_22-01-44,PRIORITY - BOUNDARY,3,experiments/config/bound,run/randomized,config/config,71,ini,,-9,61,4.859296482,967,-15,19,2.522613065,502,7.381909547,NaN,NaN,NaN,-99999,99999,NaN,0,-99999,99999,NaN,0,0,0,0,0,49,63,32,2,12,9,5,6,11,-18,PRIORITY - BOUNDARY,200,src/main/java/edu/cmu/px4/mavsdk/case_study/boundary_runaway/main/model/bound_original.stl,src/main/java/edu/cmu/px4/mavsdk/case_study/boundary_runaway/main/model/run_original.stl,src/main/java/edu/cmu/px4/mavsdk/case_study/boundary_runaway/main/model/runbound.stl,2,2
09-27-2022_22-03-45,09-27-2022_22-05-42,PRIORITY - BOUNDARY,4,experiments/config/bound,run/randomized,config/config,72,ini,,-8,63,8.457286432,1683,-15,16,4.361809045,868,12.81909548,NaN,NaN,NaN,-99999,99999,NaN,0,-99999,99999,NaN,0,0,0,0,0,49,49,27,3,14,9,2,4,3,0,PRIORITY - BOUNDARY,200,src/main/java/edu/cmu/px4/mavsdk/case_study/boundary_runaway/main/model/bound_original.stl,src/main/java/edu/cmu/px4/mavsdk/case_study/boundary_runaway/main/model/run_original.stl,src/main/java/edu/cmu/px4/mavsdk/case_study/boundary_runaway/main/model/runbound.stl,2,2
09-27-2022_22-11-59,09-27-2022_22-14-18,PRIORITY - BOUNDARY,5,experiments/config/bound,run/randomized,config/config,73,ini,,-10,115,35.38693467,7042,-72,19,-6.105527638,-1215,29.28140703,NaN,NaN,NaN,-99999,99999,NaN,0,-99999,99999,NaN,0,0,0,0,0,10,100,9,8,14,9,8,13,-3,7,PRIORITY - BOUNDARY,200,src/main/java/edu/cmu/px4/mavsdk/case_study/boundary_runaway/main/model/bound_original.stl,src/main/java/edu/cmu/px4/mavsdk/case_study/boundary_runaway/main/model/run_original.stl,src/main/java/edu/cmu/px4/mavsdk/case_study/boundary_runaway/main/model/runbound.stl,2,2
09-27-2022_23-04-21,09-27-2022_23-06-17,PRIORITY - BOUNDARY,6,experiments/config/bound,run/randomized,config/config,74,ini,,-10,39,9.417085427,1874,-11,13,0.43718593,87,9.854271357,NaN,NaN,NaN,-99999,99999,NaN,0,-99999,99999,NaN,0,0,0,0,0,19,92,24,8,14,9,11,12,-16,-15,PRIORITY - BOUNDARY,200,src/main/java/edu/cmu/px4/mavsdk/case_study/boundary_runaway/main/model/bound_original.stl,src/main/java/edu/cmu/px4/mavsdk/case_study/boundary_runaway/main/model/run_original.stl,src/main/java/edu/cmu/px4/mavsdk/case_study/boundary_runaway/main/model/runbound.stl,2,2
09-26-2022_06-08-20,09-26-2022_06-10-16,PRIORITY - RUNAWAY,9,experiments/config/bound,run/randomized,config/config,75,ini,,-7,61,8.909547739,1773,-23,17,1.728643216,344,10.63819096,NaN,NaN,NaN,-99999,99999,NaN,0,-99999,99999,NaN,0,0,0,0,0,58,43,13,1,14,9,2,4,3,0,PRIORITY - RUNAWAY,200,src/main/java/edu/cmu/px4/mavsdk/case_study/boundary_runaway/main/model/bound_original.stl,src/main/java/edu/cmu/px4/mavsdk/case_study/boundary_runaway/main/model/run_original.stl,src/main/java/edu/cmu/px4/mavsdk/case_study/boundary_runaway/main/model/runbound.stl,2,2
09-26-2022_06-12-59,09-26-2022_06-14-55,PRIORITY - RUNAWAY,0,experiments/config/bound,run/randomized,config/config,76,ini,,-9,33,9.246231156,1840,-19,17,0.085427136,17,9.331658292,NaN,NaN,NaN,-99999,99999,NaN,0,-99999,99999,NaN,0,0,0,0,0,41,66,15,8,14,9,8,13,-3,7,PRIORITY - RUNAWAY,200,src/main/java/edu/cmu/px4/mavsdk/case_study/boundary_runaway/main/model/bound_original.stl,src/main/java/edu/cmu/px4/mavsdk/case_study/boundary_runaway/main/model/run_original.stl,src/main/java/edu/cmu/px4/mavsdk/case_study/boundary_runaway/main/model/runbound.stl,2,2
09-26-2022_06-25-25,09-26-2022_06-27-20,PRIORITY - RUNAWAY,2,experiments/config/bound,run/randomized,config/config,77,ini,,-10,33,5.969849246,1188,-16,15,1,199,6.969849246,NaN,NaN,NaN,-99999,99999,NaN,0,-99999,99999,NaN,0,0,0,0,0,52,60,28,5,12,9,6,11,13,-4,PRIORITY - RUNAWAY,200,src/main/java/edu/cmu/px4/mavsdk/case_study/boundary_runaway/main/model/bound_original.stl,src/main/java/edu/cmu/px4/mavsdk/case_study/boundary_runaway/main/model/run_original.stl,src/main/java/edu/cmu/px4/mavsdk/case_study/boundary_runaway/main/model/runbound.stl,2,2
09-26-2022_06-30-08,09-26-2022_06-32-05,PRIORITY - RUNAWAY,3,experiments/config/bound,run/randomized,config/config,78,ini,,-9,51,3.175879397,632,-29,17,-2.16080402,-430,1.015075377,NaN,NaN,NaN,-99999,99999,NaN,0,-99999,99999,NaN,0,0,0,0,0,82,51,15,2,9,9,3,7,9,-12,PRIORITY - RUNAWAY,200,src/main/java/edu/cmu/px4/mavsdk/case_study/boundary_runaway/main/model/bound_original.stl,src/main/java/edu/cmu/px4/mavsdk/case_study/boundary_runaway/main/model/run_original.stl,src/main/java/edu/cmu/px4/mavsdk/case_study/boundary_runaway/main/model/runbound.stl,2,2
09-26-2022_06-58-06,09-26-2022_07-00-01,PRIORITY - RUNAWAY,7,experiments/config/bound,run/randomized,config/config,79,ini,,-10,34,5.105527638,1016,-63,17,-3.547738693,-706,1.557788945,NaN,NaN,NaN,-99999,99999,NaN,0,-99999,99999,NaN,0,0,0,0,0,72,58,29,2,10,9,4,9,11,19,PRIORITY - RUNAWAY,200,src/main/java/edu/cmu/px4/mavsdk/case_study/boundary_runaway/main/model/bound_original.stl,src/main/java/edu/cmu/px4/mavsdk/case_study/boundary_runaway/main/model/run_original.stl,src/main/java/edu/cmu/px4/mavsdk/case_study/boundary_runaway/main/model/runbound.stl,2,2
09-26-2022_07-10-34,09-26-2022_07-12-30,PRIORITY - RUNAWAY,9,experiments/config/bound,run/randomized,config/config,80,ini,,-9,57,5.125628141,1020,-15,18,2.371859296,472,7.497487437,NaN,NaN,NaN,-99999,99999,NaN,0,-99999,99999,NaN,0,0,0,0,0,100,34,18,1,6,9,2,4,0,11,PRIORITY - RUNAWAY,200,src/main/java/edu/cmu/px4/mavsdk/case_study/boundary_runaway/main/model/bound_original.stl,src/main/java/edu/cmu/px4/mavsdk/case_study/boundary_runaway/main/model/run_original.stl,src/main/java/edu/cmu/px4/mavsdk/case_study/boundary_runaway/main/model/runbound.stl,2,2
09-26-2022_07-38-36,09-26-2022_07-40-32,PRIORITY - RUNAWAY,3,experiments/config/bound,run/randomized,config/config,81,ini,,-9,74,12.71356784,2530,-20,19,3.105527638,618,15.81909548,NaN,NaN,NaN,-99999,99999,NaN,0,-99999,99999,NaN,0,0,0,0,0,50,33,20,1,11,9,2,3,-15,-2,PRIORITY - RUNAWAY,200,src/main/java/edu/cmu/px4/mavsdk/case_study/boundary_runaway/main/model/bound_original.stl,src/main/java/edu/cmu/px4/mavsdk/case_study/boundary_runaway/main/model/run_original.stl,src/main/java/edu/cmu/px4/mavsdk/case_study/boundary_runaway/main/model/runbound.stl,2,2
09-26-2022_07-46-25,09-26-2022_07-48-22,PRIORITY - RUNAWAY,4,experiments/config/bound,run/randomized,config/config,82,ini,,-9,50,6.155778894,1225,-35,17,-5.487437186,-1092,0.668341708,NaN,NaN,NaN,-99999,99999,NaN,0,-99999,99999,NaN,0,0,0,0,0,61,76,13,4,10,9,5,8,7,-20,PRIORITY - RUNAWAY,200,src/main/java/edu/cmu/px4/mavsdk/case_study/boundary_runaway/main/model/bound_original.stl,src/main/java/edu/cmu/px4/mavsdk/case_study/boundary_runaway/main/model/run_original.stl,src/main/java/edu/cmu/px4/mavsdk/case_study/boundary_runaway/main/model/runbound.stl,2,2
09-26-2022_07-51-08,09-26-2022_07-53-05,PRIORITY - RUNAWAY,5,experiments/config/bound,run/randomized,config/config,83,ini,,-9,41,8.391959799,1670,-14,17,1.286432161,256,9.67839196,NaN,NaN,NaN,-99999,99999,NaN,0,-99999,99999,NaN,0,0,0,0,0,46,66,28,5,13,9,8,10,6,-18,PRIORITY - RUNAWAY,200,src/main/java/edu/cmu/px4/mavsdk/case_study/boundary_runaway/main/model/bound_original.stl,src/main/java/edu/cmu/px4/mavsdk/case_study/boundary_runaway/main/model/run_original.stl,src/main/java/edu/cmu/px4/mavsdk/case_study/boundary_runaway/main/model/runbound.stl,2,2
09-26-2022_08-00-45,09-26-2022_08-02-43,PRIORITY - BOUNDARY,7,experiments/config/bound,run/randomized,config/config,84,ini,,-9,57,3.477386935,692,-8,18,4.145728643,825,7.623115578,NaN,NaN,NaN,-99999,99999,NaN,0,-99999,99999,NaN,0,0,0,0,0,68,51,29,2,7,9,4,6,20,-9,PRIORITY - BOUNDARY,200,src/main/java/edu/cmu/px4/mavsdk/case_study/boundary_runaway/main/model/bound_original.stl,src/main/java/edu/cmu/px4/mavsdk/case_study/boundary_runaway/main/model/run_original.stl,src/main/java/edu/cmu/px4/mavsdk/case_study/boundary_runaway/main/model/runbound.stl,2,2
09-26-2022_08-13-19,09-26-2022_08-15-16,PRIORITY - BOUNDARY,9,experiments/config/bound,run/randomized,config/config,85,ini,,-9,38,11.01507538,2192,-9,17,2.27638191,453,13.29145729,NaN,NaN,NaN,-99999,99999,NaN,0,-99999,99999,NaN,0,0,0,0,0,32,76,24,9,14,9,9,11,0,-19,PRIORITY - BOUNDARY,200,src/main/java/edu/cmu/px4/mavsdk/case_study/boundary_runaway/main/model/bound_original.stl,src/main/java/edu/cmu/px4/mavsdk/case_study/boundary_runaway/main/model/run_original.stl,src/main/java/edu/cmu/px4/mavsdk/case_study/boundary_runaway/main/model/runbound.stl,2,2
09-26-2022_08-46-06,09-26-2022_08-48-02,PRIORITY - BOUNDARY,4,experiments/config/bound,run/randomized,config/config,86,ini,,-8,61,8.010050251,1594,-12,18,5.195979899,1034,13.20603015,NaN,NaN,NaN,-99999,99999,NaN,0,-99999,99999,NaN,0,0,0,0,0,49,39,20,1,14,9,2,4,3,0,PRIORITY - BOUNDARY,200,src/main/java/edu/cmu/px4/mavsdk/case_study/boundary_runaway/main/model/bound_original.stl,src/main/java/edu/cmu/px4/mavsdk/case_study/boundary_runaway/main/model/run_original.stl,src/main/java/edu/cmu/px4/mavsdk/case_study/boundary_runaway/main/model/runbound.stl,2,2
09-26-2022_09-06-23,09-26-2022_09-08-19,PRIORITY - BOUNDARY,7,experiments/config/bound,run/randomized,config/config,87,ini,,-10,32,6.211055276,1236,-12,15,3.055276382,608,9.266331658,NaN,NaN,NaN,-99999,99999,NaN,0,-99999,99999,NaN,0,0,0,0,0,33,60,24,7,12,9,6,11,13,-4,PRIORITY - BOUNDARY,200,src/main/java/edu/cmu/px4/mavsdk/case_study/boundary_runaway/main/model/bound_original.stl,src/main/java/edu/cmu/px4/mavsdk/case_study/boundary_runaway/main/model/run_original.stl,src/main/java/edu/cmu/px4/mavsdk/case_study/boundary_runaway/main/model/runbound.stl,2,2
09-26-2022_09-11-06,09-26-2022_09-13-04,PRIORITY - BOUNDARY,8,experiments/config/bound,run/randomized,config/config,88,ini,,-10,52,2.984924623,594,-10,18,5.24120603,1043,8.226130653,NaN,NaN,NaN,-99999,99999,NaN,0,-99999,99999,NaN,0,0,0,0,0,72,41,30,2,9,9,3,7,9,-12,PRIORITY - BOUNDARY,200,src/main/java/edu/cmu/px4/mavsdk/case_study/boundary_runaway/main/model/bound_original.stl,src/main/java/edu/cmu/px4/mavsdk/case_study/boundary_runaway/main/model/run_original.stl,src/main/java/edu/cmu/px4/mavsdk/case_study/boundary_runaway/main/model/runbound.stl,2,2
09-26-2022_09-15-56,09-26-2022_09-17-53,PRIORITY - BOUNDARY,9,experiments/config/bound,run/randomized,config/config,89,ini,,-9,71,5.346733668,1064,-6,18,4.959798995,987,10.30653266,NaN,NaN,NaN,-99999,99999,NaN,0,-99999,99999,NaN,0,0,0,0,0,63,42,23,3,8,9,3,4,10,-14,PRIORITY - BOUNDARY,200,src/main/java/edu/cmu/px4/mavsdk/case_study/boundary_runaway/main/model/bound_original.stl,src/main/java/edu/cmu/px4/mavsdk/case_study/boundary_runaway/main/model/run_original.stl,src/main/java/edu/cmu/px4/mavsdk/case_study/boundary_runaway/main/model/runbound.stl,2,2
09-26-2022_09-20-44,09-26-2022_09-22-41,PRIORITY - BOUNDARY,0,experiments/config/bound,run/randomized,config/config,90,ini,,-9,71,6.361809045,1266,-6,19,5.432160804,1081,11.79396985,NaN,NaN,NaN,-99999,99999,NaN,0,-99999,99999,NaN,0,0,0,0,0,67,35,22,1,8,9,2,4,4,-15,PRIORITY - BOUNDARY,200,src/main/java/edu/cmu/px4/mavsdk/case_study/boundary_runaway/main/model/bound_original.stl,src/main/java/edu/cmu/px4/mavsdk/case_study/boundary_runaway/main/model/run_original.stl,src/main/java/edu/cmu/px4/mavsdk/case_study/boundary_runaway/main/model/runbound.stl,2,2
09-26-2022_09-25-33,09-26-2022_09-27-30,PRIORITY - BOUNDARY,1,experiments/config/bound,run/randomized,config/config,91,ini,,-7,81,13.15577889,2618,-3,15,4.623115578,920,17.77889447,NaN,NaN,NaN,-99999,99999,NaN,0,-99999,99999,NaN,0,0,0,0,0,68,19,14,2,4,9,1,2,5,-10,PRIORITY - BOUNDARY,200,src/main/java/edu/cmu/px4/mavsdk/case_study/boundary_runaway/main/model/bound_original.stl,src/main/java/edu/cmu/px4/mavsdk/case_study/boundary_runaway/main/model/run_original.stl,src/main/java/edu/cmu/px4/mavsdk/case_study/boundary_runaway/main/model/runbound.stl,2,2
09-26-2022_09-30-19,09-26-2022_09-32-16,PRIORITY - BOUNDARY,2,experiments/config/bound,run/randomized,config/config,92,ini,,-10,32,4.331658291,862,-8,16,4.206030151,837,8.537688442,NaN,NaN,NaN,-99999,99999,NaN,0,-99999,99999,NaN,0,0,0,0,0,51,50,31,3,10,9,4,9,11,19,PRIORITY - BOUNDARY,200,src/main/java/edu/cmu/px4/mavsdk/case_study/boundary_runaway/main/model/bound_original.stl,src/main/java/edu/cmu/px4/mavsdk/case_study/boundary_runaway/main/model/run_original.stl,src/main/java/edu/cmu/px4/mavsdk/case_study/boundary_runaway/main/model/runbound.stl,2,2
09-26-2022_09-35-06,09-26-2022_09-37-01,PRIORITY - BOUNDARY,3,experiments/config/bound,run/randomized,config/config,93,ini,,-10,41,7.703517588,1533,-14,18,2.492462312,496,10.1959799,NaN,NaN,NaN,-99999,99999,NaN,0,-99999,99999,NaN,0,0,0,0,0,36,74,26,4,12,9,8,11,-5,-15,PRIORITY - BOUNDARY,200,src/main/java/edu/cmu/px4/mavsdk/case_study/boundary_runaway/main/model/bound_original.stl,src/main/java/edu/cmu/px4/mavsdk/case_study/boundary_runaway/main/model/run_original.stl,src/main/java/edu/cmu/px4/mavsdk/case_study/boundary_runaway/main/model/runbound.stl,2,2
09-26-2022_09-39-47,09-26-2022_09-41-44,PRIORITY - BOUNDARY,4,experiments/config/bound,run/randomized,config/config,94,ini,,-10,56,5.366834171,1068,-7,17,6.015075377,1197,11.38190955,NaN,NaN,NaN,-99999,99999,NaN,0,-99999,99999,NaN,0,0,0,0,0,72,30,26,1,6,9,2,4,0,11,PRIORITY - BOUNDARY,200,src/main/java/edu/cmu/px4/mavsdk/case_study/boundary_runaway/main/model/bound_original.stl,src/main/java/edu/cmu/px4/mavsdk/case_study/boundary_runaway/main/model/run_original.stl,src/main/java/edu/cmu/px4/mavsdk/case_study/boundary_runaway/main/model/runbound.stl,2,2
09-27-2022_23-08-25,09-27-2022_23-10-21,PRIORITY - BOUNDARY,5,experiments/config/bound,run/randomized,config/config,95,ini,,-10,35,4.849246231,965,-10,19,3.055276382,608,7.904522613,NaN,NaN,NaN,-99999,99999,NaN,0,-99999,99999,NaN,0,0,0,0,0,37,69,13,6,12,9,7,10,18,-12,PRIORITY - BOUNDARY,200,src/main/java/edu/cmu/px4/mavsdk/case_study/boundary_runaway/main/model/bound_original.stl,src/main/java/edu/cmu/px4/mavsdk/case_study/boundary_runaway/main/model/run_original.stl,src/main/java/edu/cmu/px4/mavsdk/case_study/boundary_runaway/main/model/runbound.stl,2,2
09-27-2022_22-34-53,09-27-2022_22-36-49,PRIORITY - BOUNDARY,6,experiments/config/bound,run/randomized,config/config,96,ini,,-9,75,7.914572864,1575,-6,18,6.56281407,1306,14.47738693,NaN,NaN,NaN,-99999,99999,NaN,0,-99999,99999,NaN,0,0,0,0,0,73,30,26,1,5,9,1,3,-5,-15,PRIORITY - BOUNDARY,200,src/main/java/edu/cmu/px4/mavsdk/case_study/boundary_runaway/main/model/bound_original.stl,src/main/java/edu/cmu/px4/mavsdk/case_study/boundary_runaway/main/model/run_original.stl,src/main/java/edu/cmu/px4/mavsdk/case_study/boundary_runaway/main/model/runbound.stl,2,2
09-26-2022_10-00-04,09-26-2022_10-02-01,PRIORITY - BOUNDARY,7,experiments/config/bound,run/randomized,config/config,97,ini,,-8,37,11.39698492,2268,-12,18,1.949748744,388,13.34673366,NaN,NaN,NaN,-99999,99999,NaN,0,-99999,99999,NaN,0,0,0,0,0,24,82,22,9,14,9,10,11,-2,3,PRIORITY - BOUNDARY,200,src/main/java/edu/cmu/px4/mavsdk/case_study/boundary_runaway/main/model/bound_original.stl,src/main/java/edu/cmu/px4/mavsdk/case_study/boundary_runaway/main/model/run_original.stl,src/main/java/edu/cmu/px4/mavsdk/case_study/boundary_runaway/main/model/runbound.stl,2,2
09-26-2022_10-04-51,09-26-2022_10-06-48,PRIORITY - BOUNDARY,8,experiments/config/bound,run/randomized,config/config,98,ini,,-9,71,11.90954774,2370,-15,19,5.115577889,1018,17.02512563,NaN,NaN,NaN,-99999,99999,NaN,0,-99999,99999,NaN,0,0,0,0,0,44,36,18,1,11,9,2,3,-15,-2,PRIORITY - BOUNDARY,200,src/main/java/edu/cmu/px4/mavsdk/case_study/boundary_runaway/main/model/bound_original.stl,src/main/java/edu/cmu/px4/mavsdk/case_study/boundary_runaway/main/model/run_original.stl,src/main/java/edu/cmu/px4/mavsdk/case_study/boundary_runaway/main/model/runbound.stl,2,2
09-26-2022_10-09-39,09-26-2022_10-11-35,PRIORITY - BOUNDARY,9,experiments/config/bound,run/randomized,config/config,99,ini,,-9,51,3.150753769,627,-12,18,2.75879397,549,5.909547739,NaN,NaN,NaN,-99999,99999,NaN,0,-99999,99999,NaN,0,0,0,0,0,59,68,31,1,10,9,5,8,7,-20,PRIORITY - BOUNDARY,200,src/main/java/edu/cmu/px4/mavsdk/case_study/boundary_runaway/main/model/bound_original.stl,src/main/java/edu/cmu/px4/mavsdk/case_study/boundary_runaway/main/model/run_original.stl,src/main/java/edu/cmu/px4/mavsdk/case_study/boundary_runaway/main/model/runbound.stl,2,2
09-26-2022_15-34-21,09-26-2022_15-36-16,PRIORITY - RUNAWAY,0,experiments/config/bound,run/randomized,config/config,100,ini,,-10,41,6.51758794,1297,-19,18,0.261306533,52,6.778894473,NaN,NaN,NaN,-99999,99999,NaN,0,-99999,99999,NaN,0,0,0,0,0,47,74,35,4,13,9,8,10,6,-18,PRIORITY - RUNAWAY,200,src/main/java/edu/cmu/px4/mavsdk/case_study/boundary_runaway/main/model/bound_original.stl,src/main/java/edu/cmu/px4/mavsdk/case_study/boundary_runaway/main/model/run_original.stl,src/main/java/edu/cmu/px4/mavsdk/case_study/boundary_runaway/main/model/runbound.stl,2,2
,,,,,,,,,,,,,,,,,,,,,,,,,,,,,,,,,,,,,,,,,,,,,,,,,,
,,,,,,,,,,,,,,,,,,,,,,,,,,,,,,,,,,,,,,,,,,,,,,,,,,
,,,,,,,,,,,,,,,,,,,,,,,,,,,,,,,,,,,,,,,,,,,,,,,,,,
,,,,,,,,,,,,,,,,,,,,,,,,,,,,,,,,,,,,,,,,,,,,,,,,,,
,,,,,,,,,,,,,,,,,,,,,,,,,,,,,,,,,,,,,,,,,,,,,,,,,,
,,,,,,,,,,,,,,,,,,,,,,,,,,,,,,,,,,,,,,,,,,,,,,,,,,
,,,,,,,,,,,,,,,,,,,,,,,,,,,,,,,,,,,,,,,,,,,,,,,,,,
,,,,,,,,,,,,,,,,,,,,,,,,,,,,,,,,,,,,,,,,,,,,,,,,,,
,,,,,,,,,,,,,,,,,,,,,,,,,,,,,,,,,,,,,,,,,,,,,,,,,,
,,,,,,,,,,,,,,,,,,,,,,,,,,,,,,,,,,,,,,,,,,,,,,,,,,
,,,,,,,,,,,,,,,,,,,,,,,,,,,,,,,,,,,,,,,,,,,,,,,,,,
,,,,,,,,,,,,,,,,,,,,,,,,,,,,,,,,,,,,,,,,,,,,,,,,,,
,,,,,,,,,,,,,,,,,,,,,,,,,,,,,,,,,,,,,,,,,,,,,,,,,,
,,,,,,,,,,,,,,,,,,,,,,,,,,,,,,,,,,,,,,,,,,,,,,,,,,
,,,,,,,,,,,,,,,,,,,,,,,,,,,,,,,,,,,,,,,,,,,,,,,,,,
,,,,,,,,,,,,,,,,,,,,,,,,,,,,,,,,,,,,,,,,,,,,,,,,,,
,,,,,,,,,,,,,,,,,,,,,,,,,,,,,,,,,,,,,,,,,,,,,,,,,,
,,,,,,,,,,,,,,,,,,,,,,,,,,,,,,,,,,,,,,,,,,,,,,,,,,
,,,,,,,,,,,,,,,,,,,,,,,,,,,,,,,,,,,,,,,,,,,,,,,,,,
,,,,,,,,,,,,,,,,,,,,,,,,,,,,,,,,,,,,,,,,,,,,,,,,,,
,,,,,,,,,,,,,,,,,,,,,,,,,,,,,,,,,,,,,,,,,,,,,,,,,,
,,,,,,,,,,,,,,,,,,,,,,,,,,,,,,,,,,,,,,,,,,,,,,,,,,
,,,,,,,,,,,,,,,,,,,,,,,,,,,,,,,,,,,,,,,,,,,,,,,,,,
,,,,,,,,,,,,,,,,,,,,,,,,,,,,,,,,,,,,,,,,,,,,,,,,,,
,,,,,,,,,,,,,,,,,,,,,,,,,,,,,,,,,,,,,,,,,,,,,,,,,,
,,,,,,,,,,,,,,,,,,,,,,,,,,,,,,,,,,,,,,,,,,,,,,,,,,
,,,,,,,,,,,,,,,,,,,,,,,,,,,,,,,,,,,,,,,,,,,,,,,,,,
,,,,,,,,,,,,,,,,,,,,,,,,,,,,,,,,,,,,,,,,,,,,,,,,,,
,,,,,,,,,,,,,,,,,,,,,,,,,,,,,,,,,,,,,,,,,,,,,,,,,,
,,,,,,,,,,,,,,,,,,,,,,,,,,,,,,,,,,,,,,,,,,,,,,,,,,
,,,,,,,,,,,,,,,,,,,,,,,,,,,,,,,,,,,,,,,,,,,,,,,,,,
,,,,,,,,,,,,,,,,,,,,,,,,,,,,,,,,,,,,,,,,,,,,,,,,,,
,,,,,,,,,,,,,,,,,,,,,,,,,,,,,,,,,,,,,,,,,,,,,,,,,,
,,,,,,,,,,,,,,,,,,,,,,,,,,,,,,,,,,,,,,,,,,,,,,,,,,
,,,,,,,,,,,,,,,,,,,,,,,,,,,,,,,,,,,,,,,,,,,,,,,,,,
,,,,,,,,,,,,,,,,,,,,,,,,,,,,,,,,,,,,,,,,,,,,,,,,,,
,,,,,,,,,,,,,,,,,,,,,,,,,,,,,,,,,,,,,,,,,,,,,,,,,,
,,,,,,,,,,,,,,,,,,,,,,,,,,,,,,,,,,,,,,,,,,,,,,,,,,
,,,,,,,,,,,,,,,,,,,,,,,,,,,,,,,,,,,,,,,,,,,,,,,,,,
,,,,,,,,,,,,,,,,,,,,,,,,,,,,,,,,,,,,,,,,,,,,,,,,,,
,,,,,,,,,,,,,,,,,,,,,,,,,,,,,,,,,,,,,,,,,,,,,,,,,,
,,,,,,,,,,,,,,,,,,,,,,,,,,,,,,,,,,,,,,,,,,,,,,,,,,
,,,,,,,,,,,,,,,,,,,,,,,,,,,,,,,,,,,,,,,,,,,,,,,,,,
,,,,,,,,,,,,,,,,,,,,,,,,,,,,,,,,,,,,,,,,,,,,,,,,,,
,,,,,,,,,,,,,,,,,,,,,,,,,,,,,,,,,,,,,,,,,,,,,,,,,,
,,,,,,,,,,,,,,,,,,,,,,,,,,,,,,,,,,,,,,,,,,,,,,,,,,
,,,,,,,,,,,,,,,,,,,,,,,,,,,,,,,,,,,,,,,,,,,,,,,,,,
,,,,,,,,,,,,,,,,,,,,,,,,,,,,,,,,,,,,,,,,,,,,,,,,,,
,,,,,,,,,,,,,,,,,,,,,,,,,,,,,,,,,,,,,,,,,,,,,,,,,,
,,,,,,,,,,,,,,,,,,,,,,,,,,,,,,,,,,,,,,,,,,,,,,,,,,
,,,,,,,,,,,,,,,,,,,,,,,,,,,,,,,,,,,,,,,,,,,,,,,,,,
,,,,,,,,,,,,,,,,,,,,,,,,,,,,,,,,,,,,,,,,,,,,,,,,,,
,,,,,,,,,,,,,,,,,,,,,,,,,,,,,,,,,,,,,,,,,,,,,,,,,,
,,,,,,,,,,,,,,,,,,,,,,,,,,,,,,,,,,,,,,,,,,,,,,,,,,
,,,,,,,,,,,,,,,,,,,,,,,,,,,,,,,,,,,,,,,,,,,,,,,,,,
,,,,,,,,,,,,,,,,,,,,,,,,,,,,,,,,,,,,,,,,,,,,,,,,,,
,,,,,,,,,,,,,,,,,,,,,,,,,,,,,,,,,,,,,,,,,,,,,,,,,,
,,,,,,,,,,,,,,,,,,,,,,,,,,,,,,,,,,,,,,,,,,,,,,,,,,
,,,,,,,,,,,,,,,,,,,,,,,,,,,,,,,,,,,,,,,,,,,,,,,,,,
,,,,,,,,,,,,,,,,,,,,,,,,,,,,,,,,,,,,,,,,,,,,,,,,,,
,,,,,,,,,,,,,,,,,,,,,,,,,,,,,,,,,,,,,,,,,,,,,,,,,,
,,,,,,,,,,,,,,,,,,,,,,,,,,,,,,,,,,,,,,,,,,,,,,,,,,
,,,,,,,,,,,,,,,,,,,,,,,,,,,,,,,,,,,,,,,,,,,,,,,,,,
,,,,,,,,,,,,,,,,,,,,,,,,,,,,,,,,,,,,,,,,,,,,,,,,,,
,,,,,,,,,,,,,,,,,,,,,,,,,,,,,,,,,,,,,,,,,,,,,,,,,,
,,,,,,,,,,,,,,,,,,,,,,,,,,,,,,,,,,,,,,,,,,,,,,,,,,
,,,,,,,,,,,,,,,,,,,,,,,,,,,,,,,,,,,,,,,,,,,,,,,,,,
,,,,,,,,,,,,,,,,,,,,,,,,,,,,,,,,,,,,,,,,,,,,,,,,,,